final_player_id,total_library_games,total_played_games,total_playtime_minutes,categorized_games,categorized_played_games,category_game_coverage,category_playtime_coverage,avg_playtime_per_played_game_minutes,games_combat,played_games_combat,games_exploration,played_games_exploration,games_strategic_reasoning,played_games_strategic_reasoning,games_shooter,played_games_shooter,games_melee,played_games_melee,games_action_other,played_games_action_other,games_open_world,played_games_open_world,games_narrative_exploration,played_games_narrative_exploration,games_investigation,played_games_investigation,games_logic_puzzle,played_games_logic_puzzle,games_planning_management,played_games_planning_management,games_strategy_decision,played_games_strategy_decision,games_observation_deduction,played_games_observation_deduction,game_share_combat,game_share_exploration,game_share_strategic_reasoning,played_game_share_combat,played_game_share_exploration,played_game_share_strategic_reasoning,has_recent_activity,recent_total_playtime_minutes,recent_active_games,recent_categorized_playtime_minutes,recent_categorized_active_games,recent_category_playtime_coverage,recent_active_games_combat,recent_active_games_exploration,recent_active_games_strategic_reasoning,recent_active_game_share_combat,recent_active_game_share_exploration,recent_active_game_share_strategic_reasoning,macro_target
general_final_0001,25,16,25968,19,11,0.76,0.963031,1623.0,7,6,7,2,5,3,2,2,0,0,1,0,0,0,4,1,3,1,1,1,2,1,2,1,0,0,0.3684210526315789,0.3684210526315789,0.2631578947368421,0.5454545454545454,0.1818181818181818,0.2727272727272727,1,300.0,6,299.0,5,0.9966666666666668,2,2,1,0.4,0.4,0.2,combat
general_final_0003,62,43,40847,50,37,0.806452,0.949715,949.930233,26,19,15,11,9,7,19,13,4,3,1,1,1,0,9,7,5,4,2,0,4,4,2,2,0,0,0.52,0.3,0.18,0.5135135135135135,0.2972972972972973,0.1891891891891892,1,4653.0,4,4653.0,4,1.0,1,1,2,0.25,0.25,0.5,strategic_reasoning
general_final_0008,154,110,228112,126,94,0.818182,0.927948,2073.745455,52,41,57,44,17,9,40,36,6,3,5,2,20,16,29,22,7,5,4,3,1,1,12,5,0,0,0.4126984126984127,0.4523809523809524,0.1349206349206349,0.4361702127659574,0.4680851063829787,0.0957446808510638,1,1147.0,4,909.0,3,0.7925021795989537,1,2,0,0.3333333333333333,0.6666666666666666,0.0,combat
general_final_0009,61,30,6985,49,21,0.803279,0.866428,232.833333,26,17,15,2,8,2,17,13,2,0,3,0,3,0,7,1,3,0,2,0,2,1,3,0,0,0,0.5306122448979592,0.3061224489795918,0.1632653061224489,0.8095238095238095,0.0952380952380952,0.0952380952380952,1,19.0,1,0.0,0,0.0,0,0,0,0.0,0.0,0.0,combat
general_final_0010,27,22,655039,23,18,0.851852,0.991016,29774.5,15,13,7,5,1,0,12,10,0,0,3,3,4,4,0,0,2,1,0,0,0,0,1,0,0,0,0.6521739130434783,0.3043478260869565,0.0434782608695652,0.7222222222222222,0.2777777777777778,0.0,1,2589.0,4,2589.0,4,1.0,3,1,0,0.75,0.25,0.0,combat
general_final_0011,43,34,51530,30,23,0.697674,0.866621,1515.588235,14,10,9,8,7,5,12,9,2,1,0,0,3,2,3,3,2,2,2,2,1,0,4,3,0,0,0.4666666666666667,0.3,0.2333333333333333,0.4347826086956521,0.3478260869565217,0.217391304347826,1,3049.0,12,1803.0,10,0.591341423417514,5,5,0,0.5,0.5,0.0,combat
general_final_0012,16,14,8934,11,11,0.6875,0.893889,638.142857,2,2,6,6,3,3,2,2,0,0,0,0,3,3,1,1,2,2,1,1,2,2,0,0,0,0,0.1818181818181818,0.5454545454545454,0.2727272727272727,0.1818181818181818,0.5454545454545454,0.2727272727272727,1,2475.0,8,2208.0,6,0.8921212121212121,2,4,0,0.3333333333333333,0.6666666666666666,0.0,combat
general_final_0013,10,8,7531,8,6,0.8,0.964414,941.375,1,1,4,3,3,2,1,1,0,0,0,0,1,1,3,2,0,0,2,2,0,0,1,0,0,0,0.125,0.5,0.375,0.1666666666666666,0.5,0.3333333333333333,1,289.0,4,289.0,4,1.0,1,2,1,0.25,0.5,0.25,exploration
general_final_0014,245,156,144417,202,128,0.82449,0.913154,925.75,52,26,75,51,75,51,37,17,4,4,9,4,10,4,33,22,30,24,31,23,3,3,29,21,9,2,0.2574257425742574,0.3712871287128713,0.3712871287128713,0.203125,0.3984375,0.3984375,1,52.0,2,50.0,1,0.9615384615384616,0,0,1,0.0,0.0,1.0,exploration
general_final_0015,54,29,51564,48,27,0.888889,0.956908,1778.068966,29,16,16,11,3,0,27,15,1,1,1,0,9,5,5,4,2,2,1,0,1,0,1,0,0,0,0.6041666666666666,0.3333333333333333,0.0625,0.5925925925925926,0.4074074074074074,0.0,1,4475.0,4,3423.0,3,0.7649162011173184,1,2,0,0.3333333333333333,0.6666666666666666,0.0,combat
general_final_0016,68,45,34237,53,35,0.779412,0.977889,760.822222,39,24,11,9,3,2,34,21,1,1,2,1,5,5,5,3,1,1,0,0,0,0,3,2,0,0,0.7358490566037735,0.2075471698113207,0.0566037735849056,0.6857142857142857,0.2571428571428571,0.0571428571428571,1,6167.0,16,6148.0,14,0.9969190854548404,11,2,1,0.7857142857142857,0.1428571428571428,0.0714285714285714,combat
general_final_0017,59,52,31947,44,39,0.745763,0.975585,614.365385,30,25,9,9,5,5,25,20,1,1,2,2,2,2,6,6,0,0,4,4,1,1,0,0,0,0,0.6818181818181818,0.2045454545454545,0.1136363636363636,0.6410256410256411,0.2307692307692307,0.1282051282051282,1,617.0,2,617.0,2,1.0,1,1,0,0.5,0.5,0.0,combat
general_final_0018,19,19,16675,15,15,0.789474,0.848276,877.631579,9,9,4,4,2,2,4,4,2,2,2,2,2,2,0,0,2,2,1,1,0,0,1,1,0,0,0.6,0.2666666666666666,0.1333333333333333,0.6,0.2666666666666666,0.1333333333333333,1,2368.0,9,1868.0,8,0.7888513513513513,4,3,1,0.5,0.375,0.125,combat
general_final_0019,146,135,163105,108,101,0.739726,0.957978,1208.185185,79,76,24,22,5,3,50,47,9,9,4,4,12,11,8,7,3,3,2,2,0,0,3,1,0,0,0.7314814814814815,0.2222222222222222,0.0462962962962962,0.7524752475247525,0.2178217821782178,0.0297029702970297,1,30.0,2,30.0,2,1.0,0,2,0,0.0,1.0,0.0,combat
general_final_0021,35,19,5715,26,13,0.742857,0.764129,300.789474,10,9,13,4,3,0,8,8,1,0,0,0,3,2,8,2,2,0,1,0,1,0,1,0,0,0,0.3846153846153846,0.5,0.1153846153846153,0.6923076923076923,0.3076923076923077,0.0,1,23.0,3,14.0,2,0.6086956521739131,0,2,0,0.0,1.0,0.0,exploration
general_final_0022,50,34,21470,45,31,0.9,0.947974,631.470588,18,13,20,16,7,2,11,8,3,3,4,2,7,6,8,6,4,3,3,0,3,2,1,0,0,0,0.4,0.4444444444444444,0.1555555555555555,0.4193548387096774,0.5161290322580645,0.064516129032258,1,495.0,4,428.0,3,0.8646464646464647,0,3,0,0.0,1.0,0.0,combat
general_final_0029,69,35,86110,50,22,0.724638,0.819998,2460.285714,20,11,20,9,10,2,10,8,2,0,6,2,4,3,9,1,6,5,4,2,1,0,4,0,0,0,0.4,0.4,0.2,0.5,0.4090909090909091,0.0909090909090909,1,4680.0,7,3958.0,5,0.8457264957264957,3,2,0,0.6,0.4,0.0,combat
general_final_0030,11,9,4721,11,9,1.0,1.0,524.555556,7,5,2,2,2,2,5,4,0,0,1,0,0,0,2,2,0,0,0,0,0,0,1,1,0,0,0.6363636363636364,0.1818181818181818,0.1818181818181818,0.5555555555555556,0.2222222222222222,0.2222222222222222,1,3830.0,9,3830.0,9,1.0,5,2,2,0.5555555555555556,0.2222222222222222,0.2222222222222222,combat
general_final_0031,154,96,187528,118,72,0.766234,0.962886,1953.416667,64,45,34,16,20,11,44,31,4,3,12,7,6,3,17,8,11,5,7,3,4,2,7,4,0,0,0.5423728813559322,0.288135593220339,0.1694915254237288,0.625,0.2222222222222222,0.1527777777777778,1,1543.0,10,1543.0,10,1.0,7,2,1,0.7,0.2,0.1,combat
general_final_0033,82,69,123891,61,51,0.743902,0.784875,1795.521739,36,31,20,17,5,3,22,18,5,5,9,8,10,9,4,3,4,3,0,0,2,2,2,0,0,0,0.5901639344262295,0.3278688524590163,0.081967213114754,0.6078431372549019,0.3333333333333333,0.0588235294117647,0,0.0,0,0.0,0,0.0,0,0,0,0.0,0.0,0.0,combat
general_final_0034,38,24,7769,33,20,0.868421,0.929721,323.708333,22,13,8,5,3,2,18,10,0,0,2,1,3,2,3,2,1,1,1,0,0,0,2,2,0,0,0.6666666666666666,0.2424242424242424,0.0909090909090909,0.65,0.25,0.1,1,439.0,10,426.0,9,0.9703872437357632,7,1,1,0.7777777777777778,0.1111111111111111,0.1111111111111111,strategic_reasoning
general_final_0035,53,37,72618,43,28,0.811321,0.737958,1962.648649,35,20,6,6,2,2,31,16,2,2,1,1,4,4,1,1,1,1,0,0,1,1,1,1,0,0,0.813953488372093,0.1395348837209302,0.0465116279069767,0.7142857142857143,0.2142857142857142,0.0714285714285714,0,0.0,0,0.0,0,0.0,0,0,0,0.0,0.0,0.0,combat
general_final_0036,263,185,382830,210,151,0.798479,0.931366,2069.351351,91,78,97,65,22,8,64,56,7,6,15,11,35,30,38,20,19,12,11,5,3,2,8,1,0,0,0.4333333333333333,0.4619047619047619,0.1047619047619047,0.5165562913907285,0.4304635761589404,0.0529801324503311,1,1820.0,12,1819.0,11,0.9994505494505496,5,5,1,0.4545454545454545,0.4545454545454545,0.0909090909090909,exploration
general_final_0037,46,31,41790,35,21,0.76087,0.967911,1348.064516,12,9,15,9,8,3,10,7,0,0,0,0,4,3,7,4,3,1,4,2,1,0,3,1,0,0,0.3428571428571428,0.4285714285714285,0.2285714285714285,0.4285714285714285,0.4285714285714285,0.1428571428571428,1,6087.0,16,5639.0,8,0.9264005257105308,4,2,2,0.5,0.25,0.25,combat
general_final_0040,151,139,196048,134,126,0.887417,0.967697,1410.417266,79,76,31,28,24,22,40,39,10,10,19,17,7,6,9,9,13,11,5,4,6,5,13,13,0,0,0.5895522388059702,0.2313432835820895,0.1791044776119403,0.6031746031746031,0.2222222222222222,0.1746031746031746,1,3072.0,6,3072.0,6,1.0,4,2,0,0.6666666666666666,0.3333333333333333,0.0,combat
general_final_0042,18,7,1382,15,5,0.833333,0.947902,197.428571,8,3,1,0,6,2,7,2,0,0,1,1,0,0,1,0,0,0,4,1,0,0,2,1,0,0,0.5333333333333333,0.0666666666666666,0.4,0.6,0.0,0.4,1,14.0,3,14.0,3,1.0,2,0,1,0.6666666666666666,0.0,0.3333333333333333,combat
general_final_0044,1043,392,623235,801,303,0.767977,0.931227,1589.885204,299,139,329,105,173,59,138,69,70,33,76,26,78,36,162,33,76,30,81,27,26,10,57,18,0,0,0.3732833957553059,0.4107365792759051,0.215980024968789,0.4587458745874587,0.3465346534653465,0.1947194719471947,1,9112.0,22,5862.0,10,0.6433274802458296,7,2,1,0.7,0.2,0.1,combat
general_final_0045,12,12,14990,7,7,0.583333,0.91014,1249.166667,4,4,0,0,3,3,2,2,1,1,1,1,0,0,0,0,0,0,0,0,3,3,0,0,0,0,0.5714285714285714,0.0,0.4285714285714285,0.5714285714285714,0.0,0.4285714285714285,1,210.0,2,210.0,2,1.0,1,0,1,0.5,0.0,0.5,strategic_reasoning
general_final_0046,246,186,378864,204,154,0.829268,0.810172,2036.903226,111,84,80,59,13,11,78,55,17,14,11,11,30,24,28,18,15,12,4,4,3,1,6,6,0,0,0.5441176470588235,0.392156862745098,0.0637254901960784,0.5454545454545454,0.3831168831168831,0.0714285714285714,1,1255.0,3,1255.0,3,1.0,1,1,1,0.3333333333333333,0.3333333333333333,0.3333333333333333,exploration
general_final_0047,48,29,131639,39,25,0.8125,0.976519,4539.275862,26,17,7,4,6,4,22,13,1,1,2,2,1,1,3,1,3,2,0,0,0,0,6,4,0,0,0.6666666666666666,0.1794871794871795,0.1538461538461538,0.68,0.16,0.16,1,428.0,1,428.0,1,1.0,1,0,0,1.0,0.0,0.0,combat
general_final_0048,169,111,37680,133,91,0.786982,0.749469,339.459459,58,39,57,39,18,13,43,31,6,3,7,4,16,10,23,16,17,12,10,7,3,3,5,3,0,0,0.4360902255639097,0.4285714285714285,0.1353383458646616,0.4285714285714285,0.4285714285714285,0.1428571428571428,1,1768.0,10,676.0,8,0.3823529411764705,4,4,0,0.5,0.5,0.0,combat
general_final_0049,586,495,358744,452,384,0.771331,0.899675,724.735354,233,197,148,121,71,66,167,141,19,17,29,23,53,47,55,38,34,30,14,13,19,19,33,30,0,0,0.5154867256637168,0.3274336283185841,0.1570796460176991,0.5130208333333334,0.3151041666666667,0.171875,1,866.0,11,458.0,8,0.5288683602771362,3,5,0,0.375,0.625,0.0,combat
general_final_0050,52,35,10247,40,25,0.769231,0.92915,292.771429,17,14,16,8,7,3,15,12,1,1,0,0,8,5,7,2,1,1,2,0,3,2,1,0,0,0,0.425,0.4,0.175,0.56,0.32,0.12,1,2063.0,15,2012.0,11,0.9752787203102278,7,3,1,0.6363636363636364,0.2727272727272727,0.0909090909090909,combat
general_final_0051,20,16,47440,18,15,0.9,0.999515,2965.0,12,12,3,2,3,1,8,8,1,1,1,1,2,2,1,0,0,0,0,0,1,0,2,1,0,0,0.6666666666666666,0.1666666666666666,0.1666666666666666,0.8,0.1333333333333333,0.0666666666666666,1,3579.0,5,3579.0,5,1.0,3,1,1,0.6,0.2,0.2,combat
general_final_0053,3,3,991,2,2,0.666667,0.729566,330.333333,0,0,0,0,2,2,0,0,0,0,0,0,0,0,0,0,0,0,0,0,0,0,1,1,0,0,0.0,0.0,1.0,0.0,0.0,1.0,1,244.0,2,244.0,2,1.0,0,0,2,0.0,0.0,1.0,strategic_reasoning
general_final_0054,204,146,524162,171,123,0.838235,0.951412,3590.150685,92,69,64,43,15,11,63,51,15,13,12,3,16,11,28,19,19,13,4,3,0,0,10,7,0,0,0.5380116959064327,0.3742690058479532,0.087719298245614,0.5609756097560976,0.3495934959349593,0.089430894308943,1,3286.0,3,3286.0,3,1.0,3,0,0,1.0,0.0,0.0,combat
general_final_0055,48,26,29926,36,19,0.75,0.989006,1151.0,19,14,9,1,8,4,15,12,2,1,2,1,1,1,5,0,3,0,3,2,3,2,2,0,0,0,0.5277777777777778,0.25,0.2222222222222222,0.7368421052631579,0.0526315789473684,0.2105263157894736,1,1165.0,2,1165.0,2,1.0,2,0,0,1.0,0.0,0.0,combat
general_final_0056,205,181,291326,152,133,0.741463,0.849361,1609.535912,74,61,55,51,23,21,63,53,1,0,7,5,28,27,16,14,10,10,7,5,12,12,4,4,0,0,0.4868421052631579,0.3618421052631579,0.1513157894736842,0.4586466165413533,0.3834586466165413,0.1578947368421052,1,2616.0,15,1927.0,12,0.7366207951070336,6,5,1,0.5,0.4166666666666667,0.0833333333333333,combat
general_final_0058,86,65,208661,73,57,0.848837,0.883361,3210.169231,49,39,14,10,10,8,37,28,4,4,4,4,5,4,3,2,4,2,2,2,2,2,4,2,0,0,0.6712328767123288,0.1917808219178082,0.136986301369863,0.6842105263157895,0.175438596491228,0.1403508771929824,1,5009.0,6,4372.0,4,0.8728289079656618,3,0,1,0.75,0.0,0.25,combat
general_final_0060,3,3,2280,2,2,0.666667,0.987281,760.0,1,1,1,1,0,0,0,0,0,0,1,1,1,1,0,0,0,0,0,0,0,0,0,0,0,0,0.5,0.5,0.0,0.5,0.5,0.0,1,472.0,1,472.0,1,1.0,0,1,0,0.0,1.0,0.0,exploration
general_final_0061,99,80,333601,83,69,0.838384,0.893678,4170.0125,53,44,23,18,7,7,40,33,4,4,8,7,8,7,7,5,8,6,1,1,1,1,5,5,0,0,0.6385542168674698,0.2771084337349397,0.0843373493975903,0.6376811594202898,0.2608695652173913,0.1014492753623188,1,3253.0,5,3253.0,5,1.0,3,2,0,0.6,0.4,0.0,combat
general_final_0063,4,4,338,2,2,0.5,0.902367,84.5,2,2,0,0,0,0,1,1,0,0,0,0,0,0,0,0,0,0,0,0,0,0,0,0,0,0,1.0,0.0,0.0,1.0,0.0,0.0,1,25.0,1,0.0,0,0.0,0,0,0,0.0,0.0,0.0,combat
general_final_0065,58,30,19795,49,25,0.844828,0.883304,659.833333,18,9,25,13,6,3,7,6,7,2,2,0,6,3,11,2,4,4,2,1,4,2,0,0,0,0,0.3673469387755102,0.5102040816326531,0.1224489795918367,0.36,0.52,0.12,1,284.0,4,284.0,4,1.0,3,1,0,0.75,0.25,0.0,combat
general_final_0066,84,66,90262,70,55,0.833333,0.837861,1367.606061,39,32,19,13,12,10,20,14,6,6,6,5,2,2,9,6,4,2,6,4,1,1,5,5,0,0,0.5571428571428572,0.2714285714285714,0.1714285714285714,0.5818181818181818,0.2363636363636363,0.1818181818181818,1,6303.0,9,1413.0,5,0.2241789623988576,2,1,2,0.4,0.2,0.4,combat
general_final_0067,94,73,117970,65,51,0.691489,0.928889,1616.027397,43,37,16,11,6,3,25,22,3,3,5,2,4,2,7,4,2,2,1,0,2,1,2,1,0,0,0.6615384615384615,0.2461538461538461,0.0923076923076923,0.7254901960784313,0.2156862745098039,0.0588235294117647,1,3654.0,9,3539.0,7,0.968527640941434,6,1,0,0.8571428571428571,0.1428571428571428,0.0,combat
general_final_0068,46,31,20697,39,28,0.847826,0.983621,667.645161,20,16,13,9,6,3,13,12,2,2,2,1,6,4,6,5,1,0,1,0,0,0,5,3,0,0,0.5128205128205128,0.3333333333333333,0.1538461538461538,0.5714285714285714,0.3214285714285714,0.1071428571428571,1,508.0,3,508.0,3,1.0,2,1,0,0.6666666666666666,0.3333333333333333,0.0,combat
general_final_0069,72,24,13891,66,20,0.916667,0.943129,578.791667,25,10,33,8,8,2,15,5,3,1,6,3,9,2,16,3,8,3,1,1,2,0,5,1,0,0,0.3787878787878788,0.5,0.1212121212121212,0.5,0.4,0.1,1,959.0,9,502.0,8,0.5234619395203337,5,1,2,0.625,0.125,0.25,combat
general_final_0071,81,79,115134,67,65,0.82716,0.877265,1457.392405,23,22,35,35,9,8,14,13,5,5,4,4,14,14,13,13,6,6,2,1,2,2,4,4,0,0,0.3432835820895522,0.5223880597014925,0.1343283582089552,0.3384615384615385,0.5384615384615384,0.123076923076923,1,51.0,3,51.0,3,1.0,1,1,1,0.3333333333333333,0.3333333333333333,0.3333333333333333,combat
general_final_0073,52,36,89193,41,27,0.788462,0.923032,2477.583333,25,20,11,6,5,1,19,15,2,1,1,1,5,4,3,1,3,1,2,0,1,0,1,0,0,0,0.6097560975609756,0.2682926829268293,0.1219512195121951,0.7407407407407407,0.2222222222222222,0.037037037037037,1,5122.0,1,5122.0,1,1.0,1,0,0,1.0,0.0,0.0,combat
general_final_0076,25,24,130884,22,21,0.88,0.996654,5453.5,16,16,4,4,2,1,13,13,1,1,0,0,2,2,0,0,0,0,0,0,1,1,1,0,0,0,0.7272727272727273,0.1818181818181818,0.0909090909090909,0.7619047619047619,0.1904761904761904,0.0476190476190476,1,5123.0,5,5121.0,4,0.999609603747804,3,1,0,0.75,0.25,0.0,combat
general_final_0077,64,50,115738,52,39,0.8125,0.79044,2314.76,11,7,27,19,14,13,5,3,4,2,2,2,12,10,6,5,7,4,0,0,6,6,8,7,0,0,0.2115384615384615,0.5192307692307693,0.2692307692307692,0.1794871794871795,0.4871794871794871,0.3333333333333333,1,78.0,2,29.0,1,0.3717948717948718,0,1,0,0.0,1.0,0.0,strategic_reasoning
general_final_0078,139,93,22270,108,68,0.776978,0.790436,239.462366,38,29,55,35,15,4,31,25,3,2,2,1,2,0,40,28,8,3,12,3,1,1,2,0,0,0,0.3518518518518518,0.5092592592592593,0.1388888888888889,0.4264705882352941,0.5147058823529411,0.0588235294117647,1,1441.0,12,388.0,9,0.2692574600971547,4,5,0,0.4444444444444444,0.5555555555555556,0.0,combat
general_final_0079,90,87,42400,69,66,0.766667,0.934858,487.356322,36,34,26,25,7,7,28,27,2,2,4,3,11,11,7,7,7,6,3,3,2,2,1,1,0,0,0.5217391304347826,0.3768115942028985,0.1014492753623188,0.5151515151515151,0.3787878787878788,0.106060606060606,1,1227.0,11,1203.0,9,0.980440097799511,6,2,1,0.6666666666666666,0.2222222222222222,0.1111111111111111,combat
general_final_0080,109,95,56252,89,78,0.816514,0.915061,592.126316,34,33,44,36,11,9,20,19,4,4,5,5,10,9,25,19,6,5,4,3,2,2,4,3,0,0,0.3820224719101123,0.4943820224719101,0.1235955056179775,0.4230769230769231,0.4615384615384615,0.1153846153846153,1,4419.0,14,3587.0,12,0.8117221090744512,4,6,2,0.3333333333333333,0.5,0.1666666666666666,exploration
general_final_0086,55,42,63149,43,32,0.781818,0.835405,1503.547619,23,19,16,11,4,2,20,18,0,0,3,1,9,8,5,1,2,2,1,0,0,0,2,1,0,0,0.5348837209302325,0.3720930232558139,0.0930232558139534,0.59375,0.34375,0.0625,1,2016.0,4,2016.0,4,1.0,3,1,0,0.75,0.25,0.0,exploration
general_final_0089,79,53,42585,63,43,0.797468,0.820007,803.490566,14,10,49,33,0,0,7,5,5,3,2,2,9,8,32,20,7,5,0,0,0,0,0,0,0,0,0.2222222222222222,0.7777777777777778,0.0,0.2325581395348837,0.7674418604651163,0.0,1,239.0,8,236.0,5,0.98744769874477,3,2,0,0.6,0.4,0.0,exploration
general_final_0093,8,7,1608,4,4,0.5,0.776119,229.714286,2,2,0,0,2,2,1,1,0,0,0,0,0,0,0,0,0,0,0,0,2,2,0,0,0,0,0.5,0.0,0.5,0.5,0.0,0.5,1,304.0,1,0.0,0,0.0,0,0,0,0.0,0.0,0.0,strategic_reasoning
general_final_0095,48,32,173446,42,28,0.875,0.861922,5420.1875,10,6,28,18,4,4,6,2,1,1,2,2,7,3,13,10,8,5,0,0,0,0,4,4,0,0,0.238095238095238,0.6666666666666666,0.0952380952380952,0.2142857142857142,0.6428571428571429,0.1428571428571428,1,1374.0,7,1273.0,6,0.9264919941775837,1,3,2,0.1666666666666666,0.5,0.3333333333333333,exploration
general_final_0096,55,36,12882,46,31,0.836364,0.769135,357.833333,14,12,29,18,3,1,6,6,2,2,4,2,13,12,14,5,2,1,0,0,0,0,3,1,0,0,0.3043478260869565,0.6304347826086957,0.0652173913043478,0.3870967741935484,0.5806451612903226,0.032258064516129,1,2031.0,3,2031.0,3,1.0,1,2,0,0.3333333333333333,0.6666666666666666,0.0,exploration
general_final_0097,228,182,226032,135,109,0.592105,0.882194,1241.934066,39,26,57,48,39,35,8,4,10,9,21,13,18,15,26,21,12,12,20,17,7,7,11,10,0,0,0.2888888888888888,0.4222222222222222,0.2888888888888888,0.2385321100917431,0.4403669724770642,0.3211009174311927,1,10.0,2,10.0,2,1.0,0,1,1,0.0,0.5,0.5,exploration
general_final_0098,147,102,48016,113,80,0.768707,0.856902,470.745098,48,38,48,31,17,11,28,24,4,2,14,11,13,8,20,11,9,7,3,1,3,3,11,7,0,0,0.4247787610619469,0.4247787610619469,0.1504424778761062,0.475,0.3875,0.1375,1,443.0,4,396.0,2,0.8939051918735892,0,2,0,0.0,1.0,0.0,combat
general_final_0103,285,199,139340,220,149,0.77193,0.888029,700.201005,65,36,94,70,61,43,44,22,7,4,11,7,16,11,45,31,28,23,29,20,13,10,15,10,0,0,0.2954545454545454,0.4272727272727272,0.2772727272727273,0.2416107382550335,0.4697986577181208,0.2885906040268456,1,4194.0,23,2291.0,19,0.5462565569861707,8,7,4,0.4210526315789473,0.3684210526315789,0.2105263157894736,exploration
general_final_0106,51,11,4881,40,7,0.784314,0.90002,443.727273,10,4,23,3,7,0,7,4,2,0,1,0,6,1,13,2,4,0,2,0,1,0,4,0,0,0,0.25,0.575,0.175,0.5714285714285714,0.4285714285714285,0.0,1,250.0,6,168.0,4,0.672,3,1,0,0.75,0.25,0.0,exploration
general_final_0109,44,42,25872,26,24,0.590909,0.878053,616.0,14,13,9,8,3,3,11,10,0,0,0,0,2,2,4,3,3,3,0,0,3,3,0,0,0,0,0.5384615384615384,0.3461538461538461,0.1153846153846153,0.5416666666666666,0.3333333333333333,0.125,1,1403.0,8,1101.0,4,0.7847469707769066,4,0,0,1.0,0.0,0.0,exploration
general_final_0110,1210,769,405201,1039,664,0.858678,0.854435,526.919376,356,251,444,278,239,135,151,107,78,55,121,85,87,56,209,132,143,87,111,75,37,17,87,41,0,0,0.3426371511068335,0.4273339749759384,0.2300288739172281,0.378012048192771,0.4186746987951807,0.2033132530120482,1,102.0,2,43.0,1,0.4215686274509804,1,0,0,1.0,0.0,0.0,exploration
general_final_0114,49,22,72485,38,18,0.77551,0.947713,3294.772727,17,8,19,10,2,0,14,7,0,0,2,1,4,3,13,5,2,2,1,0,1,0,0,0,0,0,0.4473684210526316,0.5,0.0526315789473684,0.4444444444444444,0.5555555555555556,0.0,1,1334.0,4,1334.0,4,1.0,4,0,0,1.0,0.0,0.0,exploration
general_final_0115,206,170,223903,153,123,0.742718,0.960773,1317.076471,70,60,56,42,27,21,46,40,7,7,13,10,13,12,25,17,16,12,13,9,4,3,7,6,0,0,0.457516339869281,0.3660130718954248,0.1764705882352941,0.4878048780487805,0.3414634146341463,0.1707317073170731,1,6080.0,17,5562.0,13,0.9148026315789474,9,2,2,0.6923076923076923,0.1538461538461538,0.1538461538461538,combat
general_final_0116,52,41,56488,45,34,0.865385,0.934375,1377.756098,30,28,10,5,5,1,21,21,4,4,2,1,4,3,5,1,1,1,0,0,0,0,4,0,0,0,0.6666666666666666,0.2222222222222222,0.1111111111111111,0.8235294117647058,0.1470588235294117,0.0294117647058823,1,376.0,11,376.0,11,1.0,10,1,0,0.9090909090909092,0.0909090909090909,0.0,combat
general_final_0117,48,44,90000,41,37,0.854167,0.797,2045.454545,14,12,18,16,9,9,9,8,2,2,3,2,9,8,4,3,5,5,2,2,2,2,3,3,0,0,0.3414634146341463,0.4390243902439024,0.2195121951219512,0.3243243243243243,0.4324324324324324,0.2432432432432432,1,594.0,4,123.0,2,0.207070707070707,0,2,0,0.0,1.0,0.0,exploration
general_final_0118,237,212,310689,184,167,0.776371,0.736904,1465.514151,82,75,82,76,20,16,52,46,10,10,10,9,34,32,14,10,23,23,6,4,6,6,5,4,0,0,0.4456521739130434,0.4456521739130434,0.108695652173913,0.4491017964071856,0.4550898203592814,0.0958083832335329,1,4851.0,23,2891.0,14,0.5959595959595959,12,2,0,0.8571428571428571,0.1428571428571428,0.0,exploration
general_final_0120,29,26,48865,27,25,0.931034,0.996521,1879.423077,13,13,13,11,1,1,10,10,1,1,1,1,6,5,5,5,1,1,1,1,0,0,0,0,0,0,0.4814814814814814,0.4814814814814814,0.037037037037037,0.52,0.44,0.04,1,456.0,2,456.0,2,1.0,1,1,0,0.5,0.5,0.0,combat
general_final_0122,44,38,56512,36,32,0.818182,0.869072,1487.157895,13,10,21,20,2,2,8,6,1,1,3,3,7,7,7,6,3,3,2,2,0,0,0,0,0,0,0.3611111111111111,0.5833333333333334,0.0555555555555555,0.3125,0.625,0.0625,1,559.0,4,559.0,4,1.0,0,4,0,0.0,1.0,0.0,exploration
general_final_0123,114,105,143678,83,75,0.72807,0.875374,1368.361905,49,43,26,25,8,7,41,35,2,2,5,5,8,8,12,12,6,5,2,2,2,2,4,3,0,0,0.5903614457831325,0.3132530120481928,0.0963855421686747,0.5733333333333334,0.3333333333333333,0.0933333333333333,1,1827.0,11,1737.0,9,0.9507389162561576,6,3,0,0.6666666666666666,0.3333333333333333,0.0,combat
general_final_0124,94,77,47883,72,55,0.765957,0.756156,621.857143,48,35,17,15,7,5,35,29,1,0,8,2,10,9,5,4,2,2,2,1,2,1,2,2,0,0,0.6666666666666666,0.2361111111111111,0.0972222222222222,0.6363636363636364,0.2727272727272727,0.0909090909090909,1,2240.0,4,79.0,2,0.0352678571428571,2,0,0,1.0,0.0,0.0,combat
general_final_0125,48,40,49138,36,29,0.75,0.891652,1228.45,20,16,9,9,7,4,13,10,1,1,4,4,5,5,2,2,1,1,0,0,1,1,5,2,0,0,0.5555555555555556,0.25,0.1944444444444444,0.5517241379310345,0.3103448275862069,0.1379310344827586,1,2356.0,3,2023.0,2,0.8586587436332768,2,0,0,1.0,0.0,0.0,combat
general_final_0126,253,54,43630,218,48,0.86166,0.949072,807.962963,97,31,100,17,21,0,62,19,11,3,19,7,25,6,55,8,19,3,8,0,1,0,12,0,0,0,0.4449541284403669,0.4587155963302752,0.0963302752293578,0.6458333333333334,0.3541666666666667,0.0,1,1823.0,6,1821.0,5,0.9989029072956664,2,3,0,0.4,0.6,0.0,exploration
general_final_0127,335,264,650551,272,216,0.81194,0.919673,2464.208333,97,69,114,89,61,58,51,28,23,21,19,16,23,18,57,44,29,22,25,24,8,8,25,23,0,0,0.3566176470588235,0.4191176470588235,0.2242647058823529,0.3194444444444444,0.412037037037037,0.2685185185185185,1,6415.0,13,6380.0,12,0.9945440374123148,3,7,2,0.25,0.5833333333333334,0.1666666666666666,combat
general_final_0128,99,85,76971,74,65,0.747475,0.768458,905.541176,40,35,24,22,10,8,22,21,6,5,7,5,9,8,2,2,11,10,3,2,3,3,1,0,0,0,0.5405405405405406,0.3243243243243243,0.1351351351351351,0.5384615384615384,0.3384615384615385,0.123076923076923,1,2664.0,18,2450.0,14,0.9196696696696696,5,6,3,0.3571428571428571,0.4285714285714285,0.2142857142857142,combat
general_final_0129,182,117,738195,146,99,0.802198,0.840699,6309.358974,97,74,42,24,7,1,75,60,8,7,9,4,13,6,12,9,16,8,0,0,1,0,6,1,0,0,0.6643835616438356,0.2876712328767123,0.047945205479452,0.7474747474747475,0.2424242424242424,0.0101010101010101,1,1189.0,9,1189.0,9,1.0,6,3,0,0.6666666666666666,0.3333333333333333,0.0,combat
general_final_0130,168,122,301725,134,96,0.797619,0.950906,2473.155738,64,53,46,33,24,10,43,33,11,10,5,5,9,9,21,11,14,11,10,3,4,3,10,4,0,0,0.4776119402985074,0.3432835820895522,0.1791044776119403,0.5520833333333334,0.34375,0.1041666666666666,1,3659.0,5,3659.0,5,1.0,3,1,1,0.6,0.2,0.2,combat
general_final_0133,18,17,63023,13,12,0.722222,0.88025,3707.235294,8,7,2,2,3,3,8,7,0,0,0,0,0,0,2,2,0,0,2,2,0,0,1,1,0,0,0.6153846153846154,0.1538461538461538,0.2307692307692307,0.5833333333333334,0.1666666666666666,0.25,1,4878.0,12,2408.0,10,0.4936449364493644,6,2,2,0.6,0.2,0.2,combat
general_final_0134,75,55,141854,63,46,0.84,0.956878,2579.163636,19,13,29,22,15,11,6,2,6,5,7,6,9,6,12,9,7,7,3,2,5,4,7,5,0,0,0.3015873015873015,0.4603174603174603,0.238095238095238,0.2826086956521739,0.4782608695652174,0.2391304347826087,1,2725.0,12,433.0,9,0.1588990825688073,2,5,2,0.2222222222222222,0.5555555555555556,0.2222222222222222,combat
general_final_0136,127,33,456969,105,25,0.826772,0.980123,13847.545455,43,20,38,3,24,2,24,19,2,0,14,0,4,0,21,1,11,1,10,1,3,0,11,1,0,0,0.4095238095238095,0.3619047619047619,0.2285714285714285,0.8,0.12,0.08,1,3918.0,8,3869.0,6,0.987493619193466,4,0,2,0.6666666666666666,0.0,0.3333333333333333,combat
general_final_0137,58,50,102680,44,37,0.758621,0.933473,2053.6,24,22,14,11,6,4,11,11,5,4,3,2,12,9,0,0,2,2,1,1,1,1,2,0,0,0,0.5454545454545454,0.3181818181818182,0.1363636363636363,0.5945945945945946,0.2972972972972973,0.1081081081081081,1,635.0,2,0.0,0,0.0,0,0,0,0.0,0.0,0.0,combat
general_final_0138,51,43,913791,37,30,0.72549,0.919221,21250.953488,22,17,13,12,2,1,13,11,0,0,6,4,5,5,8,7,0,0,0,0,2,1,0,0,0,0,0.5945945945945946,0.3513513513513513,0.054054054054054,0.5666666666666667,0.4,0.0333333333333333,1,5602.0,5,5250.0,4,0.9371652981078188,3,1,0,0.75,0.25,0.0,combat
general_final_0141,68,46,230194,51,38,0.75,0.995686,5004.217391,22,15,15,12,14,11,20,14,0,0,2,1,6,6,7,5,1,1,8,6,3,3,3,2,0,0,0.4313725490196078,0.2941176470588235,0.2745098039215686,0.3947368421052631,0.3157894736842105,0.2894736842105263,1,1462.0,1,1462.0,1,1.0,1,0,0,1.0,0.0,0.0,combat
general_final_0142,236,173,369273,200,146,0.847458,0.828896,2134.526012,87,72,88,54,25,20,47,37,11,8,23,22,11,7,57,35,16,9,12,11,2,1,11,8,0,0,0.435,0.44,0.125,0.4931506849315068,0.3698630136986301,0.136986301369863,1,3792.0,12,2314.0,6,0.6102320675105485,3,3,0,0.5,0.5,0.0,combat
general_final_0143,39,22,14744,31,14,0.794872,0.903757,670.181818,20,4,5,5,6,5,19,3,0,0,1,1,1,1,2,2,2,2,5,4,1,1,0,0,0,0,0.6451612903225806,0.1612903225806451,0.1935483870967742,0.2857142857142857,0.3571428571428571,0.3571428571428571,1,3850.0,9,3797.0,6,0.9862337662337662,3,3,0,0.5,0.5,0.0,combat
general_final_0144,203,86,42048,171,72,0.842365,0.878995,488.930233,72,32,71,31,28,9,54,30,3,1,10,1,21,14,31,11,18,6,12,3,4,3,11,2,0,0,0.4210526315789473,0.4152046783625731,0.1637426900584795,0.4444444444444444,0.4305555555555556,0.125,1,820.0,3,820.0,3,1.0,2,1,0,0.6666666666666666,0.3333333333333333,0.0,exploration
general_final_0145,760,124,117979,616,106,0.810526,0.917155,951.443548,231,42,225,35,160,29,107,17,51,11,70,14,37,11,137,20,48,4,80,13,24,4,46,10,8,2,0.375,0.3652597402597403,0.2597402597402597,0.3962264150943396,0.330188679245283,0.2735849056603773,1,472.0,4,340.0,2,0.7203389830508474,1,0,1,0.5,0.0,0.5,combat
general_final_0146,14,8,8753,9,5,0.642857,0.811265,1094.125,4,3,3,0,2,2,3,3,1,0,0,0,2,0,1,0,0,0,1,1,0,0,0,0,0,0,0.4444444444444444,0.3333333333333333,0.2222222222222222,0.6,0.0,0.4,1,629.0,2,320.0,1,0.5087440381558028,0,0,1,0.0,0.0,1.0,combat
general_final_0149,161,139,210302,131,115,0.813665,0.933044,1512.964029,67,57,58,52,6,6,56,49,1,1,6,5,29,27,20,16,8,8,0,0,4,4,2,2,0,0,0.5114503816793893,0.4427480916030534,0.0458015267175572,0.4956521739130435,0.4521739130434782,0.0521739130434782,1,1525.0,3,1525.0,3,1.0,2,1,0,0.6666666666666666,0.3333333333333333,0.0,combat
general_final_0150,16,15,18776,16,15,1.0,1.0,1251.733333,11,10,2,2,3,3,2,2,5,4,2,2,1,1,1,1,0,0,0,0,0,0,2,2,0,0,0.6875,0.125,0.1875,0.6666666666666666,0.1333333333333333,0.2,1,1058.0,1,1058.0,1,1.0,1,0,0,1.0,0.0,0.0,combat
general_final_0153,48,35,11003,29,18,0.604167,0.739344,314.371429,16,13,9,4,4,1,13,12,1,0,1,0,1,0,3,1,2,0,1,0,0,0,3,1,0,0,0.5517241379310345,0.3103448275862069,0.1379310344827586,0.7222222222222222,0.2222222222222222,0.0555555555555555,1,4371.0,6,4335.0,4,0.991763898421414,2,1,1,0.5,0.25,0.25,exploration
general_final_0154,85,53,94152,69,42,0.811765,0.700888,1776.45283,29,18,26,15,14,9,14,8,5,3,8,6,6,6,12,4,7,5,5,3,3,2,6,4,0,0,0.4202898550724637,0.3768115942028985,0.2028985507246377,0.4285714285714285,0.3571428571428571,0.2142857142857142,1,2579.0,12,721.0,8,0.2795657231485072,3,4,1,0.375,0.5,0.125,combat
general_final_0157,32,23,5114,24,15,0.75,0.949746,222.347826,10,10,10,5,4,0,9,9,1,1,0,0,1,1,5,2,4,2,2,0,0,0,2,0,0,0,0.4166666666666667,0.4166666666666667,0.1666666666666666,0.6666666666666666,0.3333333333333333,0.0,1,470.0,4,470.0,4,1.0,1,3,0,0.25,0.75,0.0,combat
general_final_0158,43,35,208125,37,32,0.860465,0.997881,5946.428571,26,23,7,6,4,3,18,16,3,3,2,1,4,4,2,2,0,0,1,1,0,0,2,1,0,0,0.7027027027027027,0.1891891891891892,0.1081081081081081,0.71875,0.1875,0.09375,1,4235.0,2,4235.0,2,1.0,2,0,0,1.0,0.0,0.0,combat
general_final_0159,46,44,101182,34,33,0.73913,0.9154,2299.590909,21,21,8,7,5,5,8,8,5,5,3,3,5,4,2,2,1,1,1,1,2,2,1,1,0,0,0.6176470588235294,0.2352941176470588,0.1470588235294117,0.6363636363636364,0.2121212121212121,0.1515151515151515,1,944.0,5,146.0,2,0.1546610169491525,1,0,1,0.5,0.0,0.5,combat
general_final_0160,9,8,7537,5,4,0.555556,0.959666,942.125,1,1,2,1,2,2,1,1,0,0,0,0,1,0,0,0,1,1,1,1,0,0,1,1,0,0,0.2,0.4,0.4,0.25,0.25,0.5,1,4616.0,8,4312.0,4,0.9341421143847488,1,1,2,0.25,0.25,0.5,combat
general_final_0161,170,149,226953,131,116,0.770588,0.886822,1523.174497,65,62,48,37,18,17,32,31,10,9,16,15,25,20,13,7,5,5,2,1,5,5,7,7,0,0,0.4961832061068702,0.366412213740458,0.1374045801526717,0.5344827586206896,0.3189655172413793,0.146551724137931,1,1947.0,7,774.0,4,0.3975346687211094,3,0,1,0.75,0.0,0.25,combat
general_final_0164,38,11,6193,30,7,0.789474,0.725012,563.0,14,5,7,1,9,1,9,5,1,0,4,0,1,0,6,1,0,0,2,0,2,1,5,0,0,0,0.4666666666666667,0.2333333333333333,0.3,0.7142857142857143,0.1428571428571428,0.1428571428571428,1,1532.0,3,1532.0,3,1.0,1,1,1,0.3333333333333333,0.3333333333333333,0.3333333333333333,strategic_reasoning
general_final_0165,154,119,373134,124,96,0.805195,0.889059,3135.579832,62,55,44,29,18,12,39,36,7,6,10,7,11,8,21,12,12,9,1,0,2,1,14,10,0,0,0.5,0.3548387096774194,0.1451612903225806,0.5729166666666666,0.3020833333333333,0.125,1,1984.0,11,1837.0,10,0.925907258064516,8,1,1,0.8,0.1,0.1,strategic_reasoning
general_final_0166,4,4,32842,3,3,0.75,0.979752,8210.5,0,0,2,2,1,1,0,0,0,0,0,0,0,0,0,0,1,1,0,0,1,1,0,0,0,0,0.0,0.6666666666666666,0.3333333333333333,0.0,0.6666666666666666,0.3333333333333333,0,0.0,0,0.0,0,0.0,0,0,0,0.0,0.0,0.0,strategic_reasoning
general_final_0167,755,565,1322799,559,447,0.740397,0.866639,2341.237168,273,215,187,144,99,88,195,165,31,24,41,23,67,54,78,63,31,22,12,12,23,22,61,52,0,0,0.4883720930232558,0.334525939177102,0.1771019677996422,0.4809843400447427,0.3221476510067114,0.1968680089485458,1,3047.0,7,1397.0,3,0.4584837545126354,3,0,0,1.0,0.0,0.0,combat
general_final_0170,43,41,69111,31,30,0.72093,0.743109,1685.634146,17,16,7,7,7,7,9,9,2,2,1,1,3,3,0,0,3,3,2,2,1,1,3,3,0,0,0.5483870967741935,0.2258064516129032,0.2258064516129032,0.5333333333333333,0.2333333333333333,0.2333333333333333,1,600.0,4,600.0,4,1.0,0,3,1,0.0,0.75,0.25,combat
general_final_0171,3,3,1498,3,3,1.0,1.0,499.333333,0,0,3,3,0,0,0,0,0,0,0,0,1,1,1,1,1,1,0,0,0,0,0,0,0,0,0.0,1.0,0.0,0.0,1.0,0.0,1,550.0,2,550.0,2,1.0,0,2,0,0.0,1.0,0.0,exploration
general_final_0172,16,14,14576,13,11,0.8125,0.919937,1041.142857,5,4,8,7,0,0,4,4,0,0,1,0,7,6,1,1,0,0,0,0,0,0,0,0,0,0,0.3846153846153846,0.6153846153846154,0.0,0.3636363636363636,0.6363636363636364,0.0,1,13.0,1,0.0,0,0.0,0,0,0,0.0,0.0,0.0,exploration
general_final_0173,39,35,75890,26,22,0.666667,0.94131,2168.285714,11,9,13,11,2,2,10,8,1,1,0,0,1,0,4,4,8,7,0,0,1,1,1,1,0,0,0.4230769230769231,0.5,0.0769230769230769,0.4090909090909091,0.5,0.0909090909090909,0,0.0,0,0.0,0,0.0,0,0,0,0.0,0.0,0.0,combat
general_final_0175,35,22,62439,22,12,0.628571,0.955861,2838.136364,9,4,7,5,6,3,6,3,0,0,3,1,3,2,2,2,2,1,3,2,1,1,2,0,0,0,0.4090909090909091,0.3181818181818182,0.2727272727272727,0.3333333333333333,0.4166666666666667,0.25,1,3373.0,7,2884.0,4,0.8550252001185888,1,1,2,0.25,0.25,0.5,combat
general_final_0176,80,68,595855,69,60,0.8625,0.966297,8762.573529,38,35,26,22,5,3,25,24,3,3,9,7,14,11,3,2,9,9,2,0,3,3,0,0,0,0,0.5507246376811594,0.3768115942028985,0.072463768115942,0.5833333333333334,0.3666666666666666,0.05,1,161.0,3,161.0,3,1.0,3,0,0,1.0,0.0,0.0,combat
general_final_0177,233,174,402748,187,135,0.802575,0.83475,2314.643678,78,59,58,41,51,35,50,39,10,8,12,8,24,16,20,15,13,9,11,5,16,14,20,12,0,0,0.4171122994652406,0.3101604278074866,0.2727272727272727,0.437037037037037,0.3037037037037037,0.2592592592592592,1,3236.0,3,3236.0,3,1.0,1,1,1,0.3333333333333333,0.3333333333333333,0.3333333333333333,combat
general_final_0179,587,567,2133196,475,457,0.809199,0.889491,3762.250441,169,157,228,224,78,76,104,102,26,24,34,26,61,61,102,99,59,59,43,43,14,14,19,17,0,0,0.3557894736842105,0.48,0.1642105263157894,0.3435448577680525,0.4901531728665207,0.1663019693654266,1,1129.0,2,1129.0,2,1.0,1,1,0,0.5,0.5,0.0,combat
general_final_0182,64,52,116785,52,41,0.8125,0.88639,2245.865385,23,18,17,13,12,10,15,15,3,1,3,1,10,7,4,4,2,2,5,4,1,1,5,4,0,0,0.4423076923076923,0.3269230769230769,0.2307692307692307,0.4390243902439024,0.3170731707317073,0.2439024390243902,1,2322.0,7,2320.0,6,0.9991386735572784,4,2,0,0.6666666666666666,0.3333333333333333,0.0,combat
general_final_0183,108,62,114210,83,45,0.768519,0.904737,1842.096774,30,19,35,15,18,11,18,14,2,0,7,2,7,4,17,7,11,4,6,1,4,4,6,4,0,0,0.3614457831325301,0.4216867469879518,0.216867469879518,0.4222222222222222,0.3333333333333333,0.2444444444444444,1,223.0,1,0.0,0,0.0,0,0,0,0.0,0.0,0.0,combat
general_final_0185,45,27,96987,39,21,0.866667,0.873581,3592.111111,15,9,17,11,7,1,9,7,1,1,4,1,7,5,9,5,0,0,4,0,1,1,2,0,0,0,0.3846153846153846,0.4358974358974359,0.1794871794871795,0.4285714285714285,0.5238095238095238,0.0476190476190476,1,378.0,3,350.0,2,0.925925925925926,1,1,0,0.5,0.5,0.0,combat
general_final_0187,62,53,85574,49,41,0.790323,0.959836,1614.603774,22,18,19,15,8,8,13,11,1,1,6,4,9,8,4,2,6,5,2,2,3,3,3,3,0,0,0.4489795918367347,0.3877551020408163,0.1632653061224489,0.4390243902439024,0.3658536585365853,0.1951219512195122,1,151.0,2,46.0,1,0.304635761589404,0,0,1,0.0,0.0,1.0,exploration
general_final_0188,48,39,190821,35,27,0.729167,0.945263,4892.846154,16,15,8,7,11,5,13,12,2,2,0,0,3,3,3,3,0,0,4,3,0,0,6,2,0,0,0.4571428571428571,0.2285714285714285,0.3142857142857143,0.5555555555555556,0.2592592592592592,0.1851851851851851,1,1304.0,4,350.0,3,0.2684049079754601,2,1,0,0.6666666666666666,0.3333333333333333,0.0,combat
general_final_0189,83,62,411637,66,48,0.795181,0.960839,6639.306452,40,29,19,16,7,3,36,26,0,0,2,1,10,9,4,3,4,3,0,0,0,0,6,2,0,0,0.6060606060606061,0.2878787878787879,0.106060606060606,0.6041666666666666,0.3333333333333333,0.0625,1,5147.0,4,5147.0,4,1.0,1,2,1,0.25,0.5,0.25,combat
general_final_0191,126,92,258645,98,71,0.777778,0.945075,2811.358696,41,27,38,27,19,17,31,22,0,0,6,3,17,11,13,9,8,7,3,3,10,9,5,4,0,0,0.4183673469387755,0.3877551020408163,0.1938775510204081,0.380281690140845,0.380281690140845,0.2394366197183098,1,757.0,8,560.0,7,0.7397622192866579,4,3,0,0.5714285714285714,0.4285714285714285,0.0,combat
general_final_0194,9,9,5860,7,7,0.777778,0.925768,651.111111,4,4,2,2,1,1,4,4,0,0,0,0,1,1,0,0,1,1,0,0,1,1,0,0,0,0,0.5714285714285714,0.2857142857142857,0.1428571428571428,0.5714285714285714,0.2857142857142857,0.1428571428571428,1,2288.0,2,2288.0,2,1.0,2,0,0,1.0,0.0,0.0,combat
general_final_0199,135,112,89874,96,80,0.711111,0.901885,802.446429,44,37,28,26,24,17,33,27,1,1,6,5,5,5,10,9,12,11,9,8,4,4,10,4,0,0,0.4583333333333333,0.2916666666666667,0.25,0.4625,0.325,0.2125,1,1194.0,5,1180.0,3,0.9882747068676716,2,0,1,0.6666666666666666,0.0,0.3333333333333333,combat
general_final_0200,723,489,718137,581,387,0.803596,0.910525,1468.582822,190,134,251,176,140,77,110,79,27,18,49,35,86,68,95,58,63,46,39,23,25,17,72,33,0,0,0.3270223752151463,0.4320137693631669,0.2409638554216867,0.3462532299741602,0.4547803617571059,0.1989664082687338,1,1446.0,4,1325.0,3,0.9163208852005532,2,1,0,0.6666666666666666,0.3333333333333333,0.0,exploration
general_final_0201,479,402,451430,381,323,0.795407,0.853811,1122.960199,75,62,155,133,151,128,11,6,18,12,46,44,26,21,89,78,31,25,70,57,15,13,48,43,0,0,0.1968503937007874,0.4068241469816273,0.3963254593175853,0.1919504643962848,0.4117647058823529,0.3962848297213622,1,4478.0,5,4266.0,4,0.9526574363555158,0,3,1,0.0,0.75,0.25,exploration
general_final_0202,119,103,187464,109,93,0.915966,0.931176,1820.038835,55,42,41,39,13,12,38,27,7,6,6,6,16,15,13,12,8,8,4,4,5,5,4,3,0,0,0.5045871559633027,0.3761467889908257,0.1192660550458715,0.4516129032258064,0.4193548387096774,0.1290322580645161,1,8718.0,9,8216.0,8,0.9424179857765542,5,2,1,0.625,0.25,0.125,combat
general_final_0203,28,12,19369,24,10,0.857143,0.998193,1614.083333,9,5,14,4,1,1,5,2,1,1,3,2,6,1,5,2,3,1,0,0,0,0,1,1,0,0,0.375,0.5833333333333334,0.0416666666666666,0.5,0.4,0.1,1,190.0,3,189.0,2,0.9947368421052633,0,2,0,0.0,1.0,0.0,exploration
general_final_0204,77,75,291771,66,65,0.857143,0.93668,3890.28,14,14,46,45,6,6,9,9,0,0,2,2,15,15,17,16,12,12,0,0,4,4,1,1,0,0,0.2121212121212121,0.696969696969697,0.0909090909090909,0.2153846153846154,0.6923076923076923,0.0923076923076923,1,2728.0,7,720.0,4,0.2639296187683284,2,2,0,0.5,0.5,0.0,exploration
general_final_0205,118,86,178751,89,64,0.754237,0.818569,2078.5,28,19,50,36,11,9,17,11,4,3,6,5,14,9,18,14,18,13,8,6,0,0,2,2,0,0,0.3146067415730337,0.5617977528089888,0.1235955056179775,0.296875,0.5625,0.140625,1,1968.0,6,1113.0,3,0.5655487804878049,2,1,0,0.6666666666666666,0.3333333333333333,0.0,exploration
general_final_0206,40,25,43031,35,21,0.875,0.987707,1721.24,18,13,14,6,3,2,14,9,2,2,0,0,4,1,8,3,1,1,2,1,0,0,1,1,0,0,0.5142857142857142,0.4,0.0857142857142857,0.6190476190476191,0.2857142857142857,0.0952380952380952,1,1283.0,6,1117.0,5,0.8706157443491817,3,2,0,0.6,0.4,0.0,combat
general_final_0211,55,46,51150,36,29,0.654545,0.894839,1111.956522,11,9,13,10,12,10,9,7,0,0,1,1,6,6,4,2,3,2,2,2,2,2,4,2,1,1,0.3055555555555556,0.3611111111111111,0.3333333333333333,0.3103448275862069,0.3448275862068966,0.3448275862068966,1,2856.0,12,2512.0,9,0.8795518207282913,3,3,3,0.3333333333333333,0.3333333333333333,0.3333333333333333,exploration
general_final_0213,68,59,106026,56,50,0.823529,0.954926,1797.050847,19,16,33,30,4,4,13,10,4,4,2,2,5,5,20,17,6,6,2,2,0,0,1,1,0,0,0.3392857142857143,0.5892857142857143,0.0714285714285714,0.32,0.6,0.08,1,49.0,1,0.0,0,0.0,0,0,0,0.0,0.0,0.0,exploration
general_final_0215,195,134,226591,153,99,0.784615,0.847448,1690.977612,49,32,66,48,38,19,31,20,12,9,5,2,14,7,35,27,16,13,16,10,3,2,19,7,0,0,0.3202614379084967,0.4313725490196078,0.2483660130718954,0.3232323232323232,0.4848484848484848,0.1919191919191919,0,0.0,0,0.0,0,0.0,0,0,0,0.0,0.0,0.0,exploration
general_final_0217,37,26,27291,28,20,0.756757,0.969404,1049.653846,14,9,9,8,5,3,9,6,0,0,4,3,6,6,1,0,2,2,2,1,0,0,2,1,0,0,0.5,0.3214285714285714,0.1785714285714285,0.45,0.4,0.15,1,2286.0,5,2275.0,4,0.995188101487314,1,3,0,0.25,0.75,0.0,combat
general_final_0219,79,64,239380,67,55,0.848101,0.934777,3740.3125,24,20,33,30,10,5,21,18,1,1,1,1,19,18,9,8,4,4,3,2,1,0,5,2,0,0,0.3582089552238806,0.4925373134328358,0.1492537313432835,0.3636363636363636,0.5454545454545454,0.0909090909090909,1,2652.0,6,2349.0,4,0.8857466063348416,1,3,0,0.25,0.75,0.0,exploration
general_final_0220,162,70,283147,129,53,0.796296,0.912862,4044.957143,46,11,52,26,31,16,42,9,1,1,2,1,24,12,16,5,11,9,1,0,3,0,27,16,0,0,0.3565891472868217,0.4031007751937984,0.2403100775193798,0.2075471698113207,0.490566037735849,0.3018867924528302,1,16.0,2,0.0,0,0.0,0,0,0,0.0,0.0,0.0,exploration
general_final_0221,51,41,200757,44,36,0.862745,0.94706,4896.512195,21,14,22,21,1,1,18,13,0,0,2,0,9,8,9,9,3,3,0,0,0,0,0,0,0,0,0.4772727272727273,0.5,0.0227272727272727,0.3888888888888889,0.5833333333333334,0.0277777777777777,1,4102.0,5,4102.0,5,1.0,4,1,0,0.8,0.2,0.0,combat
general_final_0222,27,21,32169,19,15,0.703704,0.907147,1531.857143,11,7,7,7,1,1,8,5,2,2,1,0,6,6,1,1,0,0,0,0,0,0,0,0,0,0,0.5789473684210527,0.3684210526315789,0.0526315789473684,0.4666666666666667,0.4666666666666667,0.0666666666666666,1,97.0,1,97.0,1,1.0,1,0,0,1.0,0.0,0.0,exploration
general_final_0224,89,75,195222,63,50,0.707865,0.8738,2602.96,20,16,30,24,13,10,14,11,1,1,1,0,4,3,17,14,7,6,8,6,1,1,3,2,0,0,0.3174603174603174,0.4761904761904761,0.2063492063492063,0.32,0.48,0.2,1,1913.0,3,1908.0,2,0.9973863042341872,0,1,1,0.0,0.5,0.5,strategic_reasoning
general_final_0226,49,34,34088,37,25,0.755102,0.98366,1002.588235,13,8,19,13,5,4,10,7,1,0,1,0,3,2,8,5,7,6,1,1,0,0,3,2,0,0,0.3513513513513513,0.5135135135135135,0.1351351351351351,0.32,0.52,0.16,1,1268.0,2,1268.0,2,1.0,0,2,0,0.0,1.0,0.0,exploration
general_final_0229,268,205,1552932,210,154,0.783582,0.719408,7575.278049,63,53,91,58,56,43,29,25,12,10,17,13,27,21,45,27,17,9,28,20,4,3,17,13,1,1,0.3,0.4333333333333333,0.2666666666666666,0.3441558441558441,0.3766233766233766,0.2792207792207792,1,54515.0,19,34291.0,14,0.6290195359075483,10,3,1,0.7142857142857143,0.2142857142857142,0.0714285714285714,combat
general_final_0231,179,81,173966,145,63,0.810056,0.847988,2147.728395,43,22,79,31,23,10,25,14,6,2,10,5,15,6,44,14,15,7,11,5,5,2,6,2,0,0,0.296551724137931,0.5448275862068965,0.1586206896551724,0.3492063492063492,0.492063492063492,0.1587301587301587,1,4202.0,14,2732.0,10,0.6501665873393622,2,4,4,0.2,0.4,0.4,combat
general_final_0232,327,262,381164,241,193,0.737003,0.943229,1454.824427,128,108,79,58,34,27,89,78,12,10,16,12,25,17,25,19,28,22,11,8,4,3,17,15,0,0,0.5311203319502075,0.3278008298755187,0.1410788381742738,0.5595854922279793,0.3005181347150259,0.1398963730569948,1,572.0,20,438.0,15,0.7657342657342657,7,7,1,0.4666666666666667,0.4666666666666667,0.0666666666666666,combat
general_final_0233,454,113,206068,377,96,0.830396,0.874556,1823.610619,135,41,162,33,80,22,58,20,33,13,41,7,63,17,55,6,41,9,15,1,36,10,28,11,0,0,0.3580901856763925,0.4297082228116711,0.2122015915119363,0.4270833333333333,0.34375,0.2291666666666666,1,3785.0,5,764.0,4,0.2018494055482166,0,2,2,0.0,0.5,0.5,exploration
general_final_0234,110,97,158336,89,77,0.809091,0.881474,1632.329897,27,26,32,31,30,20,17,16,1,1,6,6,9,9,7,7,16,15,7,6,5,4,14,10,4,0,0.3033707865168539,0.3595505617977528,0.3370786516853932,0.3376623376623376,0.4025974025974026,0.2597402597402597,1,4.0,1,4.0,1,1.0,0,0,1,0.0,0.0,1.0,exploration
general_final_0235,156,110,228587,116,79,0.74359,0.773106,2078.063636,27,16,58,34,31,29,15,9,5,4,3,1,28,14,14,9,15,10,8,7,15,15,5,5,0,0,0.2327586206896551,0.5,0.2672413793103448,0.2025316455696202,0.430379746835443,0.3670886075949367,1,2115.0,16,1936.0,12,0.9153664302600472,2,4,6,0.1666666666666666,0.3333333333333333,0.5,exploration
general_final_0237,316,111,80716,241,77,0.762658,0.721443,727.171171,68,16,86,12,87,49,39,7,10,2,16,5,32,7,38,1,14,3,50,34,11,4,22,8,0,0,0.2821576763485477,0.3568464730290456,0.3609958506224066,0.2077922077922078,0.1558441558441558,0.6363636363636364,1,12897.0,2,434.0,1,0.0336512367217182,1,0,0,1.0,0.0,0.0,combat
general_final_0240,56,54,54503,41,39,0.732143,0.707154,1009.314815,13,12,20,19,8,8,7,7,0,0,5,4,9,8,4,4,7,7,3,3,2,2,2,2,0,0,0.3170731707317073,0.4878048780487805,0.1951219512195122,0.3076923076923077,0.4871794871794871,0.2051282051282051,1,329.0,9,326.0,8,0.9908814589665652,1,5,2,0.125,0.625,0.25,exploration
general_final_0241,150,135,120350,123,112,0.82,0.920258,891.481481,60,55,54,48,9,9,34,32,7,7,10,8,24,22,14,11,11,10,2,2,3,3,3,3,0,0,0.4878048780487805,0.4390243902439024,0.073170731707317,0.4910714285714285,0.4285714285714285,0.0803571428571428,1,1418.0,7,1232.0,6,0.8688293370944993,5,1,0,0.8333333333333334,0.1666666666666666,0.0,combat
general_final_0242,59,42,42741,40,26,0.677966,0.778269,1017.642857,7,5,15,10,18,11,4,3,1,0,2,2,6,5,5,2,4,3,8,5,4,3,6,3,0,0,0.175,0.375,0.45,0.1923076923076923,0.3846153846153846,0.4230769230769231,1,366.0,4,343.0,3,0.9371584699453552,1,1,1,0.3333333333333333,0.3333333333333333,0.3333333333333333,strategic_reasoning
general_final_0243,101,71,83305,79,53,0.782178,0.908217,1173.309859,36,24,40,28,3,1,15,8,7,7,10,5,6,3,29,23,5,2,1,1,0,0,2,0,0,0,0.4556962025316455,0.5063291139240507,0.0379746835443038,0.4528301886792453,0.5283018867924528,0.0188679245283018,1,1078.0,3,901.0,1,0.8358070500927643,1,0,0,1.0,0.0,0.0,combat
general_final_0246,31,25,21565,20,15,0.645161,0.968375,862.6,9,8,8,6,3,1,7,7,0,0,1,0,0,0,4,3,1,0,3,1,0,0,0,0,0,0,0.45,0.4,0.15,0.5333333333333333,0.4,0.0666666666666666,1,2305.0,3,2305.0,3,1.0,2,1,0,0.6666666666666666,0.3333333333333333,0.0,combat
general_final_0250,380,293,265924,283,226,0.744737,0.858636,907.590444,142,119,107,85,34,22,97,81,12,10,21,20,56,47,22,14,28,23,5,4,5,5,19,8,0,0,0.5017667844522968,0.3780918727915194,0.1201413427561837,0.5265486725663717,0.3761061946902654,0.0973451327433628,1,191.0,5,71.0,2,0.3717277486910995,1,1,0,0.5,0.5,0.0,combat
general_final_0251,200,163,662735,165,132,0.825,0.962851,4065.858896,109,89,42,29,14,14,63,45,18,18,18,17,18,14,14,9,9,5,4,4,4,4,5,5,0,0,0.6606060606060606,0.2545454545454545,0.0848484848484848,0.6742424242424242,0.2196969696969697,0.106060606060606,1,1206.0,4,1148.0,3,0.9519071310116086,2,1,0,0.6666666666666666,0.3333333333333333,0.0,combat
general_final_0255,156,58,40758,119,44,0.762821,0.883925,702.724138,48,19,52,18,19,7,32,13,9,3,5,1,12,4,26,6,14,8,5,2,4,0,8,3,0,0,0.4033613445378151,0.4369747899159664,0.1596638655462184,0.4318181818181818,0.4090909090909091,0.1590909090909091,1,132.0,2,20.0,1,0.1515151515151515,0,1,0,0.0,1.0,0.0,combat
general_final_0258,8,8,2884,7,7,0.875,0.900832,360.5,4,4,2,2,1,1,1,1,1,1,2,2,0,0,2,2,0,0,0,0,0,0,0,0,0,0,0.5714285714285714,0.2857142857142857,0.1428571428571428,0.5714285714285714,0.2857142857142857,0.1428571428571428,1,1.0,1,0.0,0,0.0,0,0,0,0.0,0.0,0.0,combat
general_final_0259,140,132,43912,96,89,0.685714,0.797595,332.666667,26,22,34,34,36,33,18,16,3,2,4,3,15,15,4,4,13,13,9,7,12,12,9,8,1,1,0.2708333333333333,0.3541666666666667,0.375,0.247191011235955,0.3820224719101123,0.3707865168539326,1,916.0,15,101.0,9,0.1102620087336244,3,3,3,0.3333333333333333,0.3333333333333333,0.3333333333333333,combat
general_final_0261,111,97,86907,84,74,0.756757,0.889744,895.948454,46,40,25,21,13,13,21,19,16,13,4,3,12,11,6,4,5,5,2,2,5,5,6,6,0,0,0.5476190476190477,0.2976190476190476,0.1547619047619047,0.5405405405405406,0.2837837837837837,0.1756756756756756,1,2070.0,2,1963.0,1,0.9483091787439614,1,0,0,1.0,0.0,0.0,combat
general_final_0262,48,18,12175,38,15,0.791667,0.892238,676.388889,8,5,24,7,6,3,5,2,1,1,1,1,2,1,14,2,6,4,6,3,0,0,0,0,0,0,0.2105263157894736,0.631578947368421,0.1578947368421052,0.3333333333333333,0.4666666666666667,0.2,1,737.0,4,579.0,2,0.7856173677069199,1,1,0,0.5,0.5,0.0,combat
general_final_0263,43,32,8342,33,25,0.767442,0.947495,260.6875,20,15,9,8,4,2,18,14,0,0,1,0,5,5,2,1,2,2,1,0,1,0,2,2,0,0,0.6060606060606061,0.2727272727272727,0.1212121212121212,0.6,0.32,0.08,1,103.0,4,99.0,3,0.9611650485436892,3,0,0,1.0,0.0,0.0,exploration
general_final_0265,65,42,75222,59,36,0.907692,0.882893,1791.0,37,17,21,18,1,1,31,13,1,1,5,3,4,3,8,7,8,7,0,0,1,1,0,0,0,0,0.6271186440677966,0.3559322033898305,0.0169491525423728,0.4722222222222222,0.5,0.0277777777777777,1,1871.0,2,1871.0,2,1.0,0,2,0,0.0,1.0,0.0,exploration
general_final_0271,31,19,21071,28,17,0.903226,0.865692,1109.0,8,4,13,6,7,7,1,0,4,1,3,3,5,3,3,1,4,2,1,1,2,2,3,3,0,0,0.2857142857142857,0.4642857142857143,0.25,0.2352941176470588,0.3529411764705882,0.4117647058823529,1,1404.0,4,1187.0,3,0.8454415954415955,1,2,0,0.3333333333333333,0.6666666666666666,0.0,exploration
general_final_0273,309,260,594020,253,218,0.81877,0.941281,2284.692308,124,104,88,77,41,37,86,70,16,15,15,13,29,27,33,27,24,22,12,11,15,14,13,12,0,0,0.4901185770750988,0.3478260869565217,0.1620553359683794,0.4770642201834862,0.3532110091743119,0.1697247706422018,1,565.0,2,473.0,1,0.8371681415929203,1,0,0,1.0,0.0,0.0,combat
general_final_0274,343,236,500571,261,176,0.760933,0.918979,2121.063559,103,69,83,55,75,52,64,42,14,9,23,16,20,11,47,32,14,11,25,17,16,15,30,17,0,0,0.3946360153256705,0.318007662835249,0.2873563218390804,0.3920454545454545,0.3125,0.2954545454545454,1,839.0,3,364.0,1,0.433849821215733,1,0,0,1.0,0.0,0.0,combat
general_final_0277,89,78,383978,69,60,0.775281,0.97929,4922.794872,35,31,25,20,9,9,21,19,3,2,9,8,13,9,5,5,6,5,5,5,3,3,0,0,0,0,0.5072463768115942,0.3623188405797101,0.1304347826086956,0.5166666666666667,0.3333333333333333,0.15,1,115.0,2,115.0,2,1.0,1,1,0,0.5,0.5,0.0,combat
general_final_0281,329,283,360586,260,222,0.790274,0.879269,1274.155477,127,112,95,81,38,29,87,74,10,10,15,14,41,37,29,23,20,17,11,8,13,12,11,9,0,0,0.4884615384615384,0.3653846153846153,0.1461538461538461,0.5045045045045045,0.3648648648648648,0.1306306306306306,1,1095.0,10,1003.0,9,0.9159817351598174,3,4,2,0.3333333333333333,0.4444444444444444,0.2222222222222222,combat
general_final_0283,2359,319,566798,1924,257,0.8156,0.928362,1776.796238,626,112,753,87,545,58,333,82,121,16,162,11,179,20,366,43,197,23,175,17,101,8,251,32,0,0,0.3253638253638253,0.3913721413721414,0.2832640332640332,0.4357976653696498,0.3385214007782101,0.22568093385214,1,376.0,3,186.0,2,0.4946808510638298,1,1,0,0.5,0.5,0.0,combat
general_final_0284,128,101,108919,103,77,0.804688,0.744131,1078.405941,51,33,35,30,17,14,42,25,1,0,4,4,6,6,16,12,10,9,7,6,3,3,6,4,0,0,0.4951456310679611,0.3398058252427184,0.1650485436893204,0.4285714285714285,0.3896103896103896,0.1818181818181818,1,3250.0,19,2815.0,16,0.8661538461538462,6,8,2,0.375,0.5,0.125,combat
general_final_0288,379,250,772096,297,201,0.783641,0.868654,3088.384,44,23,126,89,127,89,16,5,10,8,17,10,46,36,56,37,23,16,64,51,16,13,41,21,0,0,0.1481481481481481,0.4242424242424242,0.4276094276094276,0.1144278606965174,0.4427860696517413,0.4427860696517413,1,4841.0,7,4760.0,6,0.9832679198512704,0,3,3,0.0,0.5,0.5,exploration
general_final_0289,187,165,284525,139,121,0.743316,0.77409,1724.393939,63,57,47,40,29,24,43,38,4,3,10,10,19,16,17,13,9,9,7,7,10,9,12,8,0,0,0.4532374100719424,0.3381294964028777,0.2086330935251798,0.4710743801652892,0.3305785123966942,0.1983471074380165,1,5006.0,10,4996.0,7,0.9980023971234518,0,5,2,0.0,0.7142857142857143,0.2857142857142857,strategic_reasoning
general_final_0292,119,90,209963,99,71,0.831933,0.917547,2332.922222,44,37,34,23,21,11,30,26,3,2,5,5,16,13,12,5,5,4,2,1,3,0,14,8,0,0,0.4444444444444444,0.3434343434343434,0.2121212121212121,0.5211267605633803,0.323943661971831,0.1549295774647887,1,695.0,6,405.0,5,0.5827338129496403,2,1,2,0.4,0.2,0.4,combat
general_final_0293,125,37,148581,100,27,0.8,0.940484,4015.702703,24,4,52,21,24,2,12,1,4,1,8,2,15,8,27,10,9,2,6,1,3,0,13,0,0,0,0.24,0.52,0.24,0.1481481481481481,0.7777777777777778,0.074074074074074,1,261.0,1,0.0,0,0.0,0,0,0,0.0,0.0,0.0,exploration
general_final_0295,106,31,19978,84,24,0.792453,0.895986,644.451613,25,10,52,12,7,2,16,6,5,2,2,0,10,2,34,7,5,2,6,1,1,1,0,0,0,0,0.2976190476190476,0.6190476190476191,0.0833333333333333,0.4166666666666667,0.5,0.0833333333333333,1,1323.0,3,1323.0,3,1.0,0,3,0,0.0,1.0,0.0,combat
general_final_0296,40,27,29815,33,23,0.825,0.920778,1104.259259,21,14,9,7,3,2,13,7,2,2,3,2,5,3,3,3,1,1,1,1,0,0,2,1,0,0,0.6363636363636364,0.2727272727272727,0.0909090909090909,0.6086956521739131,0.3043478260869565,0.0869565217391304,1,239.0,2,43.0,1,0.1799163179916318,1,0,0,1.0,0.0,0.0,combat
general_final_0300,39,31,229451,31,24,0.794872,0.870434,7401.645161,15,12,15,12,1,0,4,3,7,7,2,1,4,4,5,3,3,3,1,0,0,0,0,0,0,0,0.4838709677419355,0.4838709677419355,0.032258064516129,0.5,0.5,0.0,1,1277.0,1,1277.0,1,1.0,0,1,0,0.0,1.0,0.0,combat
general_final_0301,98,67,225339,84,57,0.857143,0.953142,3363.268657,22,17,31,22,31,18,12,9,6,5,4,3,15,11,14,10,2,1,4,3,1,1,25,14,0,0,0.2619047619047619,0.369047619047619,0.369047619047619,0.2982456140350877,0.3859649122807017,0.3157894736842105,1,15.0,1,15.0,1,1.0,1,0,0,1.0,0.0,0.0,combat
general_final_0302,246,164,337795,175,108,0.711382,0.937326,2059.72561,77,54,60,33,38,21,43,37,4,2,21,7,9,6,33,19,16,7,16,9,4,1,14,7,1,1,0.44,0.3428571428571428,0.2171428571428571,0.5,0.3055555555555556,0.1944444444444444,1,5305.0,15,5200.0,11,0.9802073515551368,9,2,0,0.8181818181818182,0.1818181818181818,0.0,combat
general_final_0306,24,16,161615,21,13,0.875,0.998633,10100.9375,16,10,3,2,2,1,15,10,0,0,1,0,1,1,1,0,1,1,0,0,1,1,1,0,0,0,0.7619047619047619,0.1428571428571428,0.0952380952380952,0.7692307692307693,0.1538461538461538,0.0769230769230769,1,2009.0,1,2009.0,1,1.0,1,0,0,1.0,0.0,0.0,combat
general_final_0307,25,15,46155,23,14,0.92,0.999827,3077.0,12,11,5,1,6,2,7,6,0,0,0,0,2,1,2,0,1,0,2,0,1,0,2,1,0,0,0.5217391304347826,0.217391304347826,0.2608695652173913,0.7857142857142857,0.0714285714285714,0.1428571428571428,1,1444.0,2,1444.0,2,1.0,2,0,0,1.0,0.0,0.0,combat
general_final_0308,350,216,184719,271,174,0.774286,0.921383,855.180556,108,66,91,64,72,44,72,45,15,9,18,10,39,32,27,15,23,16,20,17,17,11,31,15,0,0,0.3985239852398524,0.3357933579335793,0.2656826568265683,0.3793103448275862,0.367816091954023,0.2528735632183908,1,2018.0,5,847.0,4,0.4197224975222993,1,0,3,0.25,0.0,0.75,combat
general_final_0309,270,139,112556,220,104,0.814815,0.843696,809.755396,97,49,94,41,29,14,61,29,12,9,17,7,26,15,49,19,17,6,13,8,5,2,9,3,0,0,0.4409090909090909,0.4272727272727272,0.1318181818181818,0.4711538461538461,0.3942307692307692,0.1346153846153846,1,4091.0,3,1420.0,2,0.3471033977022733,1,1,0,0.5,0.5,0.0,combat
general_final_0311,45,27,49886,34,21,0.755556,0.78954,1847.62963,7,3,15,8,12,10,5,1,0,0,2,2,4,1,4,2,6,4,5,3,2,2,4,4,0,0,0.2058823529411764,0.4411764705882353,0.3529411764705882,0.1428571428571428,0.3809523809523809,0.4761904761904761,1,12440.0,11,12011.0,10,0.9655144694533762,2,6,2,0.2,0.6,0.2,strategic_reasoning
general_final_0312,30,25,131305,23,18,0.766667,0.90931,5252.2,12,10,10,8,1,0,12,10,0,0,0,0,4,3,3,2,2,2,0,0,0,0,1,0,0,0,0.5217391304347826,0.4347826086956521,0.0434782608695652,0.5555555555555556,0.4444444444444444,0.0,1,457.0,3,420.0,2,0.9190371991247264,1,1,0,0.5,0.5,0.0,combat
general_final_0314,64,52,13449,42,31,0.65625,0.904008,258.634615,18,17,15,7,9,7,12,12,1,1,4,3,5,4,6,0,1,1,1,0,4,4,2,1,0,0,0.4285714285714285,0.3571428571428571,0.2142857142857142,0.5483870967741935,0.2258064516129032,0.2258064516129032,1,529.0,12,492.0,9,0.9300567107750471,6,0,3,0.6666666666666666,0.0,0.3333333333333333,combat
general_final_0315,175,162,232221,131,123,0.748571,0.895384,1433.462963,65,59,60,59,6,5,45,40,8,8,7,7,18,18,25,24,13,13,0,0,2,2,3,2,0,0,0.4961832061068702,0.4580152671755725,0.0458015267175572,0.4796747967479675,0.4796747967479675,0.040650406504065,1,1780.0,8,1773.0,7,0.9960674157303372,4,3,0,0.5714285714285714,0.4285714285714285,0.0,combat
general_final_0316,35,31,9916,30,26,0.857143,0.858108,319.870968,3,3,21,18,6,5,1,1,0,0,2,2,3,3,14,12,4,3,3,2,0,0,2,2,0,0,0.1,0.7,0.2,0.1153846153846153,0.6923076923076923,0.1923076923076923,1,1370.0,4,984.0,3,0.7182481751824817,0,2,1,0.0,0.6666666666666666,0.3333333333333333,exploration
general_final_0317,116,101,300028,95,83,0.818966,0.848624,2970.574257,39,30,48,46,8,7,25,18,4,4,8,7,12,12,19,18,16,15,2,1,1,1,4,4,0,0,0.4105263157894737,0.5052631578947369,0.0842105263157894,0.3614457831325301,0.5542168674698795,0.0843373493975903,1,1462.0,7,501.0,5,0.3426812585499316,3,1,1,0.6,0.2,0.2,exploration
general_final_0318,222,210,244625,182,172,0.81982,0.904008,1164.880952,54,51,98,91,30,30,26,23,13,13,12,12,20,19,51,48,27,24,8,8,6,6,13,13,0,0,0.2967032967032967,0.5384615384615384,0.1648351648351648,0.2965116279069767,0.5290697674418605,0.1744186046511628,1,3483.0,11,3370.0,10,0.9675567039908124,1,7,2,0.1,0.7,0.2,exploration
general_final_0319,54,34,39813,45,30,0.833333,0.977294,1170.970588,20,15,15,7,10,8,15,12,1,1,2,0,4,1,7,4,3,2,6,4,1,1,3,3,0,0,0.4444444444444444,0.3333333333333333,0.2222222222222222,0.5,0.2333333333333333,0.2666666666666666,1,420.0,5,354.0,4,0.8428571428571429,0,0,4,0.0,0.0,1.0,combat
general_final_0321,33,25,44342,31,23,0.939394,0.97932,1773.68,19,14,10,8,2,1,12,9,2,2,3,1,5,4,3,2,0,0,1,1,0,0,1,0,0,0,0.6129032258064516,0.3225806451612903,0.064516129032258,0.6086956521739131,0.3478260869565217,0.0434782608695652,1,522.0,3,521.0,2,0.9980842911877394,1,1,0,0.5,0.5,0.0,combat
general_final_0325,54,35,22982,45,29,0.833333,0.936298,656.628571,10,9,22,11,13,9,6,6,0,0,2,2,4,3,6,1,12,7,1,0,6,5,6,4,0,0,0.2222222222222222,0.4888888888888889,0.2888888888888888,0.3103448275862069,0.3793103448275862,0.3103448275862069,1,1747.0,8,1729.0,7,0.9896966227819118,1,4,2,0.1428571428571428,0.5714285714285714,0.2857142857142857,strategic_reasoning
general_final_0328,576,243,181101,455,195,0.789931,0.892888,745.271605,170,81,237,101,48,13,98,47,42,23,23,8,61,24,123,59,49,17,12,1,9,2,26,10,0,0,0.3736263736263736,0.5208791208791209,0.1054945054945055,0.4153846153846154,0.517948717948718,0.0666666666666666,1,1595.0,6,1528.0,5,0.9579937304075236,1,4,0,0.2,0.8,0.0,exploration
general_final_0329,75,62,90634,64,51,0.853333,0.921475,1461.83871,17,15,33,25,14,11,9,8,3,3,5,4,10,7,8,7,12,9,5,4,3,2,5,4,0,0,0.265625,0.515625,0.21875,0.2941176470588235,0.4901960784313725,0.2156862745098039,1,1370.0,4,206.0,1,0.1503649635036496,0,1,0,0.0,1.0,0.0,exploration
general_final_0330,54,52,143221,37,35,0.685185,0.929766,2754.25,16,14,10,10,11,11,14,12,0,0,1,1,3,3,2,2,5,5,7,7,4,4,0,0,0,0,0.4324324324324324,0.2702702702702703,0.2972972972972973,0.4,0.2857142857142857,0.3142857142857143,1,302.0,3,249.0,2,0.8245033112582781,0,1,1,0.0,0.5,0.5,exploration
general_final_0331,39,26,12867,26,19,0.666667,0.799798,494.884615,9,7,12,8,5,4,3,3,3,2,3,2,5,4,4,3,2,1,2,1,1,1,2,2,0,0,0.3461538461538461,0.4615384615384615,0.1923076923076923,0.3684210526315789,0.4210526315789473,0.2105263157894736,1,915.0,9,691.0,7,0.7551912568306011,1,5,1,0.1428571428571428,0.7142857142857143,0.1428571428571428,exploration
general_final_0332,8,8,32503,4,4,0.5,0.934345,4062.875,0,0,3,3,1,1,0,0,0,0,0,0,2,2,0,0,0,0,1,1,0,0,0,0,0,0,0.0,0.75,0.25,0.0,0.75,0.25,1,1007.0,2,1.0,1,0.0009930486593843,0,0,1,0.0,0.0,1.0,exploration
general_final_0335,8,8,8416,7,7,0.875,0.982652,1052.0,3,3,4,4,0,0,3,3,0,0,0,0,3,3,0,0,1,1,0,0,0,0,0,0,0,0,0.4285714285714285,0.5714285714285714,0.0,0.4285714285714285,0.5714285714285714,0.0,1,3205.0,5,3192.0,4,0.99594383775351,1,3,0,0.25,0.75,0.0,exploration
general_final_0336,8,8,37277,6,6,0.75,0.92604,4659.625,0,0,5,5,1,1,0,0,0,0,0,0,3,3,0,0,2,2,0,0,0,0,0,0,0,0,0.0,0.8333333333333334,0.1666666666666666,0.0,0.8333333333333334,0.1666666666666666,1,43.0,2,43.0,2,1.0,0,2,0,0.0,1.0,0.0,exploration
general_final_0338,46,14,5288,29,6,0.630435,0.729766,377.714286,9,3,11,1,9,2,6,3,2,0,1,0,2,0,6,0,3,1,1,1,1,0,7,1,0,0,0.3103448275862069,0.3793103448275862,0.3103448275862069,0.5,0.1666666666666666,0.3333333333333333,0,0.0,0,0.0,0,0.0,0,0,0,0.0,0.0,0.0,combat
general_final_0339,424,152,194862,294,106,0.693396,0.9056,1281.986842,96,41,137,52,61,13,58,24,8,4,21,8,27,14,72,21,30,14,35,6,8,2,17,4,0,0,0.3265306122448979,0.4659863945578231,0.2074829931972789,0.3867924528301887,0.490566037735849,0.1226415094339622,1,1851.0,21,1819.0,17,0.9827120475418692,9,5,3,0.5294117647058824,0.2941176470588235,0.1764705882352941,combat
general_final_0340,50,32,36813,40,27,0.8,0.990927,1150.40625,18,9,18,15,4,3,16,8,0,0,0,0,7,5,6,5,5,5,0,0,1,1,3,2,0,0,0.45,0.45,0.1,0.3333333333333333,0.5555555555555556,0.1111111111111111,1,180.0,4,180.0,4,1.0,2,2,0,0.5,0.5,0.0,exploration
general_final_0341,60,44,63963,44,30,0.733333,0.924409,1453.704545,18,10,11,9,15,11,10,5,0,0,6,4,4,3,3,2,4,4,3,2,4,3,7,5,0,0,0.4090909090909091,0.25,0.3409090909090909,0.3333333333333333,0.3,0.3666666666666666,1,1854.0,9,544.0,4,0.2934196332254584,3,1,0,0.75,0.25,0.0,combat
general_final_0342,115,93,365997,88,73,0.765217,0.94327,3935.451613,30,25,40,34,18,14,17,16,6,5,6,4,13,10,16,14,8,8,3,2,0,0,15,12,0,0,0.3409090909090909,0.4545454545454545,0.2045454545454545,0.3424657534246575,0.4657534246575342,0.1917808219178082,1,1342.0,2,1342.0,2,1.0,0,2,0,0.0,1.0,0.0,exploration
general_final_0343,43,34,156080,31,23,0.72093,0.832663,4590.588235,15,12,8,6,8,5,7,7,2,2,3,1,3,2,3,2,2,2,4,3,1,1,2,0,0,0,0.4838709677419355,0.2580645161290322,0.2580645161290322,0.5217391304347826,0.2608695652173913,0.217391304347826,1,629.0,3,629.0,3,1.0,1,1,1,0.3333333333333333,0.3333333333333333,0.3333333333333333,combat
general_final_0344,46,26,23102,38,21,0.826087,0.946628,888.538462,12,5,24,16,2,0,5,4,1,0,4,0,8,3,10,7,2,2,0,0,0,0,2,0,0,0,0.3157894736842105,0.631578947368421,0.0526315789473684,0.238095238095238,0.7619047619047619,0.0,1,557.0,5,554.0,4,0.9946140035906644,1,3,0,0.25,0.75,0.0,exploration
general_final_0345,146,99,90075,120,81,0.821918,0.941005,909.848485,60,45,56,32,4,4,43,31,2,2,3,1,19,9,20,12,17,11,1,1,1,1,2,2,0,0,0.5,0.4666666666666667,0.0333333333333333,0.5555555555555556,0.3950617283950617,0.0493827160493827,1,697.0,2,697.0,2,1.0,1,1,0,0.5,0.5,0.0,combat
general_final_0346,138,128,52443,95,88,0.688406,0.833934,409.710938,49,46,30,27,16,15,18,17,12,10,9,9,6,5,8,7,15,14,4,4,7,7,4,3,0,0,0.5157894736842106,0.3157894736842105,0.1684210526315789,0.5227272727272727,0.3068181818181818,0.1704545454545454,1,1685.0,14,567.0,10,0.3364985163204748,6,4,0,0.6,0.4,0.0,combat
general_final_0348,210,133,265705,155,92,0.738095,0.935225,1997.781955,47,27,57,33,51,32,15,11,4,1,24,14,17,14,17,7,18,8,23,15,12,9,13,5,0,0,0.3032258064516129,0.3677419354838709,0.3290322580645161,0.2934782608695652,0.358695652173913,0.3478260869565217,1,7529.0,5,7379.0,3,0.9800770354628768,2,1,0,0.6666666666666666,0.3333333333333333,0.0,combat
general_final_0352,648,435,279580,526,363,0.811728,0.8616,642.712644,242,180,191,135,93,48,137,99,55,48,47,32,37,20,88,63,65,52,43,31,5,1,45,16,0,0,0.4600760456273764,0.3631178707224334,0.1768060836501901,0.4958677685950413,0.371900826446281,0.1322314049586777,1,1040.0,3,892.0,1,0.8576923076923076,0,1,0,0.0,1.0,0.0,combat
general_final_0358,177,155,156833,148,128,0.836158,0.733194,1011.825806,66,54,64,58,18,16,30,23,12,11,22,19,11,9,36,33,16,16,11,11,0,0,7,5,0,0,0.4459459459459459,0.4324324324324324,0.1216216216216216,0.421875,0.453125,0.125,1,629.0,2,1.0,1,0.0015898251192368,0,1,0,0.0,1.0,0.0,combat
general_final_0360,60,52,150788,50,44,0.833333,0.942204,2899.769231,4,3,26,23,20,18,1,1,1,0,2,2,9,7,6,6,8,7,1,1,3,3,15,13,0,0,0.08,0.52,0.4,0.0681818181818181,0.5227272727272727,0.4090909090909091,1,7075.0,7,7075.0,7,1.0,1,3,3,0.1428571428571428,0.4285714285714285,0.4285714285714285,exploration
general_final_0364,41,40,148920,35,35,0.853659,0.888457,3723.0,14,14,17,17,4,4,8,8,4,4,0,0,4,4,9,9,3,3,1,1,1,1,2,2,0,0,0.4,0.4857142857142857,0.1142857142857142,0.4,0.4857142857142857,0.1142857142857142,1,4370.0,4,4370.0,4,1.0,2,2,0,0.5,0.5,0.0,combat
general_final_0366,104,96,116490,89,82,0.855769,0.847884,1213.4375,44,39,32,31,13,12,23,21,9,9,8,7,11,11,9,8,11,11,3,3,3,3,7,6,0,0,0.4943820224719101,0.3595505617977528,0.146067415730337,0.4756097560975609,0.3780487804878049,0.1463414634146341,1,180.0,5,177.0,4,0.9833333333333332,2,2,0,0.5,0.5,0.0,combat
general_final_0368,31,19,29579,19,12,0.612903,0.89763,1556.789474,1,0,12,6,6,6,1,0,0,0,0,0,1,1,9,3,1,1,2,2,2,2,2,2,0,0,0.0526315789473684,0.631578947368421,0.3157894736842105,0.0,0.5,0.5,1,89.0,1,89.0,1,1.0,0,0,1,0.0,0.0,1.0,strategic_reasoning
general_final_0369,236,150,393503,208,130,0.881356,0.950079,2623.353333,64,31,96,70,48,29,44,19,7,4,10,6,27,20,44,30,22,18,25,12,10,8,10,7,0,0,0.3076923076923077,0.4615384615384615,0.2307692307692307,0.2384615384615384,0.5384615384615384,0.2230769230769231,1,176.0,3,175.0,2,0.9943181818181818,1,1,0,0.5,0.5,0.0,combat
general_final_0372,30,27,103511,25,24,0.833333,0.928104,3833.740741,11,10,9,9,5,5,6,5,2,2,3,3,3,3,4,4,2,2,1,1,0,0,1,1,0,0,0.44,0.36,0.2,0.4166666666666667,0.375,0.2083333333333333,1,1900.0,2,1900.0,2,1.0,0,0,2,0.0,0.0,1.0,combat
general_final_0373,83,66,65675,65,50,0.783133,0.866997,995.075758,19,14,35,27,11,9,13,9,0,0,3,2,10,10,17,11,7,5,2,1,2,2,7,6,0,0,0.2923076923076923,0.5384615384615384,0.1692307692307692,0.28,0.54,0.18,1,553.0,5,87.0,3,0.1573236889692585,0,2,1,0.0,0.6666666666666666,0.3333333333333333,exploration
general_final_0374,321,147,49898,266,121,0.82866,0.917933,339.442177,84,42,142,70,40,9,52,28,18,9,14,5,30,6,59,33,53,31,13,6,8,0,17,2,0,0,0.3157894736842105,0.5338345864661654,0.150375939849624,0.3471074380165289,0.5785123966942148,0.0743801652892562,1,229.0,4,229.0,4,1.0,2,2,0,0.5,0.5,0.0,combat
general_final_0376,29,7,3719,26,5,0.896552,0.856951,531.285714,8,3,14,2,4,0,6,2,0,0,2,1,7,1,4,1,3,0,1,0,0,0,3,0,0,0,0.3076923076923077,0.5384615384615384,0.1538461538461538,0.6,0.4,0.0,0,0.0,0,0.0,0,0.0,0,0,0,0.0,0.0,0.0,combat
general_final_0378,371,345,458354,290,270,0.781671,0.800717,1328.562319,79,73,111,103,100,94,33,30,14,13,26,26,33,29,48,46,25,24,27,26,24,20,41,40,0,0,0.2724137931034482,0.3827586206896551,0.3448275862068966,0.2703703703703703,0.3814814814814815,0.3481481481481481,1,3625.0,10,1674.0,7,0.4617931034482758,1,1,5,0.1428571428571428,0.1428571428571428,0.7142857142857143,exploration
general_final_0379,171,142,171750,145,121,0.847953,0.875988,1209.507042,49,36,68,63,28,22,31,19,7,6,11,11,8,7,47,44,12,11,14,14,1,1,12,6,0,0,0.3379310344827586,0.4689655172413793,0.193103448275862,0.2975206611570248,0.5206611570247934,0.1818181818181818,1,453.0,1,453.0,1,1.0,0,1,0,0.0,1.0,0.0,exploration
general_final_0380,265,181,544970,219,149,0.826415,0.870255,3010.883978,55,37,106,78,58,34,29,21,7,5,18,11,28,25,50,32,25,19,26,18,10,7,20,8,0,0,0.2511415525114155,0.4840182648401826,0.2648401826484018,0.2483221476510067,0.5234899328859061,0.2281879194630872,1,2078.0,8,2064.0,7,0.9932627526467758,3,3,1,0.4285714285714285,0.4285714285714285,0.1428571428571428,exploration
general_final_0381,301,211,623544,238,165,0.790698,0.923086,2955.184834,53,29,84,58,101,78,35,21,8,3,8,5,25,17,36,24,21,16,17,15,27,23,54,37,0,0,0.2226890756302521,0.3529411764705882,0.4243697478991596,0.1757575757575757,0.3515151515151515,0.4727272727272727,1,1.0,1,0.0,0,0.0,0,0,0,0.0,0.0,0.0,strategic_reasoning
general_final_0382,255,172,170885,216,143,0.847059,0.932756,993.517442,114,78,81,54,21,11,74,56,19,12,15,6,24,18,39,21,18,15,10,4,2,1,8,5,0,0,0.5277777777777778,0.375,0.0972222222222222,0.5454545454545454,0.3776223776223776,0.0769230769230769,1,1864.0,18,1604.0,15,0.8605150214592274,12,3,0,0.8,0.2,0.0,combat
general_final_0383,191,170,271451,151,135,0.790576,0.806783,1596.770588,45,38,79,73,27,24,16,10,13,13,15,14,14,13,35,30,28,28,13,12,2,2,11,9,0,0,0.2980132450331126,0.5231788079470199,0.1788079470198675,0.2814814814814815,0.5407407407407407,0.1777777777777777,1,4295.0,5,962.0,4,0.2239813736903376,0,3,1,0.0,0.75,0.25,exploration
general_final_0385,878,609,292047,697,486,0.79385,0.881207,479.551724,219,152,247,184,231,150,135,89,41,33,40,30,50,38,131,94,60,47,104,71,28,26,99,53,0,0,0.3142037302725968,0.3543758967001434,0.3314203730272597,0.3127572016460905,0.3786008230452675,0.3086419753086419,1,2504.0,3,2486.0,2,0.992811501597444,0,2,0,0.0,1.0,0.0,combat
general_final_0386,72,27,50851,57,18,0.791667,0.980118,1883.37037,23,11,25,5,9,2,16,7,1,0,5,3,7,3,12,1,5,1,5,1,1,0,3,1,0,0,0.4035087719298245,0.4385964912280701,0.1578947368421052,0.6111111111111112,0.2777777777777778,0.1111111111111111,1,149.0,1,149.0,1,1.0,0,1,0,0.0,1.0,0.0,strategic_reasoning
general_final_0387,113,86,344477,83,69,0.734513,0.921768,4005.546512,42,34,23,18,18,17,23,17,8,7,8,8,10,9,4,1,6,6,8,7,2,2,7,7,0,0,0.5060240963855421,0.2771084337349397,0.216867469879518,0.4927536231884058,0.2608695652173913,0.2463768115942029,1,2540.0,1,2540.0,1,1.0,1,0,0,1.0,0.0,0.0,combat
general_final_0388,42,38,62483,33,30,0.785714,0.813613,1644.289474,5,4,25,23,3,3,1,1,1,1,2,2,6,6,13,12,4,3,1,1,1,1,1,1,0,0,0.1515151515151515,0.7575757575757576,0.0909090909090909,0.1333333333333333,0.7666666666666667,0.1,1,1561.0,3,1561.0,3,1.0,0,3,0,0.0,1.0,0.0,exploration
general_final_0390,178,153,219920,140,121,0.786517,0.837391,1437.385621,63,56,56,48,21,17,34,27,11,11,7,7,18,18,21,15,14,12,5,5,3,2,9,6,0,0,0.45,0.4,0.15,0.4628099173553719,0.396694214876033,0.140495867768595,1,4118.0,7,4078.0,4,0.9902865468674114,1,3,0,0.25,0.75,0.0,combat
general_final_0391,173,115,285337,133,89,0.768786,0.897893,2481.191304,70,49,42,26,21,14,60,41,3,3,5,4,15,12,19,10,8,4,2,1,3,2,16,11,0,0,0.5263157894736842,0.3157894736842105,0.1578947368421052,0.550561797752809,0.2921348314606741,0.1573033707865168,1,33.0,2,33.0,2,1.0,0,2,0,0.0,1.0,0.0,combat
general_final_0394,206,151,330690,147,123,0.713592,0.900085,2190.0,55,51,63,49,29,23,29,26,11,10,7,7,21,19,24,17,15,10,4,1,9,9,13,10,0,0,0.3741496598639456,0.4285714285714285,0.1972789115646258,0.4146341463414634,0.3983739837398374,0.1869918699186991,1,1651.0,4,1194.0,3,0.723198061780739,0,2,1,0.0,0.6666666666666666,0.3333333333333333,combat
general_final_0396,57,53,173759,48,44,0.842105,0.855639,3278.471698,12,12,29,26,7,6,6,6,2,2,4,4,9,7,11,10,8,8,4,4,1,0,1,1,0,0,0.25,0.6041666666666666,0.1458333333333333,0.2727272727272727,0.5909090909090909,0.1363636363636363,1,1706.0,3,1568.0,2,0.9191090269636576,1,1,0,0.5,0.5,0.0,exploration
general_final_0397,2025,1217,878321,1510,1036,0.745679,0.719878,721.709942,426,280,644,449,440,307,193,115,99,79,129,83,148,101,332,244,156,100,156,110,91,71,165,108,0,0,0.2821192052980132,0.4264900662251655,0.2913907284768212,0.2702702702702703,0.4333976833976834,0.2963320463320463,1,1867.0,2,1867.0,2,1.0,1,0,1,0.5,0.0,0.5,combat
general_final_0398,14,11,5487,11,9,0.785714,0.858939,498.818182,1,1,9,7,1,1,1,1,0,0,0,0,3,3,5,3,1,1,0,0,1,1,0,0,0,0,0.0909090909090909,0.8181818181818182,0.0909090909090909,0.1111111111111111,0.7777777777777778,0.1111111111111111,1,204.0,2,204.0,2,1.0,0,2,0,0.0,1.0,0.0,exploration
general_final_0399,4,2,96,3,1,0.75,0.78125,48.0,1,1,2,0,0,0,1,1,0,0,0,0,0,0,2,0,0,0,0,0,0,0,0,0,0,0,0.3333333333333333,0.6666666666666666,0.0,1.0,0.0,0.0,1,96.0,2,75.0,1,0.78125,1,0,0,1.0,0.0,0.0,combat
general_final_0400,244,185,625456,199,152,0.815574,0.975252,3380.843243,79,66,93,66,27,20,35,26,20,17,18,17,24,14,38,27,30,25,9,6,5,5,12,8,0,0,0.3969849246231156,0.4673366834170854,0.135678391959799,0.4342105263157895,0.4342105263157895,0.131578947368421,1,2068.0,7,1525.0,5,0.7374274661508704,2,3,0,0.4,0.6,0.0,combat
general_final_0401,7,5,1261,7,5,1.0,1.0,252.2,3,2,4,3,0,0,2,2,1,0,0,0,2,2,1,1,1,0,0,0,0,0,0,0,0,0,0.4285714285714285,0.5714285714285714,0.0,0.4,0.6,0.0,1,95.0,1,95.0,1,1.0,1,0,0,1.0,0.0,0.0,exploration
general_final_0403,213,192,439623,164,147,0.769953,0.83699,2289.703125,72,67,63,55,29,25,29,27,13,12,17,16,33,31,12,10,14,11,10,7,8,8,10,9,0,0,0.4390243902439024,0.3841463414634146,0.1768292682926829,0.4557823129251701,0.3741496598639456,0.1700680272108843,1,1657.0,4,74.0,1,0.0446590223295111,0,1,0,0.0,1.0,0.0,combat
general_final_0404,10,9,23407,7,7,0.7,0.960525,2600.777778,4,4,2,2,1,1,3,3,0,0,0,0,1,1,0,0,1,1,0,0,0,0,1,1,0,0,0.5714285714285714,0.2857142857142857,0.1428571428571428,0.5714285714285714,0.2857142857142857,0.1428571428571428,1,546.0,4,546.0,4,1.0,1,2,1,0.25,0.5,0.25,combat
general_final_0406,95,66,77118,85,60,0.894737,0.936085,1168.454545,19,10,46,32,20,18,13,6,1,1,3,3,6,2,36,27,2,2,16,15,2,2,2,1,0,0,0.2235294117647059,0.5411764705882353,0.2352941176470588,0.1666666666666666,0.5333333333333333,0.3,1,3321.0,17,2313.0,14,0.6964769647696477,1,10,3,0.0714285714285714,0.7142857142857143,0.2142857142857142,exploration
general_final_0407,559,380,633387,430,290,0.769231,0.918775,1666.807895,220,161,120,77,90,52,104,73,79,64,34,22,24,15,69,43,25,18,44,22,6,4,39,26,0,0,0.5116279069767442,0.2790697674418604,0.2093023255813953,0.5551724137931034,0.2655172413793103,0.1793103448275862,1,1799.0,2,1799.0,2,1.0,0,1,1,0.0,0.5,0.5,combat
general_final_0409,121,94,217281,95,69,0.785124,0.890087,2311.5,40,31,36,27,19,11,31,24,3,3,6,4,18,15,6,2,10,8,7,3,7,5,4,2,0,0,0.4210526315789473,0.3789473684210526,0.2,0.4492753623188406,0.391304347826087,0.1594202898550724,1,1846.0,8,1292.0,5,0.6998916576381365,3,2,0,0.6,0.4,0.0,combat
general_final_0410,510,362,377304,413,288,0.809804,0.849766,1042.276243,122,78,219,158,72,52,83,49,12,9,22,16,72,59,91,59,50,36,32,23,23,18,14,8,1,1,0.2953995157384987,0.5302663438256658,0.1743341404358353,0.2708333333333333,0.5486111111111112,0.1805555555555555,1,792.0,7,791.0,6,0.9987373737373736,1,4,1,0.1666666666666666,0.6666666666666666,0.1666666666666666,exploration
general_final_0411,1439,739,333026,1097,571,0.762335,0.711443,450.644114,352,189,443,232,302,150,157,71,85,55,103,60,68,34,242,120,119,68,131,68,42,27,123,53,0,0,0.3208751139471285,0.4038286235186873,0.2752962625341841,0.3309982486865149,0.4063047285464098,0.2626970227670753,1,1624.0,8,1213.0,6,0.7469211822660099,1,3,2,0.1666666666666666,0.5,0.3333333333333333,exploration
general_final_0412,80,40,78622,70,32,0.875,0.884956,1965.55,34,16,26,9,10,7,10,5,16,6,6,3,7,4,15,4,3,1,3,1,3,3,2,2,0,0,0.4857142857142857,0.3714285714285714,0.1428571428571428,0.5,0.28125,0.21875,1,730.0,3,566.0,2,0.7753424657534247,1,0,1,0.5,0.0,0.5,combat
general_final_0414,1064,705,782905,796,543,0.74812,0.783379,1110.503546,259,181,236,173,301,189,129,79,42,33,80,63,58,43,119,83,53,44,109,60,45,35,137,87,0,0,0.3253768844221105,0.2964824120603015,0.3781407035175879,0.3333333333333333,0.3186003683241252,0.3480662983425414,1,2045.0,4,1350.0,3,0.6601466992665037,1,0,2,0.3333333333333333,0.0,0.6666666666666666,combat
general_final_0424,63,53,70975,50,41,0.793651,0.982895,1339.150943,21,21,25,18,4,2,12,12,5,5,2,2,2,2,11,9,12,7,3,2,1,0,0,0,0,0,0.42,0.5,0.08,0.5121951219512195,0.4390243902439024,0.048780487804878,0,0.0,0,0.0,0,0.0,0,0,0,0.0,0.0,0.0,combat
general_final_0425,1079,623,295383,898,530,0.832252,0.880338,474.130016,281,158,400,247,217,125,140,74,50,35,81,43,78,52,212,132,107,63,72,44,47,29,91,49,1,0,0.3129175946547884,0.44543429844098,0.2416481069042316,0.2981132075471698,0.4660377358490566,0.2358490566037736,1,436.0,2,436.0,2,1.0,0,2,0,0.0,1.0,0.0,exploration
general_final_0429,84,75,44194,67,58,0.797619,0.81364,589.253333,21,18,28,24,18,16,14,13,2,2,5,3,6,4,13,13,8,7,7,7,3,3,7,5,0,0,0.3134328358208955,0.417910447761194,0.2686567164179104,0.3103448275862069,0.4137931034482758,0.2758620689655172,1,5477.0,6,5420.0,4,0.9895928427971518,2,1,1,0.5,0.25,0.25,exploration
general_final_0430,126,90,274223,84,59,0.666667,0.762606,3046.922222,40,28,27,19,17,12,29,22,4,3,4,1,9,9,9,3,7,6,3,2,7,6,4,2,0,0,0.4761904761904761,0.3214285714285714,0.2023809523809523,0.4745762711864407,0.3220338983050847,0.2033898305084746,1,5842.0,10,2157.0,6,0.3692228688805203,3,1,2,0.5,0.1666666666666666,0.3333333333333333,combat
general_final_0434,307,236,431229,251,184,0.81759,0.706309,1827.241525,99,65,81,60,71,59,30,8,34,27,33,29,17,12,30,19,29,24,1,1,9,8,57,46,0,0,0.3944223107569721,0.3227091633466135,0.2828685258964143,0.3532608695652174,0.3260869565217391,0.3206521739130434,1,5913.0,16,3991.0,12,0.6749534923050905,4,3,5,0.3333333333333333,0.25,0.4166666666666667,exploration
general_final_0436,374,332,716292,298,266,0.796791,0.871511,2157.506024,93,80,137,128,68,58,39,34,18,14,28,26,61,58,30,27,41,38,7,7,26,22,33,27,0,0,0.3120805369127516,0.4597315436241611,0.2281879194630872,0.3007518796992481,0.4812030075187969,0.2180451127819548,1,2155.0,9,1762.0,7,0.8176334106728538,3,4,0,0.4285714285714285,0.5714285714285714,0.0,combat
general_final_0438,447,343,377113,377,288,0.8434,0.921623,1099.45481,145,107,154,119,78,62,69,41,45,38,26,23,29,23,86,63,37,32,31,28,11,8,35,25,0,0,0.3846153846153846,0.4084880636604774,0.2068965517241379,0.3715277777777778,0.4131944444444444,0.2152777777777778,1,1885.0,17,831.0,9,0.4408488063660477,6,2,1,0.6666666666666666,0.2222222222222222,0.1111111111111111,combat
general_final_0440,144,138,226635,102,98,0.708333,0.914334,1642.282609,50,47,23,23,29,28,32,29,9,9,6,6,4,4,7,7,10,10,14,14,4,4,9,8,1,1,0.4901960784313725,0.2254901960784313,0.284313725490196,0.4795918367346938,0.2346938775510204,0.2857142857142857,1,4122.0,11,3994.0,10,0.9689471130519164,5,2,3,0.5,0.2,0.3,combat
general_final_0442,372,302,933305,304,250,0.817204,0.931928,3090.413907,150,125,121,100,33,25,96,78,25,20,24,22,41,36,48,39,29,23,13,10,7,6,12,8,0,0,0.4934210526315789,0.3980263157894737,0.1085526315789473,0.5,0.4,0.1,1,2589.0,4,1459.0,3,0.563538045577443,2,0,1,0.6666666666666666,0.0,0.3333333333333333,combat
general_final_0444,467,362,295041,400,310,0.856531,0.817042,815.030387,126,98,213,171,61,41,79,58,18,15,25,22,48,38,98,78,61,51,37,25,8,7,16,9,0,0,0.315,0.5325,0.1525,0.3161290322580645,0.5516129032258065,0.132258064516129,1,1015.0,10,1015.0,10,1.0,3,4,3,0.3,0.4,0.3,exploration
general_final_0445,1542,352,369253,1281,237,0.830739,0.709606,1049.014205,317,40,573,111,391,86,121,11,75,7,114,22,111,13,243,36,209,59,159,61,90,13,132,6,0,0,0.2474629195940671,0.4473067915690866,0.3052302888368462,0.1687763713080168,0.4683544303797468,0.3628691983122363,1,1900.0,9,1124.0,6,0.5915789473684211,0,6,0,0.0,1.0,0.0,exploration
general_final_0446,1503,1309,704890,1232,1089,0.819694,0.887841,538.495034,381,349,447,378,404,362,179,167,71,66,120,105,100,91,201,174,140,110,127,113,87,73,167,154,0,0,0.3092532467532468,0.3628246753246753,0.3279220779220779,0.3204775022956841,0.3471074380165289,0.3324150596877869,1,486.0,2,486.0,2,1.0,2,0,0,1.0,0.0,0.0,combat
general_final_0449,288,229,320202,230,188,0.798611,0.929629,1398.262009,143,123,73,55,14,10,98,81,20,19,14,13,21,12,30,25,21,17,4,3,2,1,7,5,0,0,0.6217391304347826,0.3173913043478261,0.0608695652173913,0.6542553191489362,0.2925531914893617,0.0531914893617021,1,421.0,7,150.0,4,0.3562945368171021,4,0,0,1.0,0.0,0.0,combat
general_final_0451,6,4,3242,4,3,0.666667,0.815238,810.5,4,3,0,0,0,0,3,2,1,1,0,0,0,0,0,0,0,0,0,0,0,0,0,0,0,0,1.0,0.0,0.0,1.0,0.0,0.0,1,2389.0,4,2332.0,3,0.9761406446211804,3,0,0,1.0,0.0,0.0,combat
general_final_0453,234,169,819072,187,140,0.799145,0.895634,4846.579882,76,54,74,57,37,29,34,22,20,14,18,14,15,13,32,21,22,19,12,8,7,6,15,13,0,0,0.4064171122994652,0.3957219251336898,0.1978609625668449,0.3857142857142857,0.4071428571428571,0.2071428571428571,1,1793.0,5,1769.0,3,0.9866146123814836,1,2,0,0.3333333333333333,0.6666666666666666,0.0,combat
general_final_0454,202,167,217829,169,142,0.836634,0.913083,1304.365269,62,48,70,64,37,30,30,19,11,11,19,16,21,20,24,22,24,21,8,5,15,13,13,11,0,0,0.3668639053254438,0.4142011834319526,0.2189349112426035,0.3380281690140845,0.4507042253521127,0.2112676056338028,1,1294.0,8,1236.0,7,0.955177743431221,3,3,1,0.4285714285714285,0.4285714285714285,0.1428571428571428,exploration
general_final_0456,7,5,23922,5,4,0.714286,0.958783,4784.4,0,0,2,2,3,2,0,0,0,0,0,0,1,1,0,0,1,1,1,0,2,2,0,0,0,0,0.0,0.4,0.6,0.0,0.5,0.5,0,0.0,0,0.0,0,0.0,0,0,0,0.0,0.0,0.0,exploration
general_final_0457,39,36,70102,25,23,0.641026,0.783045,1947.277778,13,13,11,10,1,0,11,11,0,0,0,0,6,6,1,0,1,1,0,0,1,0,0,0,0,0,0.52,0.44,0.04,0.5652173913043478,0.4347826086956521,0.0,1,1551.0,3,1201.0,2,0.7743391360412637,2,0,0,1.0,0.0,0.0,combat
general_final_0458,118,95,143336,98,79,0.830508,0.974333,1508.8,39,30,34,27,25,22,26,22,6,4,6,3,11,8,11,10,11,9,16,16,0,0,8,6,0,0,0.3979591836734694,0.3469387755102041,0.2551020408163265,0.379746835443038,0.3417721518987341,0.2784810126582278,1,1420.0,5,1366.0,4,0.9619718309859157,3,1,0,0.75,0.25,0.0,combat
general_final_0460,212,166,315284,159,127,0.75,0.817425,1899.301205,67,53,72,59,20,15,32,26,17,13,14,11,9,6,28,21,30,28,4,3,6,4,9,7,0,0,0.4213836477987421,0.4528301886792453,0.1257861635220125,0.4173228346456692,0.4645669291338583,0.1181102362204724,1,3673.0,1,0.0,0,0.0,0,0,0,0.0,0.0,0.0,exploration
general_final_0462,39,20,42163,35,18,0.897436,0.708085,2108.15,18,13,10,5,7,0,9,7,4,4,3,0,5,3,1,0,3,1,2,0,1,0,4,0,0,0,0.5142857142857142,0.2857142857142857,0.2,0.7222222222222222,0.2777777777777778,0.0,1,876.0,4,873.0,3,0.9965753424657534,2,1,0,0.6666666666666666,0.3333333333333333,0.0,combat
general_final_0464,351,298,463908,286,244,0.814815,0.911605,1556.738255,188,168,76,61,22,15,34,24,102,94,42,40,13,11,32,25,26,20,6,4,3,3,9,4,0,0,0.6573426573426573,0.2657342657342657,0.0769230769230769,0.6885245901639344,0.25,0.0614754098360655,1,1735.0,13,1203.0,8,0.693371757925072,4,4,0,0.5,0.5,0.0,combat
general_final_0465,718,434,225967,560,330,0.779944,0.786664,520.66129,222,144,288,161,50,25,140,95,36,18,37,23,64,38,129,64,81,49,17,6,9,4,22,13,0,0,0.3964285714285714,0.5142857142857142,0.0892857142857142,0.4363636363636363,0.4878787878787878,0.0757575757575757,1,3729.0,9,137.0,5,0.0367390721373022,3,2,0,0.6,0.4,0.0,exploration
general_final_0468,195,175,325320,158,144,0.810256,0.928077,1858.971429,57,52,76,67,25,25,26,22,10,10,18,17,13,12,31,27,29,25,7,7,5,5,11,11,0,0,0.360759493670886,0.4810126582278481,0.1582278481012658,0.3611111111111111,0.4652777777777778,0.1736111111111111,1,2693.0,13,2292.0,9,0.8510954326030449,4,4,1,0.4444444444444444,0.4444444444444444,0.1111111111111111,combat
general_final_0471,1919,396,375040,1602,295,0.83481,0.795454,947.070707,483,105,657,124,462,66,199,49,123,25,155,29,134,23,305,53,211,47,150,29,107,11,192,23,0,0,0.301498127340824,0.4101123595505618,0.2883895131086142,0.3559322033898305,0.4203389830508474,0.223728813559322,1,557.0,3,557.0,3,1.0,2,1,0,0.6666666666666666,0.3333333333333333,0.0,combat
general_final_0472,656,337,549950,539,272,0.821646,0.866581,1631.89911,132,53,180,78,227,141,60,27,24,5,42,17,50,29,66,26,63,23,61,40,70,51,91,47,0,0,0.2448979591836734,0.3339517625231911,0.4211502782931354,0.1948529411764706,0.2867647058823529,0.5183823529411765,1,1962.0,6,894.0,4,0.45565749235474,0,0,4,0.0,0.0,1.0,strategic_reasoning
general_final_0477,11,6,1275,8,5,0.727273,0.973333,212.5,2,1,5,4,1,0,2,1,0,0,0,0,3,3,2,1,0,0,1,0,0,0,0,0,0,0,0.25,0.625,0.125,0.2,0.8,0.0,0,0.0,0,0.0,0,0.0,0,0,0,0.0,0.0,0.0,exploration
general_final_0479,166,154,327851,136,128,0.819277,0.838491,2128.902597,25,24,66,61,45,43,11,10,7,7,6,6,12,12,28,26,23,21,30,29,2,2,13,12,0,0,0.1838235294117647,0.4852941176470588,0.3308823529411764,0.1875,0.4765625,0.3359375,1,346.0,4,168.0,2,0.4855491329479768,1,1,0,0.5,0.5,0.0,exploration
general_final_0483,209,164,269310,170,135,0.813397,0.873989,1642.134146,65,51,75,57,30,27,46,33,7,7,9,8,34,29,28,19,12,9,11,9,7,7,12,11,0,0,0.3823529411764705,0.4411764705882353,0.1764705882352941,0.3777777777777777,0.4222222222222222,0.2,1,586.0,4,586.0,4,1.0,3,0,1,0.75,0.0,0.25,combat
general_final_0488,247,160,678342,198,131,0.801619,0.972826,4239.6375,88,59,58,40,52,32,57,35,18,16,8,6,21,17,26,15,10,8,7,3,7,6,36,22,0,0,0.4444444444444444,0.2929292929292929,0.2626262626262626,0.4503816793893129,0.3053435114503817,0.2442748091603053,1,3579.0,6,3265.0,5,0.9122659960882928,4,1,0,0.8,0.2,0.0,combat
general_final_0490,10,6,17334,8,4,0.8,0.999308,2889.0,0,0,5,2,3,2,0,0,0,0,0,0,3,2,2,0,0,0,2,1,0,0,1,1,0,0,0.0,0.625,0.375,0.0,0.5,0.5,1,2007.0,5,2006.0,4,0.9995017438963628,0,2,2,0.0,0.5,0.5,exploration
general_final_0493,594,529,884487,459,405,0.772727,0.86573,1671.99811,186,166,166,143,107,96,103,93,29,26,46,39,46,41,63,54,54,46,43,40,14,12,44,38,0,0,0.4052287581699346,0.3616557734204793,0.233115468409586,0.4098765432098765,0.3530864197530864,0.237037037037037,1,3870.0,7,2515.0,5,0.6498708010335917,3,0,2,0.6,0.0,0.4,combat
general_final_0494,216,187,228425,160,138,0.740741,0.887486,1221.524064,87,78,52,45,21,15,58,50,8,8,15,14,23,22,14,11,13,11,7,6,3,3,9,5,0,0,0.54375,0.325,0.13125,0.5652173913043478,0.3260869565217391,0.108695652173913,1,114.0,2,114.0,2,1.0,0,1,1,0.0,0.5,0.5,combat
general_final_0495,12,12,9164,10,10,0.833333,0.928306,763.666667,0,0,5,5,5,5,0,0,0,0,0,0,2,2,2,2,1,1,4,4,1,1,0,0,0,0,0.0,0.5,0.5,0.0,0.5,0.5,1,1.0,1,1.0,1,1.0,0,0,1,0.0,0.0,1.0,exploration
general_final_0497,252,115,114473,203,89,0.805556,0.92614,995.417391,58,22,99,44,46,23,27,8,10,4,16,7,23,11,48,20,21,7,12,6,10,3,19,9,0,0,0.2857142857142857,0.4876847290640394,0.2266009852216748,0.247191011235955,0.4943820224719101,0.2584269662921348,1,2552.0,10,2385.0,8,0.9345611285266456,1,5,2,0.125,0.625,0.25,exploration
general_final_0500,167,61,100205,138,47,0.826347,0.754503,1642.704918,54,18,40,16,44,13,25,8,8,2,17,4,8,5,18,3,9,4,27,9,3,2,11,2,0,0,0.391304347826087,0.2898550724637681,0.3188405797101449,0.3829787234042553,0.3404255319148936,0.2765957446808511,1,778.0,8,664.0,7,0.8534704370179949,2,3,2,0.2857142857142857,0.4285714285714285,0.2857142857142857,combat
general_final_0501,127,123,306771,95,92,0.748031,0.740816,2494.073171,26,25,48,46,21,21,9,9,7,7,9,8,6,6,27,26,13,12,7,7,2,2,10,10,0,0,0.2736842105263158,0.5052631578947369,0.2210526315789473,0.2717391304347826,0.5,0.2282608695652173,1,4008.0,9,3444.0,4,0.8592814371257484,1,1,2,0.25,0.25,0.5,exploration
general_final_0502,48,44,123962,39,35,0.8125,0.911239,2817.318182,17,16,16,13,6,6,13,12,0,0,3,3,10,8,5,4,1,1,1,1,2,2,2,2,0,0,0.4358974358974359,0.4102564102564102,0.1538461538461538,0.4571428571428571,0.3714285714285714,0.1714285714285714,1,4126.0,5,38.0,2,0.0092098885118759,1,0,1,0.5,0.0,0.5,combat
general_final_0506,227,191,529649,186,158,0.819383,0.91207,2773.031414,80,72,72,58,34,28,53,46,8,7,17,17,28,25,16,9,22,19,10,7,7,7,17,14,0,0,0.4301075268817204,0.3870967741935484,0.1827956989247312,0.4556962025316455,0.3670886075949367,0.1772151898734177,1,2436.0,9,2008.0,6,0.8243021346469622,2,4,0,0.3333333333333333,0.6666666666666666,0.0,combat
general_final_0512,414,292,218530,336,239,0.811594,0.934425,748.390411,182,125,78,51,76,63,109,63,23,21,45,36,17,10,41,28,19,13,11,9,12,12,51,40,0,0,0.5416666666666666,0.2321428571428571,0.2261904761904762,0.5230125523012552,0.2133891213389121,0.2635983263598326,1,477.0,6,477.0,6,1.0,3,2,1,0.5,0.3333333333333333,0.1666666666666666,combat
general_final_0514,174,151,281662,138,119,0.793103,0.820686,1865.311258,40,32,70,63,28,24,21,14,6,6,12,11,19,18,27,23,21,20,11,8,7,7,10,9,0,0,0.2898550724637681,0.5072463768115942,0.2028985507246377,0.2689075630252101,0.5294117647058824,0.2016806722689075,1,4661.0,7,3000.0,5,0.6436387041407423,1,4,0,0.2,0.8,0.0,exploration
general_final_0516,47,19,65671,37,13,0.787234,0.918823,3456.368421,14,9,14,3,9,1,10,7,2,1,2,1,5,2,6,1,3,0,3,0,0,0,5,0,0,0,0.3783783783783784,0.3783783783783784,0.2432432432432432,0.6923076923076923,0.2307692307692307,0.0769230769230769,1,553.0,2,550.0,1,0.9945750452079566,1,0,0,1.0,0.0,0.0,combat
general_final_0517,1798,1581,765922,1213,1056,0.674638,0.769624,484.454143,398,333,374,336,441,387,142,102,54,47,202,184,41,34,248,226,69,60,257,233,27,22,117,93,0,0,0.3281121187139324,0.3083264633140973,0.3635614179719703,0.3153409090909091,0.3181818181818182,0.3664772727272727,1,20.0,2,5.0,1,0.25,0,1,0,0.0,1.0,0.0,combat
general_final_0520,87,79,179896,73,67,0.83908,0.902193,2277.164557,48,44,19,17,6,6,21,18,14,13,11,11,11,9,4,4,4,4,1,1,1,1,4,4,0,0,0.6575342465753424,0.2602739726027397,0.0821917808219178,0.6567164179104478,0.2537313432835821,0.0895522388059701,1,3368.0,2,3368.0,2,1.0,2,0,0,1.0,0.0,0.0,combat
general_final_0522,144,111,283552,117,87,0.8125,0.860315,2554.522523,69,53,44,33,4,1,32,23,17,12,13,11,15,11,15,12,14,10,1,0,0,0,2,1,0,0,0.5897435897435898,0.376068376068376,0.0341880341880341,0.6091954022988506,0.3793103448275862,0.0114942528735632,1,703.0,2,703.0,2,1.0,2,0,0,1.0,0.0,0.0,combat
general_final_0523,85,46,78739,68,40,0.8,0.880618,1711.717391,29,18,35,18,4,4,14,5,8,8,6,5,8,4,16,9,11,5,1,1,0,0,2,2,0,0,0.4264705882352941,0.5147058823529411,0.0588235294117647,0.45,0.45,0.1,1,921.0,2,921.0,2,1.0,2,0,0,1.0,0.0,0.0,combat
general_final_0525,62,53,85686,47,40,0.758065,0.888593,1616.716981,18,15,21,19,8,6,10,9,2,2,5,3,5,5,11,9,4,4,2,1,2,2,2,1,0,0,0.3829787234042553,0.4468085106382978,0.1702127659574468,0.375,0.475,0.15,1,1788.0,8,1689.0,6,0.9446308724832216,2,2,2,0.3333333333333333,0.3333333333333333,0.3333333333333333,combat
general_final_0526,116,44,61571,101,39,0.87069,0.940345,1399.340909,16,9,29,11,56,19,4,2,6,3,6,4,6,2,12,4,10,5,18,9,15,8,23,2,0,0,0.1584158415841584,0.2871287128712871,0.5544554455445545,0.2307692307692307,0.282051282051282,0.4871794871794871,1,3669.0,4,3669.0,4,1.0,1,0,3,0.25,0.0,0.75,strategic_reasoning
general_final_0529,130,87,254714,115,73,0.884615,0.926302,2927.747126,48,25,59,42,8,6,36,18,3,2,6,3,11,6,29,20,17,15,2,2,1,1,5,3,0,0,0.417391304347826,0.5130434782608696,0.0695652173913043,0.3424657534246575,0.5753424657534246,0.0821917808219178,1,5026.0,10,4517.0,7,0.8987266215678472,5,2,0,0.7142857142857143,0.2857142857142857,0.0,combat
general_final_0532,199,189,419429,146,139,0.733668,0.816298,2219.201058,60,54,50,50,36,35,21,18,10,10,26,23,17,17,13,13,15,15,12,11,6,6,15,15,0,0,0.410958904109589,0.3424657534246575,0.2465753424657534,0.3884892086330935,0.3597122302158273,0.2517985611510791,1,3068.0,7,2497.0,5,0.8138852672750978,2,2,1,0.4,0.4,0.2,combat
general_final_0535,35,31,167982,33,29,0.942857,0.998661,5418.774194,24,20,9,9,0,0,19,17,0,0,2,1,5,5,2,2,2,2,0,0,0,0,0,0,0,0,0.7272727272727273,0.2727272727272727,0.0,0.6896551724137931,0.3103448275862069,0.0,1,1705.0,4,1700.0,3,0.997067448680352,2,1,0,0.6666666666666666,0.3333333333333333,0.0,combat
general_final_0536,49,41,86378,43,37,0.877551,0.969101,2106.780488,5,5,33,27,5,5,2,2,0,0,2,2,4,4,22,18,7,5,3,3,0,0,1,1,0,0,0.1162790697674418,0.7674418604651163,0.1162790697674418,0.1351351351351351,0.7297297297297297,0.1351351351351351,1,172.0,1,172.0,1,1.0,0,1,0,0.0,1.0,0.0,strategic_reasoning
general_final_0537,73,63,144656,59,53,0.808219,0.945878,2296.126984,33,28,17,17,9,8,26,21,1,1,5,5,5,5,8,8,4,4,2,2,1,1,6,5,0,0,0.559322033898305,0.288135593220339,0.1525423728813559,0.5283018867924528,0.320754716981132,0.1509433962264151,0,0.0,0,0.0,0,0.0,0,0,0,0.0,0.0,0.0,combat
general_final_0539,59,48,123809,43,33,0.728814,0.884386,2579.354167,22,18,10,6,11,9,9,7,3,3,8,7,1,0,5,2,4,4,6,5,0,0,3,2,0,0,0.5116279069767442,0.2325581395348837,0.2558139534883721,0.5454545454545454,0.1818181818181818,0.2727272727272727,1,214.0,6,116.0,4,0.5420560747663551,3,1,0,0.75,0.25,0.0,combat
general_final_0541,85,71,177922,68,56,0.8,0.90801,2505.943662,49,37,15,15,4,4,41,29,1,1,2,2,9,9,3,3,3,3,0,0,0,0,2,2,0,0,0.7205882352941176,0.2205882352941176,0.0588235294117647,0.6607142857142857,0.2678571428571428,0.0714285714285714,1,1015.0,2,1015.0,2,1.0,2,0,0,1.0,0.0,0.0,combat
general_final_0543,158,104,108415,129,80,0.816456,0.867011,1042.451923,48,21,57,38,24,21,33,13,5,3,7,3,16,14,23,10,17,13,17,15,4,3,2,2,0,0,0.3720930232558139,0.4418604651162791,0.1860465116279069,0.2625,0.475,0.2625,1,3193.0,11,2211.0,7,0.6924522392734106,2,2,3,0.2857142857142857,0.2857142857142857,0.4285714285714285,combat
general_final_0546,91,70,237142,69,50,0.758242,0.827778,3387.742857,30,15,22,21,17,14,19,5,2,1,8,8,4,3,11,11,6,6,12,10,2,1,3,3,0,0,0.4347826086956521,0.3188405797101449,0.2463768115942029,0.3,0.42,0.28,1,1093.0,8,951.0,5,0.8700823421774931,1,4,0,0.2,0.8,0.0,combat
general_final_0547,54,22,10185,46,19,0.851852,0.870103,462.954545,7,4,28,11,11,4,2,1,3,1,2,2,1,1,17,5,9,5,6,2,0,0,5,2,0,0,0.1521739130434782,0.6086956521739131,0.2391304347826087,0.2105263157894736,0.5789473684210527,0.2105263157894736,1,260.0,2,260.0,2,1.0,0,2,0,0.0,1.0,0.0,exploration
general_final_0549,35,31,147358,23,20,0.657143,0.751476,4753.483871,16,14,5,4,2,2,11,9,3,3,2,2,2,2,1,1,2,1,0,0,0,0,2,2,0,0,0.6956521739130435,0.217391304347826,0.0869565217391304,0.7,0.2,0.1,1,1009.0,3,991.0,1,0.9821605550049554,0,1,0,0.0,1.0,0.0,exploration
general_final_0550,58,57,66268,33,32,0.568966,0.864203,1162.596491,13,13,11,11,9,8,6,6,0,0,6,6,4,4,3,3,3,3,1,1,4,3,3,3,0,0,0.3939393939393939,0.3333333333333333,0.2727272727272727,0.40625,0.34375,0.25,1,1852.0,15,1028.0,11,0.5550755939524838,5,4,2,0.4545454545454545,0.3636363636363636,0.1818181818181818,strategic_reasoning
general_final_0551,358,203,376344,301,161,0.840782,0.789188,1853.91133,106,66,107,50,88,45,57,41,13,7,32,18,22,13,60,28,23,8,55,29,8,4,24,12,0,0,0.3521594684385382,0.3554817275747508,0.292358803986711,0.4099378881987577,0.3105590062111801,0.2795031055900621,1,8520.0,4,445.0,2,0.0522300469483568,0,2,0,0.0,1.0,0.0,combat
general_final_0552,188,180,376739,155,149,0.824468,0.895769,2092.994444,76,71,50,49,29,29,46,42,6,6,20,19,17,17,9,9,21,20,11,11,5,5,11,11,1,1,0.4903225806451612,0.3225806451612903,0.1870967741935484,0.4765100671140939,0.3288590604026846,0.1946308724832214,1,4753.0,10,4655.0,8,0.979381443298969,5,2,1,0.625,0.25,0.125,combat
general_final_0554,22,10,1981,21,10,0.954545,1.0,198.1,21,10,0,0,0,0,21,10,0,0,0,0,0,0,0,0,0,0,0,0,0,0,0,0,0,0,1.0,0.0,0.0,1.0,0.0,0.0,1,1981.0,10,1981.0,10,1.0,10,0,0,1.0,0.0,0.0,combat
general_final_0555,224,120,127047,186,96,0.830357,0.871063,1058.725,42,17,68,37,76,42,22,13,6,1,12,2,15,10,25,10,24,14,38,19,12,9,24,13,0,0,0.2258064516129032,0.3655913978494624,0.4086021505376344,0.1770833333333333,0.3854166666666667,0.4375,1,1677.0,12,1249.0,10,0.7447823494335122,0,2,8,0.0,0.2,0.8,strategic_reasoning
general_final_0556,15,15,50691,12,12,0.8,0.981377,3379.4,8,8,1,1,3,3,4,4,0,0,1,1,0,0,1,1,0,0,1,1,0,0,1,1,0,0,0.6666666666666666,0.0833333333333333,0.25,0.6666666666666666,0.0833333333333333,0.25,1,2320.0,5,1746.0,3,0.7525862068965518,2,0,1,0.6666666666666666,0.0,0.3333333333333333,combat
general_final_0557,288,282,186717,202,198,0.701389,0.854068,662.117021,15,14,64,62,123,122,3,3,6,6,6,5,7,7,27,27,27,26,101,101,14,13,7,7,0,0,0.0742574257425742,0.3168316831683168,0.6089108910891089,0.0707070707070707,0.3131313131313131,0.6161616161616161,1,2679.0,15,1326.0,7,0.4949608062709966,1,2,4,0.1428571428571428,0.2857142857142857,0.5714285714285714,exploration
general_final_0563,86,74,142535,65,54,0.755814,0.759771,1926.148649,27,22,29,23,9,9,17,13,3,3,5,5,6,4,15,13,8,6,2,2,5,5,1,1,0,0,0.4153846153846154,0.4461538461538462,0.1384615384615384,0.4074074074074074,0.4259259259259259,0.1666666666666666,1,2983.0,6,2634.0,5,0.8830036875628562,1,4,0,0.2,0.8,0.0,combat
general_final_0564,173,134,965352,137,104,0.791908,0.80154,7204.119403,27,21,53,38,57,45,3,2,6,5,17,13,7,3,24,18,19,16,23,19,5,4,26,19,0,0,0.1970802919708029,0.3868613138686131,0.4160583941605839,0.2019230769230769,0.3653846153846153,0.4326923076923077,1,4440.0,10,2709.0,7,0.6101351351351352,2,3,2,0.2857142857142857,0.4285714285714285,0.2857142857142857,strategic_reasoning
general_final_0566,613,409,1214258,500,341,0.815661,0.912852,2968.845966,160,107,197,128,143,106,94,63,31,23,29,18,74,56,69,35,49,35,20,17,50,45,71,43,0,0,0.32,0.394,0.286,0.313782991202346,0.375366568914956,0.3108504398826979,1,1904.0,8,1815.0,7,0.9532563025210083,2,2,3,0.2857142857142857,0.2857142857142857,0.4285714285714285,combat
general_final_0568,28,19,19769,23,14,0.821429,0.966867,1040.473684,17,13,3,0,3,1,16,12,0,0,0,0,0,0,3,0,0,0,1,1,1,0,1,0,0,0,0.7391304347826086,0.1304347826086956,0.1304347826086956,0.9285714285714286,0.0,0.0714285714285714,1,311.0,5,311.0,5,1.0,5,0,0,1.0,0.0,0.0,combat
general_final_0569,109,86,100663,90,72,0.825688,0.847104,1170.5,22,15,55,45,13,12,17,10,4,4,1,1,3,2,37,30,14,12,8,8,3,2,2,2,0,0,0.2444444444444444,0.6111111111111112,0.1444444444444444,0.2083333333333333,0.625,0.1666666666666666,0,0.0,0,0.0,0,0.0,0,0,0,0.0,0.0,0.0,exploration
general_final_0571,10,9,13578,8,7,0.8,0.759685,1508.666667,5,4,3,3,0,0,5,4,0,0,0,0,1,1,0,0,1,1,0,0,0,0,0,0,0,0,0.625,0.375,0.0,0.5714285714285714,0.4285714285714285,0.0,1,5299.0,6,4494.0,4,0.8480845442536328,1,3,0,0.25,0.75,0.0,combat
general_final_0573,349,224,520200,289,182,0.82808,0.85797,2322.321429,112,74,106,57,71,51,72,46,22,15,16,12,18,9,55,31,32,17,28,21,6,5,34,22,0,0,0.3875432525951557,0.3667820069204152,0.245674740484429,0.4065934065934066,0.3131868131868132,0.2802197802197802,1,1659.0,7,571.0,4,0.3441832429174201,2,1,1,0.5,0.25,0.25,combat
general_final_0574,236,98,338926,178,71,0.754237,0.981188,3458.428571,62,30,65,25,51,16,33,22,7,4,21,3,7,3,31,9,24,11,22,11,3,0,23,4,0,0,0.348314606741573,0.3651685393258427,0.2865168539325842,0.4225352112676056,0.352112676056338,0.2253521126760563,1,672.0,7,528.0,6,0.7857142857142857,2,4,0,0.3333333333333333,0.6666666666666666,0.0,combat
general_final_0576,131,70,96550,98,46,0.748092,0.785262,1379.285714,48,19,36,23,14,4,27,11,6,2,12,5,9,4,17,11,7,6,3,1,2,0,7,1,0,0,0.4897959183673469,0.3673469387755102,0.1428571428571428,0.4130434782608695,0.5,0.0869565217391304,1,195.0,3,100.0,2,0.5128205128205128,1,1,0,0.5,0.5,0.0,combat
general_final_0578,578,207,497961,467,154,0.807958,0.850366,2405.608696,138,43,210,85,119,26,60,14,35,14,35,13,34,9,105,43,57,24,42,10,39,6,36,8,0,0,0.2955032119914347,0.449678800856531,0.2548179871520342,0.2792207792207792,0.551948051948052,0.1688311688311688,1,1527.0,3,0.0,0,0.0,0,0,0,0.0,0.0,0.0,combat
general_final_0581,124,74,207054,100,57,0.806452,0.820535,2798.027027,33,15,48,27,19,15,12,3,10,5,9,5,8,6,25,11,10,6,10,8,2,1,6,5,0,0,0.33,0.48,0.19,0.2631578947368421,0.4736842105263157,0.2631578947368421,1,2235.0,5,2235.0,5,1.0,0,4,1,0.0,0.8,0.2,exploration
general_final_0584,619,546,1274971,483,428,0.780291,0.941901,2335.111722,211,191,209,182,63,55,132,118,29,29,42,36,81,77,62,43,53,50,20,18,15,13,19,17,0,0,0.4368530020703933,0.432712215320911,0.1304347826086956,0.4462616822429907,0.4252336448598131,0.1285046728971962,1,2223.0,6,1460.0,5,0.656770130454341,4,0,1,0.8,0.0,0.2,combat
general_final_0585,12,12,48549,10,10,0.833333,0.9676,4045.75,0,0,8,8,2,2,0,0,0,0,0,0,0,0,4,4,4,4,1,1,0,0,1,1,0,0,0.0,0.8,0.2,0.0,0.8,0.2,1,3866.0,5,2484.0,3,0.6425245732022763,0,1,2,0.0,0.3333333333333333,0.6666666666666666,exploration
general_final_0586,120,113,209721,101,96,0.841667,0.900563,1855.938053,38,35,39,37,24,24,12,11,9,8,17,16,9,9,21,19,8,8,8,8,4,4,10,10,0,0,0.3762376237623762,0.3861386138613861,0.2376237623762376,0.3645833333333333,0.3854166666666667,0.25,1,974.0,2,974.0,2,1.0,1,1,0,0.5,0.5,0.0,combat
general_final_0587,539,477,394206,411,371,0.762523,0.853303,826.427673,100,91,220,198,91,82,38,30,30,30,30,29,66,59,90,78,59,56,29,26,22,22,33,27,1,1,0.24330900243309,0.5352798053527981,0.2214111922141119,0.2452830188679245,0.5336927223719676,0.2210242587601078,1,1258.0,7,872.0,6,0.6931637519872814,0,5,1,0.0,0.8333333333333334,0.1666666666666666,exploration
general_final_0588,189,158,306360,147,121,0.777778,0.950447,1938.987342,59,51,51,43,37,27,41,37,6,5,8,5,15,14,23,16,10,10,8,6,15,11,12,8,0,0,0.4013605442176871,0.3469387755102041,0.2517006802721088,0.4214876033057851,0.3553719008264462,0.2231404958677686,1,2084.0,9,1968.0,7,0.944337811900192,4,3,0,0.5714285714285714,0.4285714285714285,0.0,combat
general_final_0589,30,22,19930,23,15,0.766667,0.892173,905.909091,4,3,14,8,5,4,2,2,0,0,1,0,4,1,3,1,6,5,0,0,3,2,2,2,0,0,0.1739130434782608,0.6086956521739131,0.217391304347826,0.2,0.5333333333333333,0.2666666666666666,1,1075.0,3,651.0,2,0.6055813953488373,1,1,0,0.5,0.5,0.0,exploration
general_final_0591,110,106,132828,77,73,0.7,0.892598,1253.09434,32,28,20,20,25,25,10,7,7,7,10,9,3,3,7,7,9,9,5,5,3,3,15,15,0,0,0.4155844155844156,0.2597402597402597,0.3246753246753247,0.3835616438356164,0.273972602739726,0.3424657534246575,1,2441.0,21,2132.0,12,0.8734125358459648,6,2,4,0.5,0.1666666666666666,0.3333333333333333,combat
general_final_0593,191,147,55667,151,121,0.790576,0.905941,378.687075,37,33,73,59,41,29,23,19,6,6,6,6,16,14,34,27,20,17,37,25,1,1,3,3,0,0,0.2450331125827814,0.4834437086092715,0.271523178807947,0.2727272727272727,0.4876033057851239,0.2396694214876033,1,1970.0,9,1918.0,8,0.9736040609137055,0,4,4,0.0,0.5,0.5,exploration
general_final_0595,508,347,205945,400,271,0.787402,0.878215,593.501441,141,102,177,122,82,47,85,58,20,14,33,27,22,16,80,50,71,53,47,29,9,3,26,15,0,0,0.3525,0.4425,0.205,0.3763837638376384,0.4501845018450184,0.1734317343173431,1,3134.0,5,2047.0,3,0.6531589023611998,2,0,1,0.6666666666666666,0.0,0.3333333333333333,combat
general_final_0596,28,28,117499,22,22,0.785714,0.89605,4196.392857,4,4,17,17,1,1,0,0,0,0,4,4,2,2,4,4,10,10,1,1,0,0,0,0,0,0,0.1818181818181818,0.7727272727272727,0.0454545454545454,0.1818181818181818,0.7727272727272727,0.0454545454545454,1,5177.0,2,93.0,1,0.0179640718562874,0,1,0,0.0,1.0,0.0,exploration
general_final_0597,167,154,245967,120,109,0.718563,0.727159,1597.188312,42,37,33,29,45,43,28,24,4,4,9,8,12,10,7,6,13,12,7,7,21,20,11,11,1,1,0.35,0.275,0.375,0.3394495412844037,0.2660550458715596,0.3944954128440367,1,394.0,2,388.0,1,0.9847715736040608,1,0,0,1.0,0.0,0.0,exploration
general_final_0600,124,109,1095992,105,93,0.846774,0.959563,10054.972477,26,23,48,42,31,28,15,12,4,4,7,7,15,15,20,16,8,7,20,19,5,5,5,3,0,0,0.2476190476190476,0.4571428571428571,0.2952380952380952,0.2473118279569892,0.4516129032258064,0.3010752688172043,1,9720.0,7,3634.0,5,0.3738683127572016,1,2,2,0.2,0.4,0.4,strategic_reasoning
general_final_0602,222,210,213193,167,156,0.752252,0.871539,1015.204762,71,64,60,58,36,34,40,33,7,7,15,15,29,28,11,11,19,19,16,14,14,14,5,5,0,0,0.4251497005988024,0.3592814371257485,0.2155688622754491,0.4102564102564102,0.3717948717948718,0.2179487179487179,1,1162.0,6,1133.0,5,0.9750430292598968,2,2,1,0.4,0.4,0.2,exploration
general_final_0603,66,40,40821,50,30,0.757576,0.865045,1020.525,24,18,16,9,10,3,16,12,2,2,2,1,5,4,6,3,4,2,5,2,1,0,3,0,0,0,0.48,0.32,0.2,0.6,0.3,0.1,0,0.0,0,0.0,0,0.0,0,0,0,0.0,0.0,0.0,combat
general_final_0606,82,73,247104,64,56,0.780488,0.780214,3384.986301,28,23,31,28,5,5,12,8,7,7,9,8,5,5,16,13,10,10,2,2,0,0,3,3,0,0,0.4375,0.484375,0.078125,0.4107142857142857,0.5,0.0892857142857142,1,1576.0,6,925.0,3,0.5869289340101523,1,1,1,0.3333333333333333,0.3333333333333333,0.3333333333333333,exploration
general_final_0607,154,124,272105,120,95,0.779221,0.935639,2194.395161,52,44,35,25,33,26,32,29,7,6,10,6,9,5,17,13,5,4,12,10,4,3,16,12,0,0,0.4333333333333333,0.2916666666666667,0.275,0.4631578947368421,0.2631578947368421,0.2736842105263158,1,2600.0,8,2151.0,5,0.8273076923076923,2,1,2,0.4,0.2,0.4,combat
general_final_0608,42,37,54168,31,28,0.738095,0.886907,1464.0,18,16,4,4,9,8,14,12,2,2,1,1,1,1,2,2,1,1,2,2,4,3,3,3,0,0,0.5806451612903226,0.1290322580645161,0.2903225806451613,0.5714285714285714,0.1428571428571428,0.2857142857142857,1,3372.0,9,2919.0,7,0.8656583629893239,4,0,3,0.5714285714285714,0.0,0.4285714285714285,combat
general_final_0609,62,48,65979,47,37,0.758065,0.75718,1374.5625,6,5,30,22,11,10,3,2,0,0,3,3,0,0,18,12,12,10,10,9,0,0,1,1,0,0,0.1276595744680851,0.6382978723404256,0.2340425531914893,0.1351351351351351,0.5945945945945946,0.2702702702702703,1,257.0,1,0.0,0,0.0,0,0,0,0.0,0.0,0.0,exploration
general_final_0612,767,278,759500,587,211,0.765319,0.88581,2732.014388,153,55,326,120,108,36,109,44,21,6,21,5,57,20,190,69,70,29,74,25,7,1,26,9,0,0,0.2606473594548552,0.555366269165247,0.1839863713798978,0.2606635071090047,0.5687203791469194,0.1706161137440758,1,5166.0,6,4348.0,5,0.8416569879984515,0,2,3,0.0,0.4,0.6,exploration
general_final_0613,117,49,60557,88,28,0.752137,0.771009,1235.857143,38,7,29,13,21,8,24,2,2,1,11,4,9,6,13,5,7,2,7,1,5,2,7,3,0,0,0.4318181818181818,0.3295454545454545,0.2386363636363636,0.25,0.4642857142857143,0.2857142857142857,1,242.0,5,208.0,4,0.859504132231405,1,2,1,0.25,0.5,0.25,exploration
general_final_0617,162,130,78348,140,111,0.864198,0.877687,602.676923,32,28,69,55,39,28,21,18,4,4,7,6,24,22,13,7,29,24,15,9,10,8,13,10,0,0,0.2285714285714285,0.4928571428571429,0.2785714285714286,0.2522522522522522,0.4954954954954955,0.2522522522522522,1,1098.0,3,1098.0,3,1.0,0,3,0,0.0,1.0,0.0,exploration
general_final_0619,157,125,263137,130,105,0.828025,0.962164,2105.096,52,44,64,53,14,8,34,28,7,6,8,7,17,16,27,21,18,14,7,2,3,2,2,2,0,0,0.4,0.4923076923076923,0.1076923076923077,0.419047619047619,0.5047619047619047,0.0761904761904762,1,5112.0,4,4985.0,3,0.9751564945226916,1,2,0,0.3333333333333333,0.6666666666666666,0.0,combat
general_final_0620,126,83,165474,108,73,0.857143,0.964726,1993.662651,38,25,54,39,16,9,28,21,2,1,4,1,17,14,20,11,15,12,11,8,2,1,3,0,0,0,0.3518518518518518,0.5,0.1481481481481481,0.3424657534246575,0.5342465753424658,0.1232876712328767,1,1131.0,10,1125.0,9,0.9946949602122016,6,2,1,0.6666666666666666,0.2222222222222222,0.1111111111111111,combat
general_final_0621,133,120,543854,110,98,0.827068,0.701497,4532.116667,37,34,52,44,21,20,21,18,4,4,9,9,15,12,16,13,18,16,8,8,5,5,5,4,0,0,0.3363636363636363,0.4727272727272727,0.1909090909090909,0.3469387755102041,0.4489795918367347,0.2040816326530612,1,3875.0,7,412.0,4,0.1063225806451612,0,0,4,0.0,0.0,1.0,combat
general_final_0623,237,69,104272,196,51,0.827004,0.795247,1511.188406,70,17,76,14,50,20,54,16,5,0,8,1,15,4,38,7,23,3,28,16,8,2,14,2,0,0,0.3571428571428571,0.3877551020408163,0.2551020408163265,0.3333333333333333,0.2745098039215686,0.392156862745098,1,2683.0,5,2551.0,4,0.9508013417815878,1,2,1,0.25,0.5,0.25,combat
general_final_0628,80,76,444108,66,64,0.825,0.923505,5843.526316,36,35,22,22,8,7,25,24,3,3,7,7,5,5,9,9,8,8,3,3,3,3,1,1,0,0,0.5454545454545454,0.3333333333333333,0.1212121212121212,0.546875,0.34375,0.109375,1,717.0,5,717.0,5,1.0,2,2,1,0.4,0.4,0.2,combat
general_final_0629,50,42,817748,41,35,0.82,0.880353,19470.190476,9,8,24,19,8,8,6,6,2,1,0,0,11,7,8,7,5,5,6,6,0,0,2,2,0,0,0.2195121951219512,0.5853658536585366,0.1951219512195122,0.2285714285714285,0.5428571428571428,0.2285714285714285,1,5738.0,4,3714.0,3,0.6472638550017428,2,1,0,0.6666666666666666,0.3333333333333333,0.0,combat
general_final_0633,5,4,4073,3,2,0.6,0.90081,1018.25,0,0,2,1,1,1,0,0,0,0,0,0,0,0,1,1,1,0,0,0,0,0,0,0,0,0,0.0,0.6666666666666666,0.3333333333333333,0.0,0.5,0.5,1,1093.0,1,1093.0,1,1.0,0,0,1,0.0,0.0,1.0,strategic_reasoning
general_final_0635,170,137,498177,141,113,0.829412,0.847442,3636.328467,32,27,57,43,52,43,18,15,6,5,6,6,21,16,22,15,10,8,23,18,12,10,13,11,0,0,0.226950354609929,0.4042553191489361,0.3687943262411347,0.2389380530973451,0.3805309734513274,0.3805309734513274,1,3840.0,8,840.0,5,0.21875,0,3,2,0.0,0.6,0.4,exploration
general_final_0637,412,356,1078846,321,278,0.779126,0.791756,3030.466292,136,116,148,132,37,30,113,98,8,7,12,10,54,48,58,50,32,30,16,16,6,6,14,8,0,0,0.4236760124610592,0.4610591900311526,0.1152647975077881,0.4172661870503597,0.4748201438848921,0.1079136690647482,1,10388.0,13,4814.0,6,0.4634193299961494,1,5,0,0.1666666666666666,0.8333333333333334,0.0,exploration
general_final_0638,204,172,157293,151,124,0.740196,0.88056,914.494186,44,39,67,51,40,34,16,11,11,11,17,17,16,11,24,17,18,15,9,8,4,2,21,19,0,0,0.2913907284768212,0.4437086092715231,0.2649006622516556,0.314516129032258,0.4112903225806452,0.2741935483870967,1,1265.0,4,1012.0,3,0.8,0,3,0,0.0,1.0,0.0,exploration
general_final_0639,123,107,133041,98,82,0.796748,0.779211,1243.373832,27,24,30,20,41,38,6,5,6,5,13,12,10,8,10,6,8,4,12,12,7,5,20,19,0,0,0.2755102040816326,0.3061224489795918,0.4183673469387755,0.2926829268292683,0.2439024390243902,0.4634146341463415,1,4887.0,13,4027.0,9,0.8240229179455699,3,1,5,0.3333333333333333,0.1111111111111111,0.5555555555555556,strategic_reasoning
general_final_0640,96,69,228190,76,55,0.791667,0.887957,3307.101449,32,24,31,22,13,9,23,16,1,1,4,3,10,7,10,7,8,6,3,3,4,2,5,3,0,0,0.4210526315789473,0.4078947368421052,0.1710526315789473,0.4363636363636363,0.4,0.1636363636363636,1,298.0,2,298.0,2,1.0,1,1,0,0.5,0.5,0.0,combat
general_final_0641,107,101,366053,87,81,0.813084,0.940798,3624.287129,8,6,45,41,34,34,5,3,1,1,2,2,7,6,19,17,12,11,13,13,13,13,7,7,0,0,0.0919540229885057,0.5172413793103449,0.3908045977011494,0.074074074074074,0.5061728395061729,0.419753086419753,1,1591.0,11,1582.0,9,0.994343180389692,0,3,6,0.0,0.3333333333333333,0.6666666666666666,strategic_reasoning
general_final_0642,116,108,385164,95,89,0.818966,0.95046,3566.333333,22,19,31,30,42,40,13,10,3,3,5,5,7,7,15,14,8,8,5,5,13,12,20,19,0,0,0.231578947368421,0.3263157894736842,0.4421052631578947,0.2134831460674157,0.3370786516853932,0.449438202247191,1,3935.0,5,3927.0,4,0.9979669631512073,1,1,2,0.25,0.25,0.5,strategic_reasoning
general_final_0643,40,35,87177,34,31,0.85,0.985053,2490.771429,19,17,9,8,6,6,13,12,1,0,1,1,2,2,4,3,1,1,0,0,2,2,4,4,0,0,0.5588235294117647,0.2647058823529412,0.1764705882352941,0.5483870967741935,0.2580645161290322,0.1935483870967742,1,1256.0,3,1256.0,3,1.0,1,1,1,0.3333333333333333,0.3333333333333333,0.3333333333333333,combat
general_final_0645,65,61,305682,52,48,0.8,0.716748,5011.180328,19,17,13,12,20,19,11,11,2,1,4,3,6,6,2,1,5,5,8,8,2,2,8,7,0,0,0.3653846153846153,0.25,0.3846153846153846,0.3541666666666667,0.25,0.3958333333333333,1,15517.0,10,11205.0,6,0.7221112328413998,1,2,3,0.1666666666666666,0.3333333333333333,0.5,combat
general_final_0647,28,20,26919,22,15,0.785714,0.979048,1345.95,9,7,8,5,5,3,6,5,2,1,1,1,2,2,3,2,2,1,2,1,2,2,1,0,0,0,0.4090909090909091,0.3636363636363636,0.2272727272727272,0.4666666666666667,0.3333333333333333,0.2,1,742.0,5,741.0,4,0.9986522911051212,3,1,0,0.75,0.25,0.0,combat
general_final_0649,199,175,237225,163,142,0.819095,0.940685,1355.571429,53,45,70,64,40,33,29,25,7,6,13,10,11,10,41,37,17,17,20,17,7,6,10,7,1,1,0.3251533742331288,0.4294478527607362,0.2453987730061349,0.3169014084507042,0.4507042253521127,0.2323943661971831,1,1881.0,13,1562.0,12,0.8304093567251462,4,6,2,0.3333333333333333,0.5,0.1666666666666666,combat
general_final_0650,253,187,620837,219,168,0.865613,0.950789,3319.983957,66,48,123,96,30,24,40,27,13,10,10,9,32,25,59,45,29,24,7,2,9,9,12,11,0,0,0.3013698630136986,0.5616438356164384,0.136986301369863,0.2857142857142857,0.5714285714285714,0.1428571428571428,1,5346.0,2,5346.0,2,1.0,2,0,0,1.0,0.0,0.0,combat
general_final_0651,39,28,93510,34,23,0.871795,0.885809,3339.642857,12,10,16,8,6,5,4,4,1,1,3,3,2,0,9,4,4,3,2,1,2,2,2,2,0,0,0.3529411764705882,0.4705882352941176,0.1764705882352941,0.4347826086956521,0.3478260869565217,0.217391304347826,1,4267.0,1,4267.0,1,1.0,0,1,0,0.0,1.0,0.0,exploration
general_final_0653,126,83,331842,99,66,0.785714,0.726472,3998.096386,55,41,39,21,5,4,17,12,19,14,12,9,7,4,13,4,19,13,0,0,0,0,4,3,0,0,0.5555555555555556,0.3939393939393939,0.0505050505050505,0.6212121212121212,0.3181818181818182,0.0606060606060606,1,6008.0,6,5183.0,5,0.8626830892143809,4,1,0,0.8,0.2,0.0,combat
general_final_0655,729,339,589724,568,269,0.77915,0.804919,1739.59882,212,96,175,84,181,89,123,56,28,14,59,26,29,17,87,41,57,25,98,70,6,1,74,17,0,0,0.3732394366197183,0.3080985915492957,0.3186619718309859,0.3568773234200743,0.312267657992565,0.3308550185873606,1,3208.0,4,1706.0,1,0.5317955112219451,0,0,1,0.0,0.0,1.0,combat
general_final_0658,381,331,843035,283,254,0.742782,0.939765,2546.933535,160,147,84,73,39,34,125,115,7,6,23,22,24,20,41,37,18,15,18,15,4,4,14,12,0,0,0.5653710247349824,0.2968197879858657,0.1378091872791519,0.5787401574803149,0.2874015748031496,0.1338582677165354,1,4582.0,11,4382.0,9,0.9563509384548232,8,0,1,0.8888888888888888,0.0,0.1111111111111111,combat
general_final_0664,94,40,210425,77,32,0.819149,0.892441,5260.625,26,7,41,20,10,5,12,2,4,2,9,2,10,6,17,4,13,9,1,0,1,0,7,4,0,0,0.3376623376623376,0.5324675324675324,0.1298701298701298,0.21875,0.625,0.15625,1,2768.0,5,2593.0,3,0.9367774566473988,1,2,0,0.3333333333333333,0.6666666666666666,0.0,exploration
general_final_0665,208,162,344112,173,136,0.831731,0.907332,2124.148148,68,57,46,36,59,43,43,35,6,6,16,14,10,9,21,16,13,10,26,23,8,7,25,13,0,0,0.3930635838150289,0.2658959537572254,0.3410404624277456,0.4191176470588235,0.2647058823529412,0.3161764705882353,1,873.0,1,873.0,1,1.0,0,1,0,0.0,1.0,0.0,combat
general_final_0668,58,54,115676,48,44,0.827586,0.872981,2142.148148,2,2,27,24,19,18,1,1,0,0,1,1,18,16,4,3,5,5,4,4,7,6,6,6,0,0,0.0416666666666666,0.5625,0.3958333333333333,0.0454545454545454,0.5454545454545454,0.4090909090909091,1,3608.0,1,3608.0,1,1.0,0,1,0,0.0,1.0,0.0,exploration
general_final_0669,73,72,233527,60,60,0.821918,0.871976,3243.430556,26,26,23,23,11,11,10,10,6,6,4,4,5,5,7,7,9,9,1,1,4,4,5,5,0,0,0.4333333333333333,0.3833333333333333,0.1833333333333333,0.4333333333333333,0.3833333333333333,0.1833333333333333,1,1619.0,12,918.0,8,0.567016676961087,3,2,3,0.375,0.25,0.375,combat
general_final_0671,1396,1019,761862,1118,798,0.80086,0.814293,747.656526,358,263,435,308,325,227,156,119,97,64,90,69,104,85,194,131,130,87,96,78,84,56,130,82,1,1,0.3202146690518783,0.389087656529517,0.2906976744186046,0.3295739348370927,0.3859649122807017,0.2844611528822055,1,3924.0,15,630.0,7,0.1605504587155963,4,3,0,0.5714285714285714,0.4285714285714285,0.0,exploration
general_final_0674,198,149,563088,136,99,0.686869,0.792958,3779.114094,66,55,49,30,21,14,46,39,7,6,5,3,13,9,23,15,11,5,9,5,3,3,8,5,0,0,0.4852941176470588,0.3602941176470588,0.1544117647058823,0.5555555555555556,0.303030303030303,0.1414141414141414,1,6349.0,21,3146.0,12,0.4955111041108836,7,2,3,0.5833333333333334,0.1666666666666666,0.25,combat
general_final_0675,103,91,169377,77,68,0.747573,0.825903,1861.285714,40,36,27,24,10,8,25,24,6,5,4,3,14,12,8,7,2,2,3,2,1,1,5,4,0,0,0.5194805194805194,0.3506493506493506,0.1298701298701298,0.5294117647058824,0.3529411764705882,0.1176470588235294,1,1935.0,6,1326.0,3,0.6852713178294574,2,1,0,0.6666666666666666,0.3333333333333333,0.0,combat
general_final_0676,30,24,47428,28,22,0.933333,0.996099,1976.166667,11,8,15,12,2,2,9,6,0,0,2,2,4,3,8,7,2,1,1,1,0,0,0,0,1,1,0.3928571428571428,0.5357142857142857,0.0714285714285714,0.3636363636363636,0.5454545454545454,0.0909090909090909,0,0.0,0,0.0,0,0.0,0,0,0,0.0,0.0,0.0,combat
general_final_0677,102,89,83010,85,77,0.833333,0.787785,932.696629,18,16,45,40,22,21,6,6,3,3,7,5,4,4,27,23,11,10,11,11,3,3,7,6,0,0,0.2117647058823529,0.5294117647058824,0.2588235294117647,0.2077922077922078,0.5194805194805194,0.2727272727272727,1,1835.0,4,1700.0,3,0.9264305177111716,0,1,2,0.0,0.3333333333333333,0.6666666666666666,exploration
general_final_0678,160,119,89611,102,72,0.6375,0.761625,753.033613,42,31,39,27,21,14,13,12,16,10,9,6,11,9,13,6,8,5,12,10,0,0,8,4,0,0,0.4117647058823529,0.3823529411764705,0.2058823529411764,0.4305555555555556,0.375,0.1944444444444444,1,78.0,1,78.0,1,1.0,1,0,0,1.0,0.0,0.0,combat
general_final_0679,358,301,796463,295,252,0.824022,0.987401,2646.056478,153,139,81,63,61,50,126,115,12,11,10,8,19,15,45,35,14,11,24,19,6,6,26,21,0,0,0.5186440677966102,0.2745762711864407,0.2067796610169491,0.5515873015873016,0.25,0.1984126984126984,1,3655.0,10,3563.0,7,0.974829001367989,4,2,1,0.5714285714285714,0.2857142857142857,0.1428571428571428,combat
general_final_0680,135,113,33525,110,92,0.814815,0.849605,296.681416,7,4,67,59,36,29,3,2,2,0,1,1,5,4,36,32,23,20,25,21,3,2,7,5,0,0,0.0636363636363636,0.6090909090909091,0.3272727272727272,0.0434782608695652,0.6413043478260869,0.3152173913043478,1,451.0,13,214.0,10,0.4745011086474501,0,5,5,0.0,0.5,0.5,exploration
general_final_0682,302,246,504499,253,203,0.837748,0.948557,2050.808943,99,74,95,75,59,54,75,57,4,3,15,11,44,36,32,25,18,14,3,3,22,22,33,28,0,0,0.391304347826087,0.375494071146245,0.233201581027668,0.3645320197044335,0.3694581280788177,0.2660098522167488,1,2840.0,24,2773.0,20,0.9764084507042252,7,2,11,0.35,0.1,0.55,combat
general_final_0684,214,144,419610,175,117,0.817757,0.887198,2913.958333,80,47,56,41,39,29,52,23,12,9,15,14,19,14,23,16,11,8,11,9,3,3,23,15,0,0,0.4571428571428571,0.32,0.2228571428571428,0.4017094017094017,0.3504273504273504,0.2478632478632478,1,3012.0,4,129.0,2,0.0428286852589641,1,0,1,0.5,0.0,0.5,combat
general_final_0688,223,195,554543,175,151,0.784753,0.83134,2843.810256,111,91,49,46,15,14,86,70,11,11,9,8,16,13,17,17,13,13,6,6,1,1,6,5,0,0,0.6342857142857142,0.28,0.0857142857142857,0.6026490066225165,0.304635761589404,0.0927152317880794,1,7479.0,9,2004.0,5,0.2679502607300441,4,0,1,0.8,0.0,0.2,combat
general_final_0690,177,166,938358,142,133,0.80226,0.963488,5652.759036,59,53,58,55,25,25,48,44,4,4,6,5,31,30,12,10,14,14,5,5,7,7,13,13,0,0,0.4154929577464789,0.4084507042253521,0.176056338028169,0.3984962406015037,0.4135338345864661,0.18796992481203,1,2526.0,11,566.0,7,0.2240696753760886,3,2,2,0.4285714285714285,0.2857142857142857,0.2857142857142857,combat
general_final_0691,20,17,18652,13,10,0.65,0.958181,1097.176471,8,6,2,2,3,2,8,6,0,0,0,0,0,0,0,0,2,2,1,1,0,0,2,1,0,0,0.6153846153846154,0.1538461538461538,0.2307692307692307,0.6,0.2,0.2,1,123.0,5,66.0,3,0.5365853658536586,2,0,1,0.6666666666666666,0.0,0.3333333333333333,combat
general_final_0692,194,115,720231,142,81,0.731959,0.974521,6262.878261,30,8,80,52,32,21,20,7,1,0,9,1,13,9,43,26,19,13,16,10,5,5,9,5,0,0,0.2112676056338028,0.5633802816901409,0.2253521126760563,0.0987654320987654,0.6419753086419753,0.2592592592592592,1,3271.0,6,1698.0,3,0.5191073066340569,0,2,1,0.0,0.6666666666666666,0.3333333333333333,exploration
general_final_0693,217,182,506563,163,135,0.751152,0.823518,2783.313187,63,50,76,64,24,21,50,39,5,4,6,6,22,18,35,31,18,15,7,6,5,5,8,7,0,0,0.3865030674846625,0.4662576687116564,0.147239263803681,0.3703703703703703,0.4740740740740741,0.1555555555555555,1,901.0,4,171.0,2,0.1897891231964484,0,1,1,0.0,0.5,0.5,combat
general_final_0695,572,232,327215,480,188,0.839161,0.85618,1410.409483,105,35,256,114,119,39,32,10,42,15,29,9,28,8,143,57,79,45,55,29,19,4,42,6,0,0,0.21875,0.5333333333333333,0.2479166666666666,0.1861702127659574,0.6063829787234043,0.2074468085106383,1,2753.0,6,1744.0,3,0.6334907373774065,0,3,0,0.0,1.0,0.0,exploration
general_final_0698,276,187,681487,220,145,0.797101,0.964388,3644.315508,99,70,76,53,45,22,41,26,11,6,38,30,13,10,31,19,27,19,29,14,1,1,14,6,0,0,0.45,0.3454545454545454,0.2045454545454545,0.4827586206896552,0.3655172413793103,0.1517241379310344,1,2622.0,5,2172.0,3,0.8283752860411899,1,1,1,0.3333333333333333,0.3333333333333333,0.3333333333333333,combat
general_final_0700,79,67,758625,60,50,0.759494,0.957012,11322.761194,19,15,33,28,8,7,17,13,0,0,1,1,12,9,9,7,11,11,5,5,0,0,1,1,0,0,0.3166666666666666,0.55,0.1333333333333333,0.3,0.56,0.14,1,1345.0,3,1345.0,3,1.0,2,1,0,0.6666666666666666,0.3333333333333333,0.0,combat
strategic_final_0002,521,280,511118,397,209,0.761996,0.773923,1825.421429,91,31,141,76,165,102,67,19,4,2,20,10,16,8,79,45,43,22,127,83,15,11,20,8,0,0,0.2292191435768261,0.3551637279596977,0.4156171284634761,0.1483253588516746,0.3636363636363636,0.4880382775119617,1,6694.0,1,0.0,0,0.0,0,0,0,0.0,0.0,0.0,exploration
strategic_final_0004,39,33,153395,32,27,0.820513,0.946758,4648.333333,10,6,18,18,4,3,6,2,1,1,3,3,7,7,6,6,5,5,1,1,0,0,1,1,0,0,0.3125,0.5625,0.125,0.2222222222222222,0.6666666666666666,0.1111111111111111,1,881.0,2,846.0,1,0.960272417707151,0,1,0,0.0,1.0,0.0,exploration
strategic_final_0005,169,149,364171,134,116,0.792899,0.85461,2444.100671,16,16,52,44,66,56,3,3,4,4,9,9,15,13,19,17,14,12,24,19,15,12,23,21,1,1,0.1194029850746268,0.3880597014925373,0.4925373134328358,0.1379310344827586,0.3793103448275862,0.4827586206896552,1,8933.0,9,1367.0,5,0.1530280980633605,0,2,3,0.0,0.4,0.6,exploration
strategic_final_0006,139,72,342964,115,54,0.827338,0.980496,4763.388889,44,21,51,22,20,11,31,15,2,1,7,2,7,3,30,11,10,6,11,4,1,1,7,5,0,0,0.3826086956521739,0.4434782608695652,0.1739130434782608,0.3888888888888889,0.4074074074074074,0.2037037037037037,1,4300.0,14,3652.0,10,0.8493023255813954,2,4,4,0.2,0.4,0.4,combat
strategic_final_0007,83,74,312704,64,57,0.771084,0.741692,4225.72973,11,9,25,23,28,25,7,6,0,0,4,3,12,11,7,6,4,4,12,11,7,7,7,5,0,0,0.171875,0.390625,0.4375,0.1578947368421052,0.4035087719298245,0.4385964912280701,1,551.0,3,409.0,1,0.7422867513611615,0,0,1,0.0,0.0,1.0,exploration
strategic_final_0008,204,132,65303,160,108,0.784314,0.905257,494.719697,84,49,47,36,29,23,52,29,12,6,18,12,20,17,13,12,13,7,12,10,7,6,10,7,0,0,0.525,0.29375,0.18125,0.4537037037037037,0.3333333333333333,0.2129629629629629,1,2861.0,13,1904.0,10,0.6655015728766166,2,4,4,0.2,0.4,0.4,exploration
strategic_final_0009,267,193,176697,205,144,0.76779,0.890864,915.528497,16,10,60,42,129,92,1,1,8,4,6,5,9,7,28,16,18,15,74,48,33,24,20,18,0,0,0.0780487804878048,0.2926829268292683,0.6292682926829268,0.0694444444444444,0.2916666666666667,0.6388888888888888,1,105.0,2,16.0,1,0.1523809523809524,0,0,1,0.0,0.0,1.0,combat
strategic_final_0010,120,96,112683,91,74,0.758333,0.819973,1173.78125,36,31,39,29,16,14,19,16,4,3,8,8,15,12,13,8,8,7,8,7,3,2,4,4,0,0,0.3956043956043956,0.4285714285714285,0.1758241758241758,0.4189189189189189,0.3918918918918919,0.1891891891891892,1,3309.0,5,475.0,2,0.1435478996675732,1,1,0,0.5,0.5,0.0,exploration
strategic_final_0011,1286,237,232941,928,153,0.721617,0.785963,982.873418,329,48,299,30,300,75,116,10,62,8,148,30,35,3,119,7,140,15,138,55,68,9,81,10,2,1,0.3545258620689655,0.3221982758620689,0.3232758620689655,0.3137254901960784,0.196078431372549,0.4901960784313725,1,1619.0,5,1269.0,3,0.7838171710932674,2,1,0,0.6666666666666666,0.3333333333333333,0.0,strategic_reasoning
strategic_final_0014,298,200,120719,223,140,0.748322,0.789387,603.595,40,16,125,79,58,45,16,6,9,2,11,4,16,8,51,30,51,36,39,31,3,2,12,9,0,0,0.179372197309417,0.5605381165919282,0.2600896860986547,0.1142857142857142,0.5642857142857143,0.3214285714285714,1,1250.0,9,1050.0,6,0.84,0,5,1,0.0,0.8333333333333334,0.1666666666666666,exploration
strategic_final_0015,211,119,164687,168,86,0.796209,0.844973,1383.92437,44,24,69,31,55,31,25,15,8,4,9,3,20,5,19,11,23,9,20,10,13,6,20,13,0,0,0.2619047619047619,0.4107142857142857,0.3273809523809524,0.2790697674418604,0.3604651162790697,0.3604651162790697,1,1714.0,6,707.0,3,0.4124854142357059,2,1,0,0.6666666666666666,0.3333333333333333,0.0,combat
strategic_final_0016,50,33,198019,39,23,0.78,0.897298,6000.575758,8,5,24,12,7,6,5,3,1,0,2,2,4,1,15,8,5,3,2,2,1,1,4,3,0,0,0.2051282051282051,0.6153846153846154,0.1794871794871795,0.217391304347826,0.5217391304347826,0.2608695652173913,1,12240.0,4,9538.0,2,0.7792483660130719,1,1,0,0.5,0.5,0.0,combat
strategic_final_0017,169,159,292048,144,136,0.852071,0.894784,1836.779874,51,49,39,36,54,51,21,20,9,8,16,16,18,18,6,4,15,14,21,20,12,12,19,17,0,0,0.3541666666666667,0.2708333333333333,0.375,0.3602941176470588,0.2647058823529412,0.375,1,2031.0,7,2031.0,7,1.0,1,3,3,0.1428571428571428,0.4285714285714285,0.4285714285714285,strategic_reasoning
strategic_final_0018,6887,616,453969,4213,447,0.611732,0.824481,736.962662,1438,150,1358,120,1417,177,352,37,295,47,776,63,261,30,589,47,456,38,563,72,190,19,600,72,4,0,0.3413244718727747,0.3223356278186565,0.3363399003085687,0.3355704697986577,0.2684563758389262,0.3959731543624161,1,2805.0,7,2750.0,6,0.9803921568627452,5,0,1,0.8333333333333334,0.0,0.1666666666666666,strategic_reasoning
strategic_final_0019,719,622,534560,514,436,0.714882,0.820432,859.421222,102,80,249,222,163,134,55,34,11,10,33,33,27,21,96,84,121,113,109,100,19,12,24,13,0,0,0.1984435797665369,0.4844357976653696,0.3171206225680933,0.1834862385321101,0.5091743119266054,0.3073394495412844,1,658.0,5,469.0,4,0.7127659574468085,0,2,2,0.0,0.5,0.5,exploration
strategic_final_0021,716,439,1246870,534,326,0.74581,0.713195,2840.250569,61,34,236,126,237,166,36,17,12,7,12,9,42,28,134,69,53,26,61,34,47,37,126,92,1,1,0.1142322097378277,0.4419475655430712,0.4438202247191011,0.1042944785276073,0.3865030674846625,0.50920245398773,1,5060.0,3,4384.0,2,0.866403162055336,0,0,2,0.0,0.0,1.0,strategic_reasoning
strategic_final_0023,271,121,64815,228,98,0.841328,0.93122,535.661157,79,32,85,44,64,22,43,21,14,6,21,5,13,7,48,24,24,13,37,15,8,1,17,6,0,0,0.3464912280701754,0.3728070175438596,0.2807017543859649,0.3265306122448979,0.4489795918367347,0.2244897959183673,1,36.0,1,36.0,1,1.0,0,1,0,0.0,1.0,0.0,exploration
strategic_final_0028,393,234,577767,321,190,0.816794,0.921629,2469.089744,139,99,110,55,72,36,81,65,14,9,34,18,26,16,59,28,23,11,27,12,18,13,26,10,0,0,0.4330218068535825,0.3426791277258567,0.2242990654205607,0.5210526315789473,0.2894736842105263,0.1894736842105263,1,1385.0,8,1344.0,7,0.9703971119133574,3,0,4,0.4285714285714285,0.0,0.5714285714285714,combat
strategic_final_0029,733,511,352551,527,413,0.718963,0.820539,689.923679,126,91,221,190,180,132,62,36,24,19,39,35,52,44,106,89,59,54,67,48,56,33,44,41,1,1,0.239089184060721,0.4193548387096774,0.3415559772296015,0.2203389830508474,0.4600484261501211,0.3196125907990315,1,1804.0,6,446.0,5,0.2472283813747228,0,1,4,0.0,0.2,0.8,exploration
strategic_final_0031,261,131,270498,179,84,0.685824,0.814128,2064.870229,15,6,84,40,80,38,1,0,3,1,9,4,16,10,34,13,30,14,55,29,18,6,5,2,0,0,0.0837988826815642,0.4692737430167598,0.4469273743016759,0.0714285714285714,0.4761904761904761,0.4523809523809524,1,5833.0,6,3955.0,3,0.6780387450711469,0,2,1,0.0,0.6666666666666666,0.3333333333333333,exploration
strategic_final_0035,226,210,689971,153,145,0.676991,0.8374,3285.57619,33,31,78,73,42,41,24,22,1,1,8,8,11,10,49,47,14,12,27,27,5,5,9,8,0,0,0.2156862745098039,0.5098039215686274,0.2745098039215686,0.2137931034482758,0.503448275862069,0.2827586206896552,1,947.0,6,765.0,4,0.8078141499472017,1,2,1,0.25,0.5,0.25,combat
strategic_final_0042,123,63,37176,92,46,0.747967,0.850414,590.095238,9,4,53,21,30,21,5,2,1,0,3,2,4,1,32,13,16,6,18,14,5,4,6,2,0,0,0.0978260869565217,0.5760869565217391,0.3260869565217391,0.0869565217391304,0.4565217391304347,0.4565217391304347,1,1985.0,5,1946.0,4,0.980352644836272,0,2,2,0.0,0.5,0.5,exploration
strategic_final_0044,186,83,128316,133,56,0.715054,0.954994,1545.975904,14,3,12,3,107,50,6,0,1,0,7,3,2,1,8,2,1,0,73,41,10,5,23,4,0,0,0.1052631578947368,0.0902255639097744,0.8045112781954887,0.0535714285714285,0.0535714285714285,0.8928571428571429,1,2153.0,1,2153.0,1,1.0,0,0,1,0.0,0.0,1.0,strategic_reasoning
strategic_final_0046,1531,738,669240,1168,574,0.7629,0.879531,906.829268,468,231,337,166,363,177,229,107,67,33,170,90,77,29,138,65,116,69,238,138,22,4,97,33,0,0,0.4006849315068493,0.288527397260274,0.3107876712328767,0.4024390243902439,0.289198606271777,0.3083623693379791,0,0.0,0,0.0,0,0.0,0,0,0,0.0,0.0,0.0,combat
strategic_final_0050,1800,1324,832109,1446,1111,0.803333,0.885975,628.481118,429,332,488,371,529,408,183,128,66,58,171,140,82,62,272,206,123,93,242,183,62,51,189,148,2,0,0.2966804979253112,0.3374827109266943,0.3658367911479944,0.2988298829882988,0.3339333933393339,0.3672367236723672,1,1271.0,4,1202.0,3,0.9457120377655388,1,0,2,0.3333333333333333,0.0,0.6666666666666666,combat
strategic_final_0051,508,403,824694,376,293,0.740157,0.802424,2046.387097,99,72,162,130,115,91,52,36,28,22,19,14,29,27,75,56,56,46,97,78,7,7,9,5,0,0,0.2632978723404255,0.4308510638297872,0.3058510638297872,0.2457337883959044,0.4436860068259385,0.310580204778157,0,0.0,0,0.0,0,0.0,0,0,0,0.0,0.0,0.0,exploration
strategic_final_0053,1361,456,299865,1014,342,0.74504,0.74888,657.598684,277,61,492,187,245,94,119,26,76,10,72,21,58,6,286,128,125,39,121,67,54,8,63,15,0,0,0.2731755424063116,0.4852071005917159,0.2416173570019724,0.1783625730994152,0.5467836257309941,0.2748538011695906,1,2749.0,29,1857.0,19,0.6755183703164788,2,11,6,0.1052631578947368,0.5789473684210527,0.3157894736842105,exploration
strategic_final_0055,242,219,107534,166,146,0.68595,0.746834,491.022831,31,29,78,72,57,45,7,6,9,9,15,14,27,25,17,16,31,29,26,21,7,6,22,16,0,0,0.1867469879518072,0.4698795180722891,0.3433734939759036,0.1986301369863013,0.4931506849315068,0.3082191780821918,1,936.0,10,823.0,7,0.8792735042735043,2,3,2,0.2857142857142857,0.4285714285714285,0.2857142857142857,exploration
strategic_final_0057,103,71,316490,68,48,0.660194,0.898932,4457.605634,10,4,15,9,43,35,5,0,3,2,2,2,3,3,6,3,4,2,32,27,2,2,6,3,0,0,0.1470588235294117,0.2205882352941176,0.6323529411764706,0.0833333333333333,0.1875,0.7291666666666666,1,164.0,3,129.0,2,0.7865853658536586,0,0,2,0.0,0.0,1.0,strategic_reasoning
strategic_final_0058,171,158,219121,142,132,0.830409,0.851676,1386.841772,24,22,41,38,77,72,0,0,7,7,17,15,2,2,24,23,14,12,54,51,1,1,22,20,0,0,0.1690140845070422,0.2887323943661972,0.5422535211267606,0.1666666666666666,0.2878787878787879,0.5454545454545454,1,294.0,4,294.0,4,1.0,0,2,2,0.0,0.5,0.5,combat
strategic_final_0060,156,115,144100,135,99,0.865385,0.940167,1253.043478,22,11,74,62,39,26,10,3,5,3,5,4,9,5,44,38,17,16,17,14,6,4,16,8,0,0,0.1629629629629629,0.5481481481481482,0.2888888888888888,0.1111111111111111,0.6262626262626263,0.2626262626262626,0,0.0,0,0.0,0,0.0,0,0,0,0.0,0.0,0.0,exploration
strategic_final_0065,902,695,94056,653,496,0.723947,0.735392,135.332374,178,142,294,210,181,144,48,25,46,41,80,73,25,12,133,93,128,99,69,59,32,27,72,50,0,0,0.2725880551301684,0.450229709035222,0.2771822358346095,0.2862903225806452,0.4233870967741935,0.2903225806451613,1,1244.0,4,1225.0,3,0.984726688102894,1,1,1,0.3333333333333333,0.3333333333333333,0.3333333333333333,strategic_reasoning
strategic_final_0066,473,205,186977,293,121,0.61945,0.802232,912.082927,32,8,71,15,190,98,7,1,8,0,16,7,2,0,28,7,39,7,181,95,3,2,5,1,0,0,0.1092150170648464,0.2423208191126279,0.6484641638225256,0.0661157024793388,0.1239669421487603,0.8099173553719008,1,3716.0,9,2357.0,5,0.6342841765339075,1,1,3,0.2,0.2,0.6,strategic_reasoning
strategic_final_0068,1324,579,299694,1016,411,0.767372,0.822879,517.606218,342,122,409,155,265,134,190,71,63,12,80,34,92,17,230,102,80,31,187,118,17,3,55,8,1,0,0.3366141732283464,0.4025590551181102,0.2608267716535433,0.2968369829683698,0.3771289537712895,0.3260340632603406,1,1156.0,6,678.0,3,0.5865051903114187,3,0,0,1.0,0.0,0.0,combat
strategic_final_0069,55,53,51847,50,48,0.909091,0.917199,978.245283,0,0,2,2,48,46,0,0,0,0,0,0,0,0,2,2,0,0,40,38,2,2,5,5,0,0,0.0,0.04,0.96,0.0,0.0416666666666666,0.9583333333333334,1,3349.0,4,3349.0,4,1.0,0,0,4,0.0,0.0,1.0,strategic_reasoning
strategic_final_0071,1647,678,862577,1239,505,0.752277,0.939175,1272.237463,311,111,468,177,460,217,134,37,41,18,129,53,51,25,242,79,167,72,301,148,39,18,108,44,4,3,0.2510088781275222,0.3777239709443099,0.3712671509281678,0.2198019801980198,0.3504950495049505,0.4297029702970297,1,426.0,2,426.0,2,1.0,0,2,0,0.0,1.0,0.0,exploration
strategic_final_0073,1022,334,206598,813,269,0.795499,0.902947,618.556886,268,79,297,99,248,91,145,42,48,13,67,20,91,42,134,32,68,23,81,34,45,27,99,27,15,0,0.3296432964329643,0.3653136531365313,0.3050430504305043,0.2936802973977695,0.3680297397769517,0.3382899628252788,1,167.0,1,167.0,1,1.0,0,1,0,0.0,1.0,0.0,exploration
strategic_final_0074,422,213,209632,348,177,0.824645,0.794845,984.187793,60,22,156,90,132,65,32,11,13,5,15,6,14,8,82,42,57,38,70,45,11,3,49,17,0,0,0.1724137931034483,0.4482758620689655,0.3793103448275862,0.1242937853107344,0.5084745762711864,0.3672316384180791,1,4479.0,5,3694.0,2,0.8247376646572896,0,1,1,0.0,0.5,0.5,exploration
strategic_final_0077,1543,637,325655,1293,526,0.837978,0.755978,511.232339,346,136,547,218,400,172,159,73,72,22,103,38,130,51,243,90,165,72,112,46,100,45,180,78,0,0,0.2675947409126063,0.4230471771075019,0.3093580819798917,0.2585551330798479,0.4144486692015209,0.3269961977186312,1,1571.0,3,1571.0,3,1.0,1,1,1,0.3333333333333333,0.3333333333333333,0.3333333333333333,combat
strategic_final_0078,624,390,96411,451,265,0.722756,0.776996,247.207692,187,118,161,86,103,61,112,66,10,5,58,41,21,13,68,31,69,40,72,40,11,7,14,10,1,1,0.4146341463414634,0.3569844789356984,0.2283813747228381,0.4452830188679245,0.3245283018867924,0.230188679245283,1,2378.0,7,2295.0,5,0.9650967199327166,2,2,1,0.4,0.4,0.2,exploration
strategic_final_0079,1554,755,1092331,1229,583,0.790862,0.832087,1446.796026,492,292,458,202,279,89,283,195,62,31,121,46,135,87,173,61,137,45,85,24,59,26,125,35,0,0,0.4003254678600488,0.3726606997558991,0.227013832384052,0.5008576329331046,0.346483704974271,0.1526586620926243,1,6082.0,15,3402.0,10,0.5593554751726406,5,4,1,0.5,0.4,0.1,combat
strategic_final_0080,363,228,2225289,319,198,0.878788,0.922992,9760.039474,126,78,89,59,104,61,77,50,13,6,33,21,30,22,33,21,24,16,30,13,12,12,59,34,0,0,0.3949843260188088,0.2789968652037617,0.3260188087774294,0.3939393939393939,0.2979797979797979,0.308080808080808,1,8879.0,3,3295.0,2,0.3711003491384165,0,2,0,0.0,1.0,0.0,exploration
strategic_final_0083,94,84,104336,73,65,0.776596,0.909245,1242.095238,10,8,36,30,27,27,5,4,1,1,4,3,12,11,10,8,12,11,13,13,7,7,6,6,0,0,0.136986301369863,0.4931506849315068,0.3698630136986301,0.123076923076923,0.4615384615384615,0.4153846153846154,1,149.0,1,0.0,0,0.0,0,0,0,0.0,0.0,0.0,exploration
strategic_final_0090,745,372,524422,608,294,0.816107,0.815294,1409.736559,190,76,256,139,162,79,88,27,36,22,62,25,60,36,137,74,53,25,61,28,35,24,59,22,0,0,0.3125,0.4210526315789473,0.2664473684210526,0.2585034013605442,0.4727891156462585,0.2687074829931973,1,11156.0,2,9741.0,1,0.8731624238078164,1,0,0,1.0,0.0,0.0,exploration
strategic_final_0091,64,46,64341,48,34,0.75,0.836014,1398.717391,9,5,5,1,34,28,5,1,0,0,4,4,0,0,3,1,2,0,19,14,4,4,11,10,0,0,0.1875,0.1041666666666666,0.7083333333333334,0.1470588235294117,0.0294117647058823,0.8235294117647058,1,1368.0,5,815.0,4,0.5957602339181286,0,0,4,0.0,0.0,1.0,strategic_reasoning
strategic_final_0092,148,138,755817,116,108,0.783784,0.822268,5476.934783,45,40,51,49,20,19,27,22,11,11,4,4,20,19,12,11,16,16,6,5,3,3,10,10,0,0,0.3879310344827586,0.4396551724137931,0.1724137931034483,0.3703703703703703,0.4537037037037037,0.1759259259259259,1,767.0,7,203.0,5,0.2646675358539765,3,1,1,0.6,0.2,0.2,combat
strategic_final_0098,114,110,419194,87,84,0.763158,0.8749,3810.854545,14,14,16,15,57,55,4,4,0,0,9,9,4,4,5,5,7,6,28,26,15,15,11,11,0,0,0.160919540229885,0.1839080459770115,0.6551724137931034,0.1666666666666666,0.1785714285714285,0.6547619047619048,1,2698.0,10,2697.0,9,0.9996293550778356,2,2,5,0.2222222222222222,0.2222222222222222,0.5555555555555556,strategic_reasoning
strategic_final_0101,87,73,155047,65,56,0.747126,0.797816,2123.931507,20,17,23,20,22,19,8,8,6,5,5,3,7,7,4,3,8,7,3,2,11,10,6,5,0,0,0.3076923076923077,0.3538461538461538,0.3384615384615385,0.3035714285714285,0.3571428571428571,0.3392857142857143,1,1700.0,5,160.0,3,0.0941176470588235,1,1,1,0.3333333333333333,0.3333333333333333,0.3333333333333333,strategic_reasoning
strategic_final_0104,208,143,106742,172,120,0.826923,0.839679,746.447552,16,16,83,52,73,52,1,1,6,6,9,9,10,9,46,25,25,16,44,29,15,11,12,10,0,0,0.0930232558139534,0.4825581395348837,0.4244186046511627,0.1333333333333333,0.4333333333333333,0.4333333333333333,1,500.0,7,442.0,5,0.884,0,4,1,0.0,0.8,0.2,strategic_reasoning
strategic_final_0105,1163,969,1228009,878,735,0.754944,0.719425,1267.29515,339,289,281,230,258,216,184,145,56,53,91,84,56,45,137,114,83,67,123,107,17,14,107,85,0,0,0.3861047835990888,0.3200455580865604,0.2938496583143508,0.3931972789115646,0.3129251700680272,0.2938775510204082,1,1408.0,17,636.0,9,0.4517045454545454,5,3,1,0.5555555555555556,0.3333333333333333,0.1111111111111111,combat
strategic_final_0106,287,130,265273,229,107,0.797909,0.926027,2040.561538,130,65,64,28,35,14,97,47,13,6,14,10,19,6,24,12,20,10,11,6,2,0,20,6,0,0,0.5676855895196506,0.2794759825327511,0.1528384279475982,0.6074766355140186,0.2616822429906542,0.1308411214953271,1,634.0,3,634.0,3,1.0,2,1,0,0.6666666666666666,0.3333333333333333,0.0,combat
strategic_final_0107,859,452,538994,687,341,0.799767,0.730032,1192.464602,300,157,225,114,162,70,158,90,52,24,83,40,48,25,109,52,66,37,70,44,15,3,67,20,4,0,0.4366812227074236,0.3275109170305676,0.2358078602620087,0.4604105571847507,0.3343108504398827,0.2052785923753665,1,754.0,6,395.0,4,0.5238726790450928,2,1,1,0.5,0.25,0.25,combat
strategic_final_0108,870,236,503932,650,168,0.747126,0.834761,2135.305085,193,53,309,73,148,42,115,33,30,6,46,14,35,10,179,40,88,21,83,22,15,6,41,14,7,0,0.2969230769230769,0.4753846153846154,0.2276923076923077,0.3154761904761904,0.4345238095238095,0.25,1,7390.0,9,6478.0,5,0.8765899864682003,1,2,2,0.2,0.4,0.4,exploration
strategic_final_0109,261,243,113181,195,182,0.747126,0.838754,465.765432,44,38,109,103,42,41,34,30,4,4,4,4,22,19,64,63,22,21,24,23,11,11,4,4,0,0,0.2256410256410256,0.558974358974359,0.2153846153846154,0.2087912087912088,0.5659340659340659,0.2252747252747252,1,3116.0,5,3116.0,5,1.0,0,3,2,0.0,0.6,0.4,exploration
strategic_final_0111,737,684,745642,502,459,0.68114,0.772693,1090.119883,141,118,278,262,83,79,87,68,14,13,30,27,31,26,146,140,79,75,57,56,6,5,17,15,0,0,0.2808764940239043,0.5537848605577689,0.1653386454183266,0.2570806100217865,0.5708061002178649,0.1721132897603486,1,2347.0,11,1636.0,6,0.6970600766936514,4,2,0,0.6666666666666666,0.3333333333333333,0.0,combat
strategic_final_0112,64,52,62442,53,43,0.828125,0.78846,1200.807692,16,13,28,22,9,8,9,8,4,3,3,2,6,5,14,12,8,5,2,2,0,0,5,4,0,0,0.3018867924528302,0.5283018867924528,0.1698113207547169,0.3023255813953488,0.5116279069767442,0.1860465116279069,1,710.0,3,710.0,3,1.0,1,0,2,0.3333333333333333,0.0,0.6666666666666666,exploration
strategic_final_0113,214,144,412905,173,112,0.808411,0.909524,2867.395833,66,39,67,44,40,29,28,19,20,10,17,9,17,11,29,17,20,15,17,13,7,6,12,7,1,1,0.3815028901734104,0.3872832369942196,0.2312138728323699,0.3482142857142857,0.3928571428571428,0.2589285714285714,1,2785.0,11,2668.0,10,0.9579892280071812,5,4,1,0.5,0.4,0.1,combat
strategic_final_0114,184,159,637833,141,124,0.766304,0.903479,4011.528302,53,45,64,56,24,23,18,16,15,14,13,9,18,16,23,21,15,13,8,7,4,4,10,10,0,0,0.375886524822695,0.4539007092198581,0.1702127659574468,0.3629032258064516,0.4516129032258064,0.1854838709677419,1,7145.0,12,5751.0,7,0.8048985304408678,1,4,2,0.1428571428571428,0.5714285714285714,0.2857142857142857,combat
strategic_final_0116,408,130,173151,329,100,0.806373,0.900284,1331.930769,174,65,136,29,19,6,121,42,30,11,17,8,48,13,64,10,21,4,13,5,2,1,4,0,0,0,0.5288753799392097,0.4133738601823708,0.0577507598784194,0.65,0.29,0.06,1,6289.0,9,537.0,4,0.0853871839720146,2,1,1,0.5,0.25,0.25,combat
strategic_final_0120,532,353,1312293,408,269,0.766917,0.883139,3717.543909,93,62,179,112,136,95,41,22,22,21,30,19,21,15,103,55,54,41,91,66,11,10,21,15,9,2,0.2279411764705882,0.4387254901960784,0.3333333333333333,0.2304832713754646,0.4163568773234201,0.3531598513011152,1,1.0,1,1.0,1,1.0,0,0,1,0.0,0.0,1.0,exploration
strategic_final_0121,2573,1681,764826,1471,953,0.571706,0.797921,454.982748,470,307,426,294,575,352,198,123,47,27,217,151,74,50,253,175,79,52,293,180,51,30,183,111,3,1,0.3195105370496261,0.2895989123045547,0.3908905506458192,0.3221406086044071,0.3084994753410283,0.3693599160545645,1,2618.0,14,958.0,5,0.3659281894576012,1,2,2,0.2,0.4,0.4,combat
strategic_final_0126,121,114,290052,102,95,0.842975,0.910168,2544.315789,46,44,35,33,21,18,28,27,8,8,8,7,15,14,6,6,10,10,9,7,2,2,9,8,0,0,0.4509803921568627,0.3431372549019608,0.2058823529411764,0.4631578947368421,0.3473684210526316,0.1894736842105263,1,886.0,3,886.0,3,1.0,2,1,0,0.6666666666666666,0.3333333333333333,0.0,combat
strategic_final_0127,23,21,201628,19,17,0.826087,0.912294,9601.333333,10,8,9,9,0,0,9,7,0,0,1,1,7,7,0,0,1,1,0,0,0,0,0,0,0,0,0.5263157894736842,0.4736842105263157,0.0,0.4705882352941176,0.5294117647058824,0.0,1,1927.0,5,1927.0,5,1.0,5,0,0,1.0,0.0,0.0,combat
strategic_final_0128,326,239,665043,255,180,0.782209,0.803112,2782.606695,85,68,86,55,84,57,29,25,21,17,34,25,24,18,33,18,26,16,32,24,30,16,19,14,0,0,0.3333333333333333,0.3372549019607843,0.3294117647058823,0.3777777777777777,0.3055555555555556,0.3166666666666666,1,4591.0,7,50.0,3,0.0108908734480505,0,2,1,0.0,0.6666666666666666,0.3333333333333333,strategic_reasoning
strategic_final_0129,70,53,32526,58,44,0.828571,0.892209,613.698113,7,4,32,27,19,13,3,1,3,2,1,1,5,5,22,17,3,3,14,9,1,1,3,2,0,0,0.1206896551724138,0.5517241379310345,0.3275862068965517,0.0909090909090909,0.6136363636363636,0.2954545454545454,1,570.0,3,570.0,3,1.0,0,0,3,0.0,0.0,1.0,exploration
strategic_final_0131,237,204,468660,190,162,0.801688,0.87748,2297.352941,52,40,78,72,60,50,37,26,6,6,9,8,16,13,46,44,15,14,19,17,15,14,25,18,0,0,0.2736842105263158,0.4105263157894737,0.3157894736842105,0.2469135802469135,0.4444444444444444,0.3086419753086419,1,6494.0,12,4197.0,11,0.6462888820449646,2,6,3,0.1818181818181818,0.5454545454545454,0.2727272727272727,strategic_reasoning
strategic_final_0132,639,533,1599243,480,405,0.751174,0.880421,3000.45591,259,224,145,123,76,58,181,155,19,16,37,35,58,52,45,35,36,32,33,24,17,15,23,17,0,0,0.5395833333333333,0.3020833333333333,0.1583333333333333,0.5530864197530864,0.3037037037037037,0.1432098765432098,1,4900.0,9,2841.0,4,0.5797959183673469,3,1,0,0.75,0.25,0.0,combat
strategic_final_0134,348,273,604751,266,211,0.764368,0.769632,2215.205128,58,48,142,99,66,64,22,18,12,10,23,19,16,12,59,39,63,46,22,21,14,13,23,23,0,0,0.2180451127819548,0.5338345864661654,0.2481203007518796,0.2274881516587677,0.4691943127962085,0.3033175355450237,1,3042.0,9,2548.0,7,0.8376068376068376,0,3,4,0.0,0.4285714285714285,0.5714285714285714,exploration
strategic_final_0137,258,160,320586,209,127,0.810078,0.970981,2003.6625,107,70,71,37,31,20,93,63,5,0,5,4,19,9,38,17,12,10,12,7,8,5,9,6,1,1,0.5119617224880383,0.3397129186602871,0.1483253588516746,0.5511811023622047,0.2913385826771653,0.1574803149606299,1,918.0,17,834.0,15,0.9084967320261438,11,3,1,0.7333333333333333,0.2,0.0666666666666666,combat
strategic_final_0138,45,29,292340,36,26,0.8,0.965465,10080.689655,19,15,13,7,4,4,15,12,0,0,0,0,3,2,3,0,5,4,0,0,2,2,2,2,0,0,0.5277777777777778,0.3611111111111111,0.1111111111111111,0.5769230769230769,0.2692307692307692,0.1538461538461538,1,3491.0,2,2183.0,1,0.6253222572328846,0,1,0,0.0,1.0,0.0,exploration
strategic_final_0139,51,38,21809,39,29,0.764706,0.85052,573.921053,15,9,18,15,6,5,7,5,5,3,3,1,3,3,8,7,7,5,4,4,1,1,1,0,0,0,0.3846153846153846,0.4615384615384615,0.1538461538461538,0.3103448275862069,0.5172413793103449,0.1724137931034483,1,1225.0,2,66.0,1,0.0538775510204081,0,1,0,0.0,1.0,0.0,combat
strategic_final_0140,62,50,10997,46,36,0.741935,0.851505,219.94,22,16,13,10,11,10,11,8,4,2,4,3,1,1,7,5,2,1,7,7,2,2,2,1,0,0,0.4782608695652174,0.2826086956521739,0.2391304347826087,0.4444444444444444,0.2777777777777778,0.2777777777777778,1,222.0,3,221.0,2,0.9954954954954957,0,0,2,0.0,0.0,1.0,exploration
strategic_final_0142,309,167,259603,257,134,0.831715,0.890845,1554.508982,102,53,105,57,50,24,65,32,11,8,19,7,35,24,44,23,23,9,19,6,8,6,20,10,0,0,0.3968871595330739,0.4085603112840467,0.1945525291828793,0.3955223880597014,0.4253731343283582,0.1791044776119403,1,424.0,2,424.0,2,1.0,0,1,1,0.0,0.5,0.5,combat
strategic_final_0143,65,53,132080,47,38,0.723077,0.928937,2492.075472,21,16,16,13,10,9,15,11,2,2,3,3,6,5,4,3,6,5,4,4,6,5,0,0,0,0,0.4468085106382978,0.3404255319148936,0.2127659574468085,0.4210526315789473,0.3421052631578947,0.2368421052631578,1,1452.0,5,1452.0,5,1.0,2,1,2,0.4,0.2,0.4,combat
strategic_final_0144,66,56,63560,49,41,0.742424,0.941488,1135.0,15,11,17,16,17,14,12,8,0,0,3,3,5,5,9,8,3,3,8,8,1,1,7,4,0,0,0.3061224489795918,0.3469387755102041,0.3469387755102041,0.2682926829268293,0.3902439024390244,0.3414634146341463,1,153.0,2,153.0,2,1.0,0,1,1,0.0,0.5,0.5,strategic_reasoning
strategic_final_0145,45,42,75414,36,33,0.8,0.861074,1795.571429,17,15,17,17,2,1,14,12,2,2,1,1,7,7,6,6,4,4,1,1,0,0,0,0,0,0,0.4722222222222222,0.4722222222222222,0.0555555555555555,0.4545454545454545,0.5151515151515151,0.0303030303030303,1,1014.0,6,1014.0,6,1.0,3,3,0,0.5,0.5,0.0,combat
strategic_final_0147,706,478,711589,591,398,0.83711,0.941198,1488.679916,165,103,239,150,187,145,91,51,12,10,45,27,84,57,70,27,59,42,26,14,99,86,26,14,0,0,0.2791878172588832,0.404399323181049,0.3164128595600677,0.2587939698492462,0.3768844221105528,0.364321608040201,1,13055.0,21,11889.0,15,0.9106855610877058,4,4,7,0.2666666666666666,0.2666666666666666,0.4666666666666667,strategic_reasoning
strategic_final_0149,919,313,377791,814,260,0.885745,0.912505,1207.0,218,84,336,81,260,95,90,48,57,17,68,18,87,44,136,16,110,21,56,13,88,51,113,31,0,0,0.2678132678132678,0.4127764127764127,0.3194103194103194,0.3230769230769231,0.3115384615384615,0.3653846153846153,1,2102.0,7,874.0,6,0.4157944814462416,1,3,2,0.1666666666666666,0.5,0.3333333333333333,strategic_reasoning
strategic_final_0150,681,491,866814,466,355,0.684288,0.739065,1765.405295,146,114,157,114,163,127,64,46,25,21,55,46,51,39,56,37,43,35,65,51,39,32,55,41,0,0,0.3133047210300429,0.3369098712446352,0.3497854077253219,0.3211267605633803,0.3211267605633803,0.3577464788732394,0,0.0,0,0.0,0,0.0,0,0,0,0.0,0.0,0.0,exploration
strategic_final_0153,472,313,652506,362,237,0.766949,0.859473,2084.683706,71,41,180,129,111,67,22,7,24,18,21,15,65,47,63,37,51,44,43,23,22,18,45,25,0,0,0.1961325966850828,0.4972375690607735,0.3066298342541436,0.1729957805907173,0.5443037974683544,0.2827004219409282,1,3689.0,2,3689.0,2,1.0,1,1,0,0.5,0.5,0.0,exploration
strategic_final_0161,317,254,535737,249,199,0.785489,0.886282,2109.200787,102,82,85,68,62,49,76,60,11,10,11,9,32,30,36,24,13,10,19,16,14,13,24,15,0,0,0.4096385542168674,0.3413654618473896,0.2489959839357429,0.4120603015075377,0.3417085427135678,0.2462311557788944,1,3381.0,7,2207.0,5,0.65276545400769,2,1,2,0.4,0.2,0.4,combat
strategic_final_0162,151,140,466049,128,118,0.847682,0.923358,3328.921429,28,26,67,61,33,31,17,16,3,3,8,7,16,14,32,29,15,15,11,11,8,8,13,11,1,1,0.21875,0.5234375,0.2578125,0.2203389830508474,0.5169491525423728,0.2627118644067797,1,1498.0,5,765.0,3,0.5106809078771696,0,2,1,0.0,0.6666666666666666,0.3333333333333333,exploration
strategic_final_0163,158,121,356783,129,96,0.816456,0.888414,2948.619835,37,23,41,31,51,42,25,11,3,3,9,9,15,14,15,9,11,8,10,9,17,17,21,14,1,1,0.2868217054263566,0.3178294573643411,0.3953488372093023,0.2395833333333333,0.3229166666666667,0.4375,1,934.0,3,869.0,2,0.930406852248394,0,0,2,0.0,0.0,1.0,strategic_reasoning
strategic_final_0167,124,71,575347,102,57,0.822581,0.783214,8103.478873,15,3,38,22,49,32,5,0,1,1,9,2,9,7,14,4,14,11,10,2,21,19,13,6,1,1,0.1470588235294117,0.3725490196078431,0.4803921568627451,0.0526315789473684,0.3859649122807017,0.5614035087719298,1,12720.0,3,386.0,1,0.0303459119496855,0,0,1,0.0,0.0,1.0,strategic_reasoning
strategic_final_0170,122,109,689082,97,84,0.795082,0.747647,6321.853211,17,13,43,39,37,32,12,11,0,0,4,1,20,17,10,9,12,12,2,1,19,19,16,12,0,0,0.1752577319587628,0.4432989690721649,0.3814432989690721,0.1547619047619047,0.4642857142857143,0.3809523809523809,1,1671.0,2,1501.0,1,0.8982645122681029,0,1,0,0.0,1.0,0.0,exploration
strategic_final_0171,166,150,404888,140,127,0.843373,0.936419,2699.253333,29,27,54,46,57,54,17,17,3,3,6,4,23,19,18,16,13,11,9,8,28,28,17,15,0,0,0.2071428571428571,0.3857142857142857,0.4071428571428571,0.2125984251968504,0.3622047244094488,0.4251968503937008,1,2357.0,7,1116.0,5,0.4734832414085702,2,0,3,0.4,0.0,0.6,strategic_reasoning
strategic_final_0177,374,223,1237968,300,172,0.802139,0.857117,5551.426009,113,65,90,45,97,62,86,49,12,7,12,7,30,22,41,13,17,8,13,5,20,19,63,38,0,0,0.3766666666666666,0.3,0.3233333333333333,0.377906976744186,0.2616279069767442,0.3604651162790697,1,433.0,5,375.0,4,0.8660508083140878,1,3,0,0.25,0.75,0.0,combat
strategic_final_0178,232,183,594268,197,154,0.849138,0.934134,3247.36612,77,53,52,43,68,58,63,40,5,5,6,6,22,20,17,14,13,9,1,1,17,16,50,41,0,0,0.3908629441624365,0.2639593908629442,0.3451776649746192,0.3441558441558441,0.2792207792207792,0.3766233766233766,1,2386.0,7,2386.0,7,1.0,2,3,2,0.2857142857142857,0.4285714285714285,0.2857142857142857,strategic_reasoning
strategic_final_0180,900,717,2046816,732,611,0.813333,0.931758,2854.694561,296,255,240,208,196,148,181,151,35,31,73,68,56,48,136,121,46,38,63,49,31,24,93,67,0,0,0.4043715846994535,0.3278688524590163,0.2677595628415301,0.4173486088379705,0.3404255319148936,0.2422258592471358,1,14231.0,16,13997.0,15,0.9835570233996206,10,3,2,0.6666666666666666,0.2,0.1333333333333333,combat
strategic_final_0182,184,151,790899,132,111,0.717391,0.799661,5237.741722,66,58,21,18,45,35,47,43,4,3,9,6,15,14,1,0,5,4,3,1,8,7,33,26,0,0,0.5,0.1590909090909091,0.3409090909090909,0.5225225225225225,0.1621621621621621,0.3153153153153153,1,862.0,7,490.0,3,0.568445475638051,2,0,1,0.6666666666666666,0.0,0.3333333333333333,combat
strategic_final_0186,643,573,763526,426,367,0.662519,0.877555,1332.506108,213,191,112,89,101,87,168,149,15,15,14,13,35,32,47,34,25,19,23,20,22,22,42,34,1,1,0.5,0.2629107981220657,0.2370892018779342,0.5204359673024523,0.2425068119891008,0.2370572207084468,1,3238.0,12,2728.0,7,0.8424953675108091,3,1,3,0.4285714285714285,0.1428571428571428,0.4285714285714285,combat
strategic_final_0188,190,166,331954,148,130,0.778947,0.933229,1999.722892,46,43,64,54,38,33,24,22,12,11,10,10,26,23,20,16,16,14,10,7,11,11,15,13,0,0,0.3108108108108108,0.4324324324324324,0.2567567567567567,0.3307692307692307,0.4153846153846154,0.2538461538461538,1,4643.0,8,2224.0,6,0.4790006461339651,2,2,2,0.3333333333333333,0.3333333333333333,0.3333333333333333,exploration
strategic_final_0189,37,35,31714,27,26,0.72973,0.86167,906.114286,8,8,11,10,8,8,7,7,0,0,1,1,5,4,5,5,1,1,2,2,3,3,2,2,0,0,0.2962962962962963,0.4074074074074074,0.2962962962962963,0.3076923076923077,0.3846153846153846,0.3076923076923077,0,0.0,0,0.0,0,0.0,0,0,0,0.0,0.0,0.0,exploration
strategic_final_0190,104,81,230901,76,60,0.730769,0.900806,2850.62963,29,25,27,18,20,17,24,21,1,1,3,3,11,9,11,5,5,4,4,4,8,6,7,6,0,0,0.3815789473684211,0.3552631578947368,0.2631578947368421,0.4166666666666667,0.3,0.2833333333333333,1,1812.0,2,242.0,1,0.1335540838852097,0,1,0,0.0,1.0,0.0,combat
strategic_final_0191,12,9,6733,10,7,0.833333,0.970593,748.111111,2,1,6,4,2,2,1,1,0,0,1,0,6,4,0,0,0,0,0,0,2,2,0,0,0,0,0.2,0.6,0.2,0.1428571428571428,0.5714285714285714,0.2857142857142857,1,2715.0,5,2517.0,3,0.92707182320442,1,1,1,0.3333333333333333,0.3333333333333333,0.3333333333333333,exploration
strategic_final_0192,3,3,573,2,2,0.666667,0.95637,191.0,1,1,1,1,0,0,1,1,0,0,0,0,1,1,0,0,0,0,0,0,0,0,0,0,0,0,0.5,0.5,0.0,0.5,0.5,0.0,1,55.0,2,30.0,1,0.5454545454545454,1,0,0,1.0,0.0,0.0,exploration
strategic_final_0194,41,37,42183,35,32,0.853659,0.828438,1140.081081,15,13,9,8,11,11,11,9,1,1,3,3,4,3,3,3,2,2,2,2,7,7,2,2,0,0,0.4285714285714285,0.2571428571428571,0.3142857142857143,0.40625,0.25,0.34375,1,555.0,2,555.0,2,1.0,0,0,2,0.0,0.0,1.0,exploration
strategic_final_0195,149,138,336050,125,118,0.838926,0.943351,2435.144928,47,42,48,46,30,30,42,38,1,1,3,2,16,15,17,16,15,15,2,2,17,17,10,10,0,0,0.376,0.384,0.24,0.3559322033898305,0.3898305084745763,0.2542372881355932,1,7526.0,26,5987.0,23,0.7955089024714324,8,11,4,0.3478260869565217,0.4782608695652174,0.1739130434782608,combat
strategic_final_0196,88,78,130595,70,62,0.795455,0.91002,1674.294872,11,8,39,36,20,18,8,5,1,1,1,1,17,16,16,14,5,5,0,0,9,9,11,9,0,0,0.1571428571428571,0.5571428571428572,0.2857142857142857,0.1290322580645161,0.5806451612903226,0.2903225806451613,1,4759.0,3,2174.0,1,0.4568186593822231,0,0,1,0.0,0.0,1.0,exploration
strategic_final_0198,24,18,24377,17,14,0.708333,0.894655,1354.277778,6,4,8,8,3,2,5,4,1,0,0,0,4,4,1,1,3,3,0,0,2,1,1,1,0,0,0.3529411764705882,0.4705882352941176,0.1764705882352941,0.2857142857142857,0.5714285714285714,0.1428571428571428,1,1125.0,4,1088.0,3,0.9671111111111113,1,2,0,0.3333333333333333,0.6666666666666666,0.0,exploration
strategic_final_0200,13,13,20765,10,10,0.769231,0.86275,1597.307692,7,7,2,2,1,1,4,4,1,1,2,2,1,1,0,0,1,1,0,0,1,1,0,0,0,0,0.7,0.2,0.1,0.7,0.2,0.1,1,2477.0,3,2477.0,3,1.0,3,0,0,1.0,0.0,0.0,combat
strategic_final_0201,40,38,31448,23,22,0.575,0.897386,827.578947,4,4,12,11,7,7,3,3,0,0,1,1,7,7,1,1,4,3,3,3,2,2,1,1,0,0,0.1739130434782608,0.5217391304347826,0.3043478260869565,0.1818181818181818,0.5,0.3181818181818182,1,2288.0,1,2288.0,1,1.0,0,1,0,0.0,1.0,0.0,exploration
strategic_final_0202,93,72,98186,63,51,0.677419,0.903163,1363.694444,40,34,15,14,8,3,35,30,2,2,1,0,7,6,3,3,4,4,3,1,1,1,4,1,0,0,0.6349206349206349,0.238095238095238,0.1269841269841269,0.6666666666666666,0.2745098039215686,0.0588235294117647,1,2058.0,4,2058.0,4,1.0,4,0,0,1.0,0.0,0.0,combat
strategic_final_0204,193,133,76955,139,93,0.720207,0.854408,578.609023,59,38,47,35,33,20,32,26,7,2,17,7,19,17,12,7,15,10,11,7,6,5,14,6,0,0,0.4244604316546763,0.3381294964028777,0.237410071942446,0.4086021505376344,0.3763440860215054,0.2150537634408602,1,469.0,13,382.0,10,0.814498933901919,8,1,1,0.8,0.1,0.1,combat
strategic_final_0206,33,33,140291,25,25,0.757576,0.994711,4251.242424,17,17,3,3,5,5,15,15,1,1,1,1,1,1,0,0,2,2,0,0,2,2,3,3,0,0,0.68,0.12,0.2,0.68,0.12,0.2,1,347.0,3,347.0,3,1.0,3,0,0,1.0,0.0,0.0,combat
strategic_final_0207,40,39,114921,33,33,0.825,0.960286,2946.692308,12,12,11,11,10,10,11,11,0,0,0,0,6,6,2,2,3,3,2,2,7,7,0,0,0,0,0.3636363636363636,0.3333333333333333,0.303030303030303,0.3636363636363636,0.3333333333333333,0.303030303030303,1,892.0,4,892.0,4,1.0,2,1,1,0.5,0.25,0.25,exploration
strategic_final_0209,2684,1756,1849432,2104,1510,0.783905,0.893303,1053.207289,600,425,694,471,810,614,210,120,89,66,295,236,94,58,441,297,135,96,475,384,58,43,234,151,0,0,0.2851711026615969,0.3298479087452471,0.3849809885931559,0.2814569536423841,0.3119205298013245,0.4066225165562914,1,10546.0,8,9433.0,6,0.8944623553954106,0,4,2,0.0,0.6666666666666666,0.3333333333333333,strategic_reasoning
strategic_final_0210,782,351,859402,613,272,0.783887,0.865526,2448.438746,149,57,284,128,180,87,89,30,19,10,37,17,66,32,155,67,53,27,67,37,33,17,76,30,0,0,0.2430668841761827,0.4632952691680261,0.2936378466557912,0.2095588235294117,0.4705882352941176,0.3198529411764705,1,3609.0,6,2664.0,5,0.7381546134663342,0,4,1,0.0,0.8,0.2,exploration
strategic_final_0212,41,36,48841,35,32,0.853659,0.972707,1356.694444,4,4,5,5,26,23,1,1,1,1,2,2,4,4,0,0,1,1,3,2,10,10,13,11,0,0,0.1142857142857142,0.1428571428571428,0.7428571428571429,0.125,0.15625,0.71875,1,7537.0,2,7537.0,2,1.0,0,1,1,0.0,0.5,0.5,strategic_reasoning
strategic_final_0213,392,179,164994,321,137,0.818878,0.763137,921.75419,98,27,143,66,80,44,60,12,18,8,18,7,49,29,68,26,23,9,37,21,13,10,25,8,0,0,0.3052959501557632,0.4454828660436137,0.249221183800623,0.1970802919708029,0.4817518248175182,0.3211678832116788,1,18.0,5,12.0,3,0.6666666666666666,0,3,0,0.0,1.0,0.0,exploration
strategic_final_0215,58,50,147762,48,40,0.827586,0.969376,2955.24,26,22,14,11,8,7,17,16,2,1,6,4,7,5,4,4,1,1,2,2,2,2,3,2,0,0,0.5416666666666666,0.2916666666666667,0.1666666666666666,0.55,0.275,0.175,1,176.0,3,172.0,2,0.9772727272727272,1,0,1,0.5,0.0,0.5,combat
strategic_final_0216,237,160,375094,197,128,0.831224,0.80387,2344.3375,64,37,94,67,39,24,41,19,11,9,9,7,9,7,66,49,16,9,24,13,6,3,8,7,0,0,0.3248730964467005,0.4771573604060913,0.1979695431472081,0.2890625,0.5234375,0.1875,1,7009.0,26,6152.0,21,0.877728634612641,4,10,7,0.1904761904761904,0.4761904761904761,0.3333333333333333,combat
strategic_final_0218,136,73,202518,117,63,0.860294,0.965124,2774.219178,46,22,60,31,11,10,33,17,5,3,7,2,14,10,38,19,8,2,4,4,3,3,4,3,0,0,0.3931623931623931,0.5128205128205128,0.094017094017094,0.3492063492063492,0.492063492063492,0.1587301587301587,1,1038.0,1,1038.0,1,1.0,0,0,1,0.0,0.0,1.0,strategic_reasoning
strategic_final_0220,56,43,97753,38,30,0.678571,0.912125,2273.325581,4,1,23,18,11,11,2,1,0,0,1,0,9,7,5,4,6,4,2,2,7,7,2,2,0,0,0.1052631578947368,0.6052631578947368,0.2894736842105263,0.0333333333333333,0.6,0.3666666666666666,1,2239.0,5,108.0,1,0.0482358195623046,0,1,0,0.0,1.0,0.0,exploration
strategic_final_0221,32,13,7687,27,10,0.84375,0.960453,591.307692,6,5,17,2,4,3,4,3,1,1,1,1,5,1,7,1,5,0,2,1,1,1,0,0,1,1,0.2222222222222222,0.6296296296296297,0.1481481481481481,0.5,0.2,0.3,0,0.0,0,0.0,0,0.0,0,0,0,0.0,0.0,0.0,combat
strategic_final_0225,58,38,12654,46,26,0.793103,0.710447,333.0,27,10,13,11,6,5,24,8,0,0,1,1,3,3,6,5,3,3,3,2,2,2,0,0,0,0,0.5869565217391305,0.2826086956521739,0.1304347826086956,0.3846153846153846,0.4230769230769231,0.1923076923076923,0,0.0,0,0.0,0,0.0,0,0,0,0.0,0.0,0.0,exploration
strategic_final_0230,25,25,160196,18,18,0.72,0.816519,6407.84,6,6,5,5,7,7,1,1,1,1,4,4,4,4,0,0,1,1,2,2,2,2,2,2,0,0,0.3333333333333333,0.2777777777777778,0.3888888888888889,0.3333333333333333,0.2777777777777778,0.3888888888888889,1,6625.0,6,2466.0,5,0.3722264150943396,2,1,2,0.4,0.2,0.4,strategic_reasoning
strategic_final_0231,330,264,216737,261,212,0.790909,0.896506,820.973485,111,102,97,75,53,35,56,53,14,14,26,22,40,36,39,23,15,13,21,12,16,15,13,5,0,0,0.425287356321839,0.3716475095785441,0.2030651340996168,0.4811320754716981,0.3537735849056603,0.1650943396226415,1,374.0,14,326.0,10,0.8716577540106952,3,5,2,0.3,0.5,0.2,combat
strategic_final_0232,114,102,398658,80,72,0.701754,0.845913,3908.411765,23,20,27,26,30,26,13,11,1,1,8,8,15,14,4,4,8,8,2,2,11,8,15,14,0,0,0.2875,0.3375,0.375,0.2777777777777778,0.3611111111111111,0.3611111111111111,1,6658.0,4,6410.0,3,0.9627515770501652,0,2,1,0.0,0.6666666666666666,0.3333333333333333,exploration
strategic_final_0234,57,43,70033,49,35,0.859649,0.72226,1628.674419,13,9,24,17,12,9,5,3,3,3,5,3,6,5,10,6,8,6,3,2,0,0,9,7,0,0,0.2653061224489796,0.4897959183673469,0.2448979591836734,0.2571428571428571,0.4857142857142857,0.2571428571428571,0,0.0,0,0.0,0,0.0,0,0,0,0.0,0.0,0.0,exploration
strategic_final_0236,149,117,85163,120,96,0.805369,0.891232,727.888889,34,28,61,47,25,21,23,19,4,3,4,4,26,22,16,10,17,13,13,10,7,7,3,2,0,0,0.2833333333333333,0.5083333333333333,0.2083333333333333,0.2916666666666667,0.4895833333333333,0.21875,1,2349.0,10,1404.0,7,0.5977011494252874,2,1,4,0.2857142857142857,0.1428571428571428,0.5714285714285714,exploration
strategic_final_0238,40,39,97243,29,28,0.725,0.959452,2493.410256,11,11,3,3,15,14,10,10,0,0,1,1,1,1,0,0,2,2,5,5,2,2,7,6,1,1,0.3793103448275862,0.1034482758620689,0.5172413793103449,0.3928571428571428,0.1071428571428571,0.5,1,1339.0,2,1269.0,1,0.9477221807318896,1,0,0,1.0,0.0,0.0,combat
strategic_final_0239,130,95,290051,101,70,0.776923,0.917301,3053.168421,16,11,48,33,37,26,4,2,3,2,8,6,17,11,14,9,13,9,13,9,11,8,10,6,0,0,0.1584158415841584,0.4752475247524752,0.3663366336633663,0.1571428571428571,0.4714285714285714,0.3714285714285714,1,4138.0,6,3870.0,5,0.9352344127597874,1,3,1,0.2,0.6,0.2,exploration
strategic_final_0241,15,10,32143,14,10,0.933333,1.0,3214.3,6,6,7,4,1,0,5,5,1,1,0,0,4,3,1,0,2,1,0,0,1,0,0,0,0,0,0.4285714285714285,0.5,0.0714285714285714,0.6,0.4,0.0,1,77.0,1,77.0,1,1.0,1,0,0,1.0,0.0,0.0,combat
strategic_final_0243,71,43,70777,61,35,0.859155,0.885217,1645.976744,38,19,13,11,10,5,30,13,4,3,3,2,4,3,4,3,4,4,2,0,2,1,5,3,0,0,0.6229508196721312,0.2131147540983606,0.1639344262295081,0.5428571428571428,0.3142857142857143,0.1428571428571428,1,1540.0,9,1445.0,7,0.9383116883116884,4,2,1,0.5714285714285714,0.2857142857142857,0.1428571428571428,combat
strategic_final_0244,54,51,97878,45,42,0.833333,0.809365,1919.176471,20,17,19,19,6,6,18,15,0,0,1,1,11,11,3,3,4,4,2,2,1,1,3,3,0,0,0.4444444444444444,0.4222222222222222,0.1333333333333333,0.4047619047619047,0.4523809523809524,0.1428571428571428,1,210.0,8,184.0,6,0.8761904761904762,2,3,1,0.3333333333333333,0.5,0.1666666666666666,combat
strategic_final_0246,5,5,9166,4,4,0.8,0.999127,1833.2,1,1,2,2,1,1,1,1,0,0,0,0,2,2,0,0,0,0,1,1,0,0,0,0,0,0,0.25,0.5,0.25,0.25,0.5,0.25,0,0.0,0,0.0,0,0.0,0,0,0,0.0,0.0,0.0,combat
strategic_final_0247,38,35,40902,28,25,0.736842,0.780573,1168.628571,11,11,12,9,5,5,4,4,4,4,3,3,4,3,5,4,2,1,2,2,0,0,3,3,0,0,0.3928571428571428,0.4285714285714285,0.1785714285714285,0.44,0.36,0.2,1,820.0,4,820.0,4,1.0,2,1,1,0.5,0.25,0.25,combat
strategic_final_0248,61,47,87478,44,34,0.721311,0.728903,1861.234043,6,4,24,20,14,10,2,1,1,1,1,1,4,4,11,8,7,6,4,2,7,7,3,1,0,0,0.1363636363636363,0.5454545454545454,0.3181818181818182,0.1176470588235294,0.5882352941176471,0.2941176470588235,1,4917.0,8,2448.0,5,0.4978645515558267,2,2,1,0.4,0.4,0.2,exploration
strategic_final_0249,41,35,34111,32,28,0.780488,0.851162,974.6,7,7,21,17,4,4,5,5,0,0,1,1,11,9,5,4,5,4,1,1,3,3,0,0,0,0,0.21875,0.65625,0.125,0.25,0.6071428571428571,0.1428571428571428,1,74.0,5,74.0,5,1.0,1,2,2,0.2,0.4,0.4,exploration
strategic_final_0251,133,71,871194,111,58,0.834586,0.964178,12270.338028,59,39,21,11,31,8,42,24,8,7,8,7,10,6,5,3,6,2,6,0,2,1,22,7,0,0,0.5315315315315315,0.1891891891891892,0.2792792792792792,0.6724137931034483,0.1896551724137931,0.1379310344827586,1,487.0,3,487.0,3,1.0,3,0,0,1.0,0.0,0.0,combat
strategic_final_0252,303,246,183130,239,191,0.788779,0.85329,744.430894,83,65,115,90,41,36,43,34,17,13,19,16,20,17,55,42,37,29,14,11,10,8,14,14,0,0,0.3472803347280335,0.4811715481171548,0.1715481171548117,0.3403141361256545,0.4712041884816754,0.1884816753926701,1,2920.0,9,2062.0,5,0.7061643835616438,2,3,0,0.4,0.6,0.0,combat
strategic_final_0253,128,64,270788,100,50,0.78125,0.915986,4231.0625,41,15,46,26,13,9,29,8,5,3,6,3,8,5,28,16,9,5,10,7,1,1,2,1,0,0,0.41,0.46,0.13,0.3,0.52,0.18,1,402.0,1,402.0,1,1.0,1,0,0,1.0,0.0,0.0,combat
strategic_final_0254,18,18,7802,11,11,0.611111,0.725583,433.444444,6,6,2,2,3,3,2,2,2,2,2,2,1,1,1,1,0,0,1,1,1,1,1,1,0,0,0.5454545454545454,0.1818181818181818,0.2727272727272727,0.5454545454545454,0.1818181818181818,0.2727272727272727,1,878.0,6,56.0,2,0.0637813211845102,2,0,0,1.0,0.0,0.0,combat
strategic_final_0255,174,94,127231,135,63,0.775862,0.785288,1353.521277,68,34,48,21,19,8,44,21,7,4,10,3,14,8,20,7,12,6,4,2,4,2,10,3,0,0,0.5037037037037037,0.3555555555555555,0.1407407407407407,0.5396825396825397,0.3333333333333333,0.1269841269841269,1,2385.0,8,479.0,4,0.20083857442348,2,1,1,0.5,0.25,0.25,combat
strategic_final_0256,127,42,655618,101,33,0.795276,0.849113,15609.952381,32,12,48,18,21,3,13,8,4,0,12,3,17,7,17,6,12,5,6,2,4,1,10,0,0,0,0.3168316831683168,0.4752475247524752,0.2079207920792079,0.3636363636363636,0.5454545454545454,0.0909090909090909,1,6773.0,5,6773.0,5,1.0,2,2,1,0.4,0.4,0.2,combat
strategic_final_0262,39,23,16646,32,18,0.820513,0.874564,723.73913,11,9,15,6,6,3,8,7,2,1,0,0,6,4,3,0,5,2,2,0,2,1,1,1,0,0,0.34375,0.46875,0.1875,0.5,0.3333333333333333,0.1666666666666666,1,1137.0,3,1137.0,3,1.0,2,1,0,0.6666666666666666,0.3333333333333333,0.0,combat
strategic_final_0264,64,40,454453,53,31,0.828125,0.991913,11361.325,26,16,14,7,13,8,15,10,1,1,8,3,4,2,4,1,6,4,8,3,1,1,3,3,0,0,0.490566037735849,0.2641509433962264,0.2452830188679245,0.5161290322580645,0.2258064516129032,0.2580645161290322,1,4737.0,6,3957.0,4,0.8353388220392653,3,1,0,0.75,0.25,0.0,combat
strategic_final_0267,278,223,380889,233,187,0.838129,0.966541,1708.022422,44,37,124,102,65,48,17,13,12,12,13,11,33,29,60,47,29,26,30,20,20,18,12,8,0,0,0.1888412017167382,0.5321888412017167,0.278969957081545,0.1978609625668449,0.5454545454545454,0.2566844919786096,1,5200.0,6,4945.0,5,0.9509615384615384,0,4,1,0.0,0.8,0.2,exploration
strategic_final_0269,42,37,54408,35,30,0.833333,0.783855,1470.486486,17,13,9,8,9,9,11,9,2,2,3,1,4,4,4,3,1,1,3,3,2,2,3,3,0,0,0.4857142857142857,0.2571428571428571,0.2571428571428571,0.4333333333333333,0.2666666666666666,0.3,1,4815.0,14,4619.0,12,0.9592938733125648,7,3,2,0.5833333333333334,0.25,0.1666666666666666,exploration
strategic_final_0272,70,64,306930,53,47,0.757143,0.7423,4795.78125,24,19,18,18,11,10,21,18,0,0,1,1,13,13,5,5,0,0,3,3,4,4,3,2,0,0,0.4528301886792453,0.3396226415094339,0.2075471698113207,0.4042553191489361,0.3829787234042553,0.2127659574468085,1,5734.0,1,5734.0,1,1.0,0,1,0,0.0,1.0,0.0,exploration
strategic_final_0273,14,14,114446,12,12,0.857143,0.990039,8174.714286,3,3,6,6,3,3,2,2,0,0,1,1,4,4,0,0,2,2,0,0,0,0,3,3,0,0,0.25,0.5,0.25,0.25,0.5,0.25,1,3956.0,5,3956.0,5,1.0,1,3,1,0.2,0.6,0.2,combat
strategic_final_0274,50,34,20496,39,27,0.78,0.722287,602.823529,18,14,14,8,7,5,11,9,2,1,4,3,7,3,3,2,3,2,2,1,3,3,1,0,0,0,0.4615384615384615,0.358974358974359,0.1794871794871795,0.5185185185185185,0.2962962962962963,0.1851851851851851,1,4.0,1,4.0,1,1.0,0,0,1,0.0,0.0,1.0,combat
strategic_final_0275,78,64,80118,57,46,0.730769,0.781897,1251.84375,27,24,21,15,9,7,20,18,1,1,1,1,6,3,9,6,4,4,4,3,2,2,3,2,0,0,0.4736842105263157,0.3684210526315789,0.1578947368421052,0.5217391304347826,0.3260869565217391,0.1521739130434782,1,374.0,3,100.0,1,0.267379679144385,1,0,0,1.0,0.0,0.0,combat
strategic_final_0276,24,21,97605,19,17,0.791667,0.924676,4647.857143,8,7,5,4,6,6,6,6,1,1,1,0,3,2,1,1,1,1,1,1,4,4,1,1,0,0,0.4210526315789473,0.2631578947368421,0.3157894736842105,0.4117647058823529,0.2352941176470588,0.3529411764705882,1,492.0,2,492.0,2,1.0,2,0,0,1.0,0.0,0.0,combat
strategic_final_0277,40,26,29683,34,21,0.85,0.960819,1141.653846,11,7,18,12,5,2,7,4,3,2,0,0,6,4,6,4,5,3,2,0,1,0,1,1,0,0,0.3235294117647059,0.5294117647058824,0.1470588235294117,0.3333333333333333,0.5714285714285714,0.0952380952380952,1,1778.0,10,1710.0,7,0.9617547806524184,2,4,1,0.2857142857142857,0.5714285714285714,0.1428571428571428,combat
strategic_final_0278,8,7,4808,6,5,0.75,0.834859,686.857143,4,3,0,0,2,2,3,3,0,0,1,0,0,0,0,0,0,0,0,0,1,1,0,0,0,0,0.6666666666666666,0.0,0.3333333333333333,0.6,0.0,0.4,1,1192.0,4,445.0,3,0.3733221476510067,2,0,1,0.6666666666666666,0.0,0.3333333333333333,strategic_reasoning
strategic_final_0279,259,196,1261822,192,140,0.741313,0.887196,6437.867347,65,49,55,33,72,58,41,34,17,10,7,5,17,11,23,11,15,11,4,1,11,11,57,46,0,0,0.3385416666666667,0.2864583333333333,0.375,0.35,0.2357142857142857,0.4142857142857143,1,3923.0,8,1937.0,3,0.4937547795054805,0,0,3,0.0,0.0,1.0,strategic_reasoning
strategic_final_0280,146,127,224350,122,107,0.835616,0.925157,1766.535433,38,30,47,42,37,35,30,24,1,1,4,3,20,18,14,12,12,11,4,4,11,11,22,20,0,0,0.3114754098360656,0.3852459016393442,0.3032786885245901,0.2803738317757009,0.3925233644859813,0.3271028037383177,1,3556.0,8,3556.0,8,1.0,3,3,2,0.375,0.375,0.25,strategic_reasoning
strategic_final_0281,22,17,35501,19,15,0.863636,0.995803,2088.294118,9,8,6,6,4,1,5,5,0,0,3,2,4,4,1,1,1,1,2,0,1,1,1,0,0,0,0.4736842105263157,0.3157894736842105,0.2105263157894736,0.5333333333333333,0.4,0.0666666666666666,1,2533.0,4,2533.0,4,1.0,2,2,0,0.5,0.5,0.0,exploration
strategic_final_0282,73,58,349504,57,46,0.780822,0.99097,6025.931034,33,27,13,11,11,8,23,18,4,4,4,4,7,6,4,3,1,1,0,0,6,4,4,3,0,0,0.5789473684210527,0.2280701754385964,0.1929824561403508,0.5869565217391305,0.2391304347826087,0.1739130434782608,1,3347.0,3,2968.0,2,0.88676426650732,1,0,1,0.5,0.0,0.5,combat
strategic_final_0284,87,74,266031,68,59,0.781609,0.962422,3595.013514,19,16,30,26,19,17,10,10,2,2,5,2,8,7,11,9,9,8,1,1,7,7,10,8,0,0,0.2794117647058823,0.4411764705882353,0.2794117647058823,0.2711864406779661,0.4406779661016949,0.288135593220339,1,3694.0,9,769.0,3,0.2081754195993503,1,2,0,0.3333333333333333,0.6666666666666666,0.0,combat
strategic_final_0285,257,205,406634,227,182,0.883268,0.889488,1983.580488,101,86,89,74,37,22,68,55,18,18,15,13,25,21,44,34,17,16,2,1,4,4,31,17,0,0,0.4449339207048458,0.3920704845814978,0.1629955947136563,0.4725274725274725,0.4065934065934066,0.1208791208791208,1,2655.0,9,2490.0,8,0.9378531073446328,4,3,1,0.5,0.375,0.125,combat
strategic_final_0289,16,16,16758,11,11,0.6875,0.941938,1047.375,10,10,1,1,0,0,6,6,0,0,0,0,1,1,0,0,0,0,0,0,0,0,0,0,0,0,0.9090909090909092,0.0909090909090909,0.0,0.9090909090909092,0.0909090909090909,0.0,1,584.0,1,584.0,1,1.0,1,0,0,1.0,0.0,0.0,combat
strategic_final_0290,396,335,801296,317,274,0.800505,0.905352,2391.928358,190,167,91,74,36,33,143,124,13,11,23,22,53,42,24,20,12,11,10,8,11,10,12,12,0,0,0.5993690851735016,0.2870662460567823,0.113564668769716,0.6094890510948905,0.2700729927007299,0.1204379562043795,1,866.0,7,140.0,3,0.161662817551963,2,1,0,0.6666666666666666,0.3333333333333333,0.0,combat
strategic_final_0291,55,46,266873,48,42,0.872727,0.977176,5801.586957,23,21,22,19,3,2,14,12,5,5,4,4,7,6,10,9,3,2,1,0,0,0,1,1,0,0,0.4791666666666667,0.4583333333333333,0.0625,0.5,0.4523809523809524,0.0476190476190476,1,1996.0,1,1996.0,1,1.0,0,0,1,0.0,0.0,1.0,combat
strategic_final_0293,78,62,101253,68,52,0.871795,0.975704,1633.112903,27,20,25,22,16,10,18,13,4,3,4,3,8,6,12,12,4,4,13,9,1,0,2,1,0,0,0.3970588235294117,0.3676470588235294,0.2352941176470588,0.3846153846153846,0.4230769230769231,0.1923076923076923,1,8.0,1,0.0,0,0.0,0,0,0,0.0,0.0,0.0,combat
strategic_final_0294,451,121,68134,362,96,0.802661,0.845143,563.090909,113,44,177,35,72,17,13,5,57,23,42,16,31,9,67,8,73,15,20,4,16,6,35,7,0,0,0.3121546961325966,0.4889502762430939,0.1988950276243093,0.4583333333333333,0.3645833333333333,0.1770833333333333,1,1414.0,11,1336.0,9,0.9448373408769448,2,4,3,0.2222222222222222,0.4444444444444444,0.3333333333333333,exploration
strategic_final_0295,12,7,9116,10,5,0.833333,0.874287,1302.285714,2,2,6,3,2,0,1,1,1,1,0,0,3,2,0,0,3,1,1,0,0,0,1,0,0,0,0.2,0.6,0.2,0.4,0.6,0.0,0,0.0,0,0.0,0,0.0,0,0,0,0.0,0.0,0.0,exploration
strategic_final_0297,24,21,38542,20,18,0.833333,0.869934,1835.333333,6,6,6,5,8,7,2,2,0,0,3,3,3,2,0,0,3,3,1,1,3,3,3,2,0,0,0.3,0.3,0.4,0.3333333333333333,0.2777777777777778,0.3888888888888889,1,662.0,6,662.0,6,1.0,2,1,3,0.3333333333333333,0.1666666666666666,0.5,strategic_reasoning
