steamid,appid,playtime_forever
76561199404580646,400,484
76561199404580646,500,413
76561199404580646,620,419
76561199404580646,2990,659
76561199404580646,13570,22
76561199404580646,19900,594
76561199404580646,35140,1151
76561199404580646,105600,21
76561199404580646,200260,3621
76561199404580646,204360,401
76561199404580646,204450,288
76561199404580646,205100,527
76561199404580646,208650,120
76561199404580646,220240,3271
76561199404580646,223710,7
76561199404580646,224260,28
76561199404580646,250900,61
76561199404580646,286690,1136
76561199404580646,291550,219
76561199404580646,304930,68
76561199404580646,314030,289
76561199404580646,322330,81
76561199404580646,355180,304
76561199404580646,359840,45
76561199404580646,390290,228
76561199404580646,503560,108
76561199404580646,520440,77
76561199404580646,563560,36
76561199404580646,674940,230
76561199404580646,774361,162
76561199404580646,788770,10
76561199404580646,862740,106
76561199404580646,897630,39
76561199404580646,909080,169
76561199404580646,965200,212
76561199404580646,977400,79
76561199404580646,1030300,950
76561199404580646,1071870,156
76561199404580646,1085660,94
76561199404580646,1131080,38
76561199404580646,1145360,73
76561199404580646,1200580,20
76561199404580646,1240440,23
76561199404580646,1241700,27
76561199404580646,1280770,38
76561199404580646,1282270,12
76561199404580646,1289310,202
76561199404580646,1446890,341
76561199404580646,1469280,49
76561199404580646,1476970,214
76561199404580646,1557740,69
76561199404580646,1625450,62
76561199404580646,1714040,20
76561199404580646,1749630,50
76561199404580646,1815780,464
76561199404580646,1911390,7
76561199404580646,1938090,756
76561199404580646,1977530,9
76561199404580646,1985690,46
76561199404580646,2062120,57
76561199404580646,2186570,19
76561199404580646,2226280,12
76561199404580646,2239140,24
76561199404580646,2281730,281
76561199404580646,2313250,50
76561199404580646,2325290,59
76561199404580646,2551020,22
76561199404580646,2667970,14
76561199404580646,2747770,56
76561199404580646,2763740,1350
76561199404580646,2764370,283
76561199404580646,2835570,162
76561199404580646,2881650,15
76561199404580646,2951690,60
76561199404580646,3001970,389
76561199404580646,3008200,20
76561199404580646,3017580,66
76561199404580646,3199170,727
76561199404580646,3274300,25
76561199404580646,3419430,17
76561199404580646,3472550,39
76561199404580646,3606890,63
76561199404580646,3664010,293
76561199404580646,4465480,156
76561198119630343,550,3735
76561198119630343,620,668
76561198119630343,730,26570
76561198119630343,6060,848
76561198119630343,9900,237
76561198119630343,22300,341
76561198119630343,22350,14
76561198119630343,22380,6018
76561198119630343,49520,1618
76561198119630343,65790,98
76561198119630343,72850,19634
76561198119630343,104900,27
76561198119630343,208090,550
76561198119630343,221100,1426
76561198119630343,224260,476
76561198119630343,227940,332
76561198119630343,230410,1182
76561198119630343,236390,11976
76561198119630343,242760,3087
76561198119630343,246280,26
76561198119630343,248570,31
76561198119630343,265630,4730
76561198119630343,271590,53675
76561198119630343,273110,9
76561198119630343,275850,3591
76561198119630343,291480,184
76561198119630343,291550,2680
76561198119630343,298240,11
76561198119630343,299360,80
76561198119630343,301520,908
76561198119630343,302830,796
76561198119630343,304050,52
76561198119630343,304930,37470
76561198119630343,306130,5242
76561198119630343,327030,1049
76561198119630343,333930,27
76561198119630343,376870,17
76561198119630343,377160,1604
76561198119630343,384180,61
76561198119630343,391460,20
76561198119630343,397900,3971
76561198119630343,428690,2660
76561198119630343,431960,3
76561198119630343,444090,679
76561198119630343,466910,381
76561198119630343,489830,2472
76561198119630343,544920,1368
76561198119630343,550650,92
76561198119630343,555570,46
76561198119630343,578080,55
76561198119630343,633230,356
76561198119630343,648800,1292
76561198119630343,739630,335
76561198119630343,892970,16
76561198119630343,945360,712
76561198119630343,1151640,1300
76561198119630343,1162130,825
76561198119630343,1172470,323
76561198119630343,1259420,3721
76561198119630343,1582650,157
76561198119630343,1593500,1006
76561198119630343,1716740,874
76561198119630343,1817070,1623
76561198119630343,1962700,1253
76561198119630343,2073850,2967
76561198119630343,2420110,122
76561198119630343,2651280,1288
76561198119630343,4704690,132
76561199378979916,70,101
76561199378979916,220,2039
76561199378979916,320,52
76561199378979916,620,201
76561199378979916,730,50
76561199378979916,431960,447
76561199378979916,462960,2
76561199378979916,962400,116
76561199378979916,1091500,125
76561199378979916,1151340,52
76561199378979916,1205040,153
76561199378979916,1707550,55
76561199378979916,1712830,45
76561199378979916,3405690,1390
76561198149690895,10,4
76561198149690895,220,875
76561198149690895,240,432
76561198149690895,320,4
76561198149690895,400,115
76561198149690895,440,169
76561198149690895,550,339
76561198149690895,620,5307
76561198149690895,730,61544
76561198149690895,4000,16160
76561198149690895,7000,418
76561198149690895,8000,25
76561198149690895,8140,291
76561198149690895,8190,859
76561198149690895,17390,985
76561198149690895,17410,19
76561198149690895,20920,49
76561198149690895,24240,144
76561198149690895,41000,12
76561198149690895,41010,39
76561198149690895,41050,230
76561198149690895,41060,26
76561198149690895,41070,259
76561198149690895,48000,10
76561198149690895,48700,5876
76561198149690895,48720,127
76561198149690895,49520,5756
76561198149690895,92100,35
76561198149690895,104900,65
76561198149690895,105600,15464
76561198149690895,201480,20
76561198149690895,203160,168
76561198149690895,204340,1512
76561198149690895,205100,1090
76561198149690895,219640,465
76561198149690895,221640,857
76561198149690895,225540,130
76561198149690895,227300,384
76561198149690895,230410,3007
76561198149690895,233720,133
76561198149690895,234140,15
76561198149690895,236110,1864
76561198149690895,239030,110
76561198149690895,239140,3989
76561198149690895,241930,1821
76561198149690895,244210,89
76561198149690895,244850,20055
76561198149690895,245170,86
76561198149690895,246900,829
76561198149690895,247120,3
76561198149690895,250340,2178
76561198149690895,252490,3461
76561198149690895,253250,608
76561198149690895,265300,86
76561198149690895,265630,404
76561198149690895,278360,581
76561198149690895,286340,542
76561198149690895,291550,3835
76561198149690895,292030,2306
76561198149690895,301860,113
76561198149690895,304050,4690
76561198149690895,304930,20605
76561198149690895,305620,2174
76561198149690895,306130,214851
76561198149690895,313120,458
76561198149690895,319630,41
76561198149690895,322330,9248
76561198149690895,327030,603
76561198149690895,344760,588
76561198149690895,346010,281
76561198149690895,348670,220
76561198149690895,354640,18
76561198149690895,355150,4
76561198149690895,356190,1066
76561198149690895,360380,246
76561198149690895,361420,1345
76561198149690895,365670,9998
76561198149690895,367450,14
76561198149690895,370510,11
76561198149690895,374030,31
76561198149690895,377160,3087
76561198149690895,381210,237
76561198149690895,387990,898
76561198149690895,394360,71
76561198149690895,397340,1468
76561198149690895,403640,1325
76561198149690895,413150,4943
76561198149690895,431960,741
76561198149690895,441790,120
76561198149690895,474960,1
76561198149690895,489830,12532
76561198149690895,503620,20
76561198149690895,552500,504
76561198149690895,582500,34
76561198149690895,588430,1101
76561198149690895,613100,1767
76561198149690895,648800,1882
76561198149690895,657200,67
76561198149690895,732430,4
76561198149690895,761890,1131
76561198149690895,794260,793
76561198149690895,799500,7
76561198149690895,846770,580
76561198149690895,865360,418
76561198149690895,880940,440
76561198149690895,933110,10
76561198149690895,945360,705
76561198149690895,1008710,26
76561198149690895,1085660,190
76561198149690895,1110910,28
76561198149690895,1119730,162
76561198149690895,1128810,38
76561198149690895,1172620,4367
76561198149690895,1186640,193
76561198149690895,1239690,1334
76561198149690895,1279510,1364
76561198149690895,1362420,24
76561198149690895,1504980,28
76561198149690895,1552620,17
76561198149690895,1582170,15
76561198149690895,1623730,257
76561198149690895,2071280,2426
76561198149690895,2239140,96
76561198149690895,2543510,29
76561198149690895,2707930,37
76561198149690895,2780980,96
76561198149690895,2868840,218
76561198149690895,2956680,322
76561198149690895,3564740,180
76561198149690895,3678970,1723
76561198149690895,3716600,355
76561198009405343,220,33
76561198009405343,240,2561
76561198009405343,400,722
76561198009405343,440,2218
76561198009405343,620,1371
76561198009405343,730,6089
76561198009405343,2760,3
76561198009405343,8870,662
76561198009405343,15700,2
76561198009405343,17410,40
76561198009405343,17480,1065
76561198009405343,17710,118
76561198009405343,20900,3199
76561198009405343,20920,2263
76561198009405343,22000,3
76561198009405343,25800,51
76561198009405343,29180,1
76561198009405343,37600,6
76561198009405343,38740,1
76561198009405343,40700,165
76561198009405343,42910,701
76561198009405343,43110,325
76561198009405343,49520,3009
76561198009405343,108700,821
76561198009405343,113020,5
76561198009405343,203630,1
76561198009405343,203730,1
76561198009405343,204240,11
76561198009405343,206190,194
76561198009405343,208140,5
76561198009405343,219740,54
76561198009405343,219910,1150
76561198009405343,221810,53
76561198009405343,221910,65
76561198009405343,225080,449
76561198009405343,233150,4
76561198009405343,234270,1073
76561198009405343,236850,1442
76561198009405343,238460,60
76561198009405343,239030,395
76561198009405343,239070,9
76561198009405343,249050,104
76561198009405343,252110,1588
76561198009405343,252410,228
76561198009405343,253030,3
76561198009405343,257510,2584
76561198009405343,260230,399
76561198009405343,272600,199
76561198009405343,273350,181
76561198009405343,274190,798
76561198009405343,281990,15439
76561198009405343,282070,6831
76561198009405343,284830,213
76561198009405343,289130,7
76561198009405343,298260,10
76561198009405343,307570,1
76561198009405343,314790,346
76561198009405343,316790,76
76561198009405343,318600,19
76561198009405343,319630,164
76561198009405343,322190,1650
76561198009405343,322330,5489
76561198009405343,327220,614
76561198009405343,336140,1282
76561198009405343,350010,13
76561198009405343,359510,467
76561198009405343,359550,2734
76561198009405343,365450,282
76561198009405343,383870,261
76561198009405343,384310,254
76561198009405343,390290,118
76561198009405343,391540,36
76561198009405343,409710,838
76561198009405343,409720,696
76561198009405343,413150,1334
76561198009405343,418240,2037
76561198009405343,421050,841
76561198009405343,421120,337
76561198009405343,435120,151
76561198009405343,436150,53
76561198009405343,437160,11
76561198009405343,464920,96
76561198009405343,475550,224
76561198009405343,493540,6
76561198009405343,503400,13
76561198009405343,548430,6399
76561198009405343,571310,71
76561198009405343,578080,1770
76561198009405343,609320,266
76561198009405343,618140,9
76561198009405343,632470,1033
76561198009405343,646570,503
76561198009405343,699920,655
76561198009405343,723270,197
76561198009405343,753640,145
76561198009405343,835960,2526
76561198009405343,837470,1531
76561198009405343,858820,2564
76561198009405343,859570,132
76561198009405343,862740,3
76561198009405343,881100,39
76561198009405343,945360,163
76561198009405343,961200,229
76561198009405343,996580,459
76561198009405343,1049280,85
76561198009405343,1049710,29
76561198009405343,1055850,6
76561198009405343,1091500,3114
76561198009405343,1131620,246
76561198009405343,1145360,46
76561198009405343,1172450,366
76561198009405343,1172620,1394
76561198009405343,1176710,186
76561198009405343,1182310,522
76561198009405343,1210320,646
76561198009405343,1222140,729
76561198009405343,1369520,497
76561198009405343,1376760,288
76561198009405343,1455900,6
76561198009405343,1504250,185
76561198009405343,1599340,3475
76561198009405343,1599880,117
76561198009405343,1721530,2211
76561198009405343,1794680,2122
76561198009405343,1815780,9
76561198009405343,1931770,708
76561198009405343,1966720,221
76561198009405343,2016590,394
76561198009405343,2073850,262
76561198009405343,2225070,92
76561198009405343,2229830,20
76561198009405343,2229840,1
76561198009405343,2229850,424
76561198009405343,2229870,2
76561198009405343,2229880,5
76561198009405343,2366980,86
76561198009405343,2507950,2037
76561198009405343,2587450,10
76561198009405343,2667970,104
76561198009405343,2835570,201
76561198009405343,3008740,689
76561198750649660,220,182
76561198750649660,620,327
76561198750649660,730,4225
76561198750649660,4000,303
76561198750649660,203140,42
76561198750649660,225540,408
76561198750649660,264710,310
76561198750649660,265930,391
76561198750649660,286690,79
76561198750649660,292030,44
76561198750649660,307690,52
76561198750649660,322170,1822
76561198750649660,374040,60
76561198750649660,391540,184
76561198750649660,431960,2794
76561198750649660,447040,445
76561198750649660,460920,401
76561198750649660,552520,560
76561198750649660,581660,39
76561198750649660,599140,100
76561198750649660,611790,252
76561198750649660,629520,1760
76561198750649660,703080,341
76561198750649660,766570,1441
76561198750649660,1120320,426
76561198750649660,1174180,274
76561198750649660,1222140,554
76561198750649660,1250410,560
76561198750649660,1551360,2617
76561198750649660,1787480,77
76561198750649660,1836160,31
76561198750649660,2129530,85
76561198750649660,2475460,507
76561198750649660,2961530,206
76561198750649660,3240220,8359
76561198750649660,3241660,642
76561198750649660,3419430,1342
76561198750649660,3527290,1175
76561199064701575,550,1415
76561199064701575,620,817
76561199064701575,730,1711
76561199064701575,105600,11471
76561199064701575,207140,404
76561199064701575,210970,873
76561199064701575,211820,183
76561199064701575,223710,20
76561199064701575,230230,263
76561199064701575,230410,41761
76561199064701575,245390,273
76561199064701575,261570,201
76561199064701575,270110,42
76561199064701575,280790,9
76561199064701575,291550,2495
76561199064701575,292030,8365
76561199064701575,304930,384
76561199064701575,312520,318
76561199064701575,312990,62
76561199064701575,322170,261
76561199064701575,322330,182
76561199064701575,322500,340
76561199064701575,335240,43
76561199064701575,335300,3018
76561199064701575,346010,275
76561199064701575,346110,84
76561199064701575,360870,17
76561199064701575,367520,2332
76561199064701575,373420,189
76561199064701575,387290,832
76561199064701575,397900,643
76561199064701575,413150,4508
76561199064701575,420290,431
76561199064701575,428550,213
76561199064701575,431960,1491
76561199064701575,433340,183
76561199064701575,435150,333
76561199064701575,438100,287
76561199064701575,440310,124
76561199064701575,444640,25
76561199064701575,504230,3953
76561199064701575,524220,3426
76561199064701575,550900,249
76561199064701575,551170,879
76561199064701575,552500,955
76561199064701575,557600,309
76561199064701575,559650,548
76561199064701575,588650,1569
76561199064701575,619820,342
76561199064701575,632360,565
76561199064701575,638970,250
76561199064701575,643270,7
76561199064701575,690040,439
76561199064701575,700330,11
76561199064701575,705210,154
76561199064701575,736260,64
76561199064701575,774171,356
76561199064701575,798490,138
76561199064701575,814380,480
76561199064701575,892970,6240
76561199064701575,960090,5938
76561199064701575,972660,154
76561199064701575,983970,1079
76561199064701575,1004770,200
76561199064701575,1030300,3640
76561199064701575,1049590,362
76561199064701575,1057090,973
76561199064701575,1082430,212
76561199064701575,1083600,182
76561199064701575,1085660,184
76561199064701575,1092790,1480
76561199064701575,1096180,329
76561199064701575,1104450,211
76561199064701575,1113560,2966
76561199064701575,1147690,9
76561199064701575,1157340,188
76561199064701575,1169040,306
76561199064701575,1172620,5577
76561199064701575,1203220,275
76561199064701575,1237970,527
76561199064701575,1245620,9864
76561199064701575,1262350,47
76561199064701575,1276390,143
76561199064701575,1281930,6125
76561199064701575,1282270,244
76561199064701575,1286280,1048
76561199064701575,1289310,36
76561199064701575,1353300,2536
76561199064701575,1392820,24
76561199064701575,1399720,47484
76561199064701575,1422450,1039
76561199064701575,1454400,1862
76561199064701575,1468260,506
76561199064701575,1476970,587
76561199064701575,1578650,257
76561199064701575,1604000,313
76561199064701575,1620690,96
76561199064701575,1623730,8955
76561199064701575,1625450,47
76561199064701575,1637320,443
76561199064701575,1687950,1878
76561199064701575,1691190,335
76561199064701575,1703340,142
76561199064701575,1703610,28
76561199064701575,1740930,130
76561199064701575,1782210,571
76561199064701575,1809540,1683
76561199064701575,1864000,77
76561199064701575,1875830,669
76561199064701575,1902490,68
76561199064701575,1927780,1471
76561199064701575,1966720,470
76561199064701575,1973530,14296
76561199064701575,1976440,378
76561199064701575,1980530,6514
76561199064701575,2064650,76
76561199064701575,2074920,60
76561199064701575,2083160,34
76561199064701575,2088840,70
76561199064701575,2096610,303
76561199064701575,2132850,1376
76561199064701575,2134320,30
76561199064701575,2142790,193
76561199064701575,2143030,193
76561199064701575,2325290,31489
76561199064701575,2357570,3427
76561199064701575,2365810,411
76561199064701575,2379780,1064
76561199064701575,2449040,27
76561199064701575,2521630,469
76561199064701575,2622380,9823
76561199064701575,2678640,243
76561199064701575,2707930,177
76561199064701575,2738000,17
76561199064701575,2739990,221
76561199064701575,2767030,735
76561199064701575,2768430,1178
76561199064701575,2769780,90
76561199064701575,2852760,57
76561199064701575,2881650,401
76561199064701575,2918310,202
76561199064701575,2986450,72
76561199064701575,3028310,277
76561199064701575,3061570,140
76561199064701575,3108510,340
76561199064701575,3191030,329
76561199064701575,3224770,123
76561199064701575,3274300,50
76561199064701575,3361470,123
76561199064701575,3372980,231
76561199064701575,3400000,453
76561199064701575,3454590,6498
76561199064701575,3513350,867
76561199064701575,3527290,921
76561199064701575,3571820,251
76561199064701575,3594120,82
76561199064701575,3694480,262
76561199064701575,3767740,359
76561199064701575,3830210,76
76561199064701575,3854330,327
76561199064701575,3862670,254
76561199064701575,3914780,2102
76561199064701575,3929760,287
76561199064701575,3979330,207
76561199064701575,4126480,489
76561199064701575,4161970,304
76561199208519382,10,88
76561199208519382,20,6
76561199208519382,70,728
76561199208519382,220,1056
76561199208519382,240,1023
76561199208519382,320,12
76561199208519382,360,29
76561199208519382,400,1
76561199208519382,440,5086
76561199208519382,500,9
76561199208519382,550,1224
76561199208519382,620,643
76561199208519382,730,44364
76561199208519382,1250,411
76561199208519382,4000,25276
76561199208519382,17520,95
76561199208519382,29900,41
76561199208519382,43160,1289
76561199208519382,201810,110
76561199208519382,203140,747
76561199208519382,207610,298
76561199208519382,214490,978
76561199208519382,218620,1195
76561199208519382,223470,795
76561199208519382,223710,502
76561199208519382,224260,112
76561199208519382,227300,3875
76561199208519382,230410,2606
76561199208519382,234140,1786
76561199208519382,236390,432
76561199208519382,238320,1267
76561199208519382,239140,19
76561199208519382,242640,758
76561199208519382,242760,2350
76561199208519382,251570,3647
76561199208519382,253710,61
76561199208519382,274170,972
76561199208519382,286690,463
76561199208519382,291550,141
76561199208519382,304390,306
76561199208519382,304930,44
76561199208519382,305620,599
76561199208519382,322330,150
76561199208519382,323190,110
76561199208519382,341940,198
76561199208519382,357070,26
76561199208519382,373600,3
76561199208519382,377160,772
76561199208519382,380600,17
76561199208519382,381210,9380
76561199208519382,383180,116
76561199208519382,386180,416
76561199208519382,412020,1331
76561199208519382,414700,441
76561199208519382,431960,520
76561199208519382,438100,42
76561199208519382,444200,233
76561199208519382,447040,210
76561199208519382,471710,552
76561199208519382,504130,102
76561199208519382,546090,26
76561199208519382,548430,1580
76561199208519382,552500,68
76561199208519382,553790,45
76561199208519382,557340,220
76561199208519382,578080,11388
76561199208519382,582660,132
76561199208519382,588430,72
76561199208519382,588690,111
76561199208519382,594650,443
76561199208519382,601150,189
76561199208519382,609320,197
76561199208519382,612470,169
76561199208519382,629520,32846
76561199208519382,629820,294
76561199208519382,657200,389
76561199208519382,662830,50
76561199208519382,667530,9
76561199208519382,700330,40
76561199208519382,701470,26
76561199208519382,706990,9
76561199208519382,715510,42
76561199208519382,745740,9
76561199208519382,753660,7
76561199208519382,755790,59
76561199208519382,782330,348
76561199208519382,884660,463
76561199208519382,965200,42
76561199208519382,999220,522
76561199208519382,1017180,426
76561199208519382,1172470,4925
76561199208519382,1174180,4843
76561199208519382,1180380,314
76561199208519382,1196590,756
76561199208519382,1222140,1
76561199208519382,1238840,423
76561199208519382,1245430,77
76561199208519382,1262560,357
76561199208519382,1262580,1004
76561199208519382,1280770,15
76561199208519382,1289310,45
76561199208519382,1302240,224
76561199208519382,1304930,896
76561199208519382,1407200,213
76561199208519382,1422450,19
76561199208519382,1473480,14
76561199208519382,1560500,559
76561199208519382,1625450,81
76561199208519382,1671340,25
76561199208519382,1681430,843
76561199208519382,1797880,7
76561199208519382,1836120,26
76561199208519382,1891700,96
76561199208519382,1944430,516
76561199208519382,2073850,7
76561199208519382,2093010,6
76561199208519382,2186570,64
76561199208519382,2250040,133
76561199208519382,2306590,93
76561199208519382,2325290,314
76561199208519382,2389240,68
76561199208519382,2506160,168
76561199208519382,2818260,21
76561199208519382,2835570,303
76561199208519382,2881650,702
76561199208519382,2909110,40
76561199208519382,2923300,242
76561199208519382,2977660,81
76561199208519382,3513350,164
76561199208519382,4465480,21
76561199614963063,400,247
76561199614963063,620,893
76561199614963063,730,11156
76561199614963063,227300,109
76561199614963063,236390,132
76561199614963063,240720,13518
76561199614963063,264710,2614
76561199614963063,413150,999
76561199614963063,438040,1321
76561199614963063,444200,102
76561199614963063,504390,6
76561199614963063,599140,1
76561199614963063,601360,52
76561199614963063,613100,1089
76561199614963063,645630,8
76561199614963063,700330,8
76561199614963063,945360,1222
76561199614963063,1061090,921
76561199614963063,1118520,1092
76561199614963063,1222140,1861
76561199614963063,1265920,541
76561199614963063,1269500,5
76561199614963063,1280770,65
76561199614963063,1456200,151
76561199614963063,1462040,2541
76561199614963063,1568590,135
76561199614963063,1593500,1412
76561199614963063,1634080,17
76561199614963063,1665460,198
76561199614963063,1782210,100
76561199614963063,1817070,3267
76561199614963063,1817190,827
76561199614963063,1938090,27
76561199614963063,1977530,59
76561199614963063,2021910,8
76561199614963063,2357570,188
76561199614963063,2483190,7298
76561199614963063,2551020,82
76561199614963063,2651280,1286
76561199614963063,2753000,58
76561199614963063,2909400,470
76561199614963063,2943650,199
76561199614963063,3017580,7
76561199614963063,3354750,331
76561199614963063,3419430,201
76561199614963063,3419520,1031
76561199614963063,3478870,91
76561199614963063,3502270,226
76561199614963063,3513350,92
76561199614963063,4704690,2057
76561198408630774,620,233
76561198408630774,730,12569
76561198408630774,8500,15
76561198408630774,16700,1
76561198408630774,40970,11
76561198408630774,70600,54
76561198408630774,105600,2909
76561198408630774,108600,2778
76561198408630774,200210,18
76561198408630774,217200,12
76561198408630774,227940,50
76561198408630774,228280,427
76561198408630774,233860,2472
76561198408630774,238960,94
76561198408630774,247000,1157
76561198408630774,251570,251
76561198408630774,252490,3968
76561198408630774,268850,459
76561198408630774,271590,6
76561198408630774,282070,345
76561198408630774,282140,829
76561198408630774,286160,6150
76561198408630774,289070,5788
76561198408630774,322330,1004
76561198408630774,359550,3146
76561198408630774,374040,177
76561198408630774,382310,2359
76561198408630774,382560,214
76561198408630774,386360,168
76561198408630774,387990,190
76561198408630774,397540,272
76561198408630774,408900,44
76561198408630774,413150,564
76561198408630774,438100,689
76561198408630774,450390,60
76561198408630774,457550,84
76561198408630774,468700,26
76561198408630774,471710,113
76561198408630774,477200,226
76561198408630774,485610,303
76561198408630774,505230,292
76561198408630774,505460,3278
76561198408630774,518790,310
76561198408630774,559310,2261
76561198408630774,559330,127
76561198408630774,559650,141
76561198408630774,562810,324
76561198408630774,571740,229
76561198408630774,578080,1803
76561198408630774,594650,4239
76561198408630774,606150,267
76561198408630774,619150,163
76561198408630774,632360,431
76561198408630774,632470,1818
76561198408630774,638230,117
76561198408630774,646570,1465
76561198408630774,711810,18
76561198408630774,714010,597
76561198408630774,740250,343
76561198408630774,744900,25
76561198408630774,751630,372
76561198408630774,770720,172
76561198408630774,813780,294
76561198408630774,813820,32
76561198408630774,815370,843
76561198408630774,823130,15
76561198408630774,843380,7
76561198408630774,868270,208
76561198408630774,892970,3357
76561198408630774,975370,4128
76561198408630774,1025580,50
76561198408630774,1063730,2898
76561198408630774,1085660,9
76561198408630774,1086940,16698
76561198408630774,1128810,65
76561198408630774,1152340,693
76561198408630774,1169040,1835
76561198408630774,1170970,23
76561198408630774,1172470,4342
76561198408630774,1172620,1309
76561198408630774,1186040,8
76561198408630774,1206560,825
76561198408630774,1240440,992
76561198408630774,1245620,4240
76561198408630774,1248130,1374
76561198408630774,1278480,1552
76561198408630774,1325860,8
76561198408630774,1326470,2704
76561198408630774,1349230,114
76561198408630774,1408230,161
76561198408630774,1408720,9
76561198408630774,1431300,296
76561198408630774,1469280,56
76561198408630774,1484280,927
76561198408630774,1540210,200
76561198408630774,1551360,168
76561198408630774,1599560,265
76561198408630774,1621690,4389
76561198408630774,1766100,64
76561198408630774,1771300,1267
76561198408630774,1789480,1548
76561198408630774,1794680,1021
76561198408630774,1805360,13
76561198408630774,1808500,3922
76561198408630774,1850570,690
76561198408630774,1943950,66
76561198408630774,1982040,95
76561198408630774,2051620,593
76561198408630774,2139460,411
76561198408630774,2225070,131
76561198408630774,2300320,159
76561198408630774,2344320,623
76561198408630774,2444170,1657
76561198408630774,2448970,234
76561198408630774,2567870,346
76561198408630774,2641470,40
76561198408630774,2767030,436
76561198408630774,2791440,557
76561198408630774,2807960,4498
76561198408630774,2827200,393
76561198408630774,2828860,1289
76561198408630774,3146520,589
76561198408630774,3241660,338
76561198408630774,3527290,725
76561198408630774,4128260,153
76561198408630774,4576510,105
76561198021094241,10,85
76561198021094241,80,1
76561198021094241,220,34
76561198021094241,240,2187
76561198021094241,400,225
76561198021094241,440,1729
76561198021094241,550,621
76561198021094241,570,114
76561198021094241,620,1284
76561198021094241,730,98232
76561198021094241,1250,218
76561198021094241,2200,171
76561198021094241,2400,44
76561198021094241,3480,27
76561198021094241,3700,8
76561198021094241,3830,1
76561198021094241,4000,9953
76561198021094241,7520,1
76561198021094241,7670,35
76561198021094241,7940,118
76561198021094241,8190,36
76561198021094241,8870,5
76561198021094241,10090,652
76561198021094241,10180,95
76561198021094241,10190,3331
76561198021094241,10680,511
76561198021094241,12130,71
76561198021094241,12140,79
76561198021094241,13230,40
76561198021094241,15700,1
76561198021094241,21690,146
76561198021094241,22350,14
76561198021094241,22370,1
76561198021094241,22380,69
76561198021094241,24740,18
76561198021094241,34270,1
76561198021094241,34900,8
76561198021094241,35140,504
76561198021094241,38400,100
76561198021094241,39000,32
76561198021094241,40800,35
76561198021094241,42680,58
76561198021094241,42690,711
76561198021094241,42700,16
76561198021094241,42710,1448
76561198021094241,49520,883
76561198021094241,55150,1
76561198021094241,55230,136
76561198021094241,57690,1
76561198021094241,63380,12
76561198021094241,70000,29
76561198021094241,70300,6
76561198021094241,72850,155
76561198021094241,96000,1
76561198021094241,104900,110
76561198021094241,105600,32
76561198021094241,107410,246
76561198021094241,108600,190
76561198021094241,200170,591
76561198021094241,200260,753
76561198021094241,201810,117
76561198021094241,202990,867
76561198021094241,203140,255
76561198021094241,203160,52
76561198021094241,203290,33
76561198021094241,203770,1
76561198021094241,204450,133
76561198021094241,205100,230
76561198021094241,207140,3289
76561198021094241,207610,51
76561198021094241,208650,1905
76561198021094241,209000,42
76561198021094241,209170,207
76561198021094241,209660,50
76561198021094241,212800,10
76561198021094241,212910,349
76561198021094241,213670,566
76561198021094241,214490,156
76561198021094241,218620,664
76561198021094241,218640,1
76561198021094241,218680,25
76561198021094241,219150,544
76561198021094241,219640,502
76561198021094241,219890,28
76561198021094241,220240,11
76561198021094241,221040,1
76561198021094241,221100,463
76561198021094241,221680,436
76561198021094241,222480,1
76561198021094241,222880,180
76561198021094241,223470,7
76561198021094241,223710,14
76561198021094241,224860,5
76561198021094241,225420,5
76561198021094241,225540,55
76561198021094241,230410,267
76561198021094241,231430,1
76561198021094241,232790,5
76561198021094241,232910,315
76561198021094241,233130,1
76561198021094241,233450,433
76561198021094241,234140,140
76561198021094241,234710,26
76561198021094241,235800,108
76561198021094241,236690,45
76561198021094241,236870,131
76561198021094241,238010,1
76561198021094241,238090,119
76561198021094241,238320,1
76561198021094241,238370,22
76561198021094241,238960,125
76561198021094241,239030,38
76561198021094241,239140,629
76561198021094241,240720,25
76561198021094241,241600,15
76561198021094241,241930,95
76561198021094241,242050,55
76561198021094241,242680,16
76561198021094241,242760,2164
76561198021094241,242860,70
76561198021094241,244930,18
76561198021094241,245490,322
76561198021094241,246900,249
76561198021094241,246920,34
76561198021094241,248610,17
76561198021094241,248820,87
76561198021094241,250050,64
76561198021094241,250400,1
76561198021094241,250460,23
76561198021094241,250900,370
76561198021094241,251170,10
76561198021094241,251570,5
76561198021094241,252130,1
76561198021094241,252490,48913
76561198021094241,252950,6466
76561198021094241,253710,8
76561198021094241,255710,1
76561198021094241,258180,1
76561198021094241,261110,1
76561198021094241,261180,681
76561198021094241,262060,45
76561198021094241,264200,10
76561198021094241,264710,1
76561198021094241,265590,1
76561198021094241,265630,139
76561198021094241,265930,77
76561198021094241,266010,8
76561198021094241,268050,105
76561198021094241,268910,99
76561198021094241,269710,1
76561198021094241,270450,165
76561198021094241,270550,1
76561198021094241,271590,7811
76561198021094241,273350,108
76561198021094241,274170,167
76561198021094241,274190,291
76561198021094241,274520,19
76561198021094241,274900,24
76561198021094241,278360,58
76561198021094241,280160,25
76561198021094241,280180,22
76561198021094241,282070,1
76561198021094241,285800,5
76561198021094241,286080,48
76561198021094241,286160,549
76561198021094241,286690,54
76561198021094241,287020,10
76561198021094241,287390,1
76561198021094241,287700,378
76561198021094241,291550,4491
76561198021094241,296470,103
76561198021094241,298110,375
76561198021094241,299360,34
76561198021094241,299740,4100
76561198021094241,301640,336
76561198021094241,302590,87
76561198021094241,303390,1
76561198021094241,304390,1
76561198021094241,304930,120
76561198021094241,306660,1
76561198021094241,307590,1
76561198021094241,307780,841
76561198021094241,310560,5
76561198021094241,311210,7930
76561198021094241,311340,68
76561198021094241,312530,286
76561198021094241,312660,119
76561198021094241,312990,241
76561198021094241,314410,1
76561198021094241,317410,15
76561198021094241,319510,61
76561198021094241,319630,360
76561198021094241,321400,169
76561198021094241,322330,132
76561198021094241,322500,143
76561198021094241,323060,1
76561198021094241,323320,1
76561198021094241,323470,96
76561198021094241,323850,507
76561198021094241,327030,70
76561198021094241,329070,107
76561198021094241,331670,1
76561198021094241,333930,352
76561198021094241,334210,1
76561198021094241,334230,233
76561198021094241,337000,28
76561198021094241,339340,88
76561198021094241,339800,271
76561198021094241,341940,53
76561198021094241,343710,1
76561198021094241,346010,17
76561198021094241,346110,235
76561198021094241,348250,7
76561198021094241,350280,18
76561198021094241,351290,57
76561198021094241,355790,61
76561198021094241,356190,410
76561198021094241,356570,170
76561198021094241,359050,11
76561198021094241,359550,15905
76561198021094241,359960,67
76561198021094241,360150,299
76561198021094241,360170,1
76561198021094241,360740,1
76561198021094241,360830,90
76561198021094241,363440,9
76561198021094241,363970,9
76561198021094241,365450,6
76561198021094241,365590,540
76561198021094241,365770,10
76561198021094241,367450,265
76561198021094241,367520,45
76561198021094241,368730,1
76561198021094241,370240,497
76561198021094241,371660,28
76561198021094241,371970,30
76561198021094241,374320,1008
76561198021094241,377160,233
76561198021094241,379720,1072
76561198021094241,381210,40269
76561198021094241,382560,108
76561198021094241,383150,413
76561198021094241,385560,1
76561198021094241,386360,323
76561198021094241,391460,14
76561198021094241,391540,107
76561198021094241,391720,1
76561198021094241,393200,15
76561198021094241,394310,1
76561198021094241,394690,3215
76561198021094241,397460,329
76561198021094241,397540,382
76561198021094241,397950,224
76561198021094241,400450,1
76561198021094241,403640,66
76561198021094241,407810,1
76561198021094241,409710,5
76561198021094241,409720,5
76561198021094241,413150,14
76561198021094241,414870,4924
76561198021094241,419080,12
76561198021094241,420290,2
76561198021094241,426000,81
76561198021094241,427730,386
76561198021094241,431240,2013
76561198021094241,431960,370
76561198021094241,433850,27028
76561198021094241,434170,727
76561198021094241,434570,42
76561198021094241,434730,455
76561198021094241,435530,1
76561198021094241,438100,257
76561198021094241,438740,4090
76561198021094241,439700,353
76561198021094241,442070,84
76561198021094241,444090,430
76561198021094241,446750,20
76561198021094241,450390,72
76561198021094241,457210,30
76561198021094241,466240,1042
76561198021094241,469820,74
76561198021094241,471010,1
76561198021094241,471710,393
76561198021094241,476600,77
76561198021094241,476620,1608
76561198021094241,477160,203
76561198021094241,489940,458
76561198021094241,491770,69
76561198021094241,491950,1
76561198021094241,493520,491
76561198021094241,498240,66
76561198021094241,503350,58
76561198021094241,507010,35
76561198021094241,509980,167
76561198021094241,518790,543
76561198021094241,521920,1
76561198021094241,526870,97
76561198021094241,527160,90
76561198021094241,534380,167
76561198021094241,537340,77
76561198021094241,544920,3177
76561198021094241,552520,2525
76561198021094241,553310,265
76561198021094241,570460,221
76561198021094241,571740,200
76561198021094241,578080,13453
76561198021094241,581630,88
76561198021094241,582500,62
76561198021094241,584210,59
76561198021094241,594650,171
76561198021094241,595140,1
76561198021094241,598980,363
76561198021094241,599080,290
76561198021094241,604240,176
76561198021094241,610180,139
76561198021094241,611500,115
76561198021094241,611790,33
76561198021094241,615610,12
76561198021094241,619910,36
76561198021094241,620980,183
76561198021094241,621060,190
76561198021094241,629760,809
76561198021094241,632470,75
76561198021094241,638000,1
76561198021094241,646200,54
76561198021094241,646570,1223
76561198021094241,657200,50
76561198021094241,657630,13
76561198021094241,665360,313
76561198021094241,674940,3
76561198021094241,677160,115
76561198021094241,677620,785
76561198021094241,678950,276
76561198021094241,684410,46
76561198021094241,686060,770
76561198021094241,690040,549
76561198021094241,700330,38
76561198021094241,704270,295
76561198021094241,711810,34
76561198021094241,728540,289
76561198021094241,730590,134
76561198021094241,732430,4
76561198021094241,739630,2290
76561198021094241,760160,253
76561198021094241,774171,105
76561198021094241,783770,16
76561198021094241,787040,210
76561198021094241,795100,21
76561198021094241,799960,62
76561198021094241,805550,382
76561198021094241,809960,444
76561198021094241,813820,549
76561198021094241,823130,57
76561198021094241,848350,52
76561198021094241,850320,13
76561198021094241,863550,439
76561198021094241,865360,122
76561198021094241,870780,194
76561198021094241,883710,322
76561198021094241,884660,27
76561198021094241,939510,43
76561198021094241,945360,1602
76561198021094241,960090,532
76561198021094241,969990,408
76561198021094241,976730,1412
76561198021094241,987350,42
76561198021094241,988910,632
76561198021094241,996580,32
76561198021094241,999730,41
76561198021094241,1005300,428
76561198021094241,1012880,111
76561198021094241,1056960,307
76561198021094241,1062160,158
76561198021094241,1085660,1215
76561198021094241,1089350,66
76561198021094241,1091500,861
76561198021094241,1092790,275
76561198021094241,1097150,1573
76561198021094241,1103950,287
76561198021094241,1139900,355
76561198021094241,1144200,400
76561198021094241,1145360,300
76561198021094241,1151340,198
76561198021094241,1172470,671
76561198021094241,1172620,1973
76561198021094241,1174180,48
76561198021094241,1240440,301
76561198021094241,1241100,18
76561198021094241,1249200,17
76561198021094241,1283220,29
76561198021094241,1290000,96
76561198021094241,1294760,43
76561198021094241,1304930,737
76561198021094241,1326470,340
76561198021094241,1379830,295
76561198021094241,1388770,185
76561198021094241,1408680,74
76561198021094241,1422450,236
76561198021094241,1433140,56
76561198021094241,1487210,102
76561198021094241,1520380,82
76561198021094241,1541370,234
76561198021094241,1557740,34
76561198021094241,1566200,205
76561198021094241,1599340,46
76561198021094241,1645820,260
76561198021094241,1649240,305
76561198021094241,1659040,619
76561198021094241,1671340,21
76561198021094241,1782210,214
76561198021094241,1794680,1
76561198021094241,1796470,43
76561198021094241,1808500,3158
76561198021094241,1850570,613
76561198021094241,1874880,389
76561198021094241,1892790,17
76561198021094241,1942120,10
76561198021094241,1943950,305
76561198021094241,1966720,93
76561198021094241,2000950,66
76561198021094241,2116120,446
76561198021094241,2131640,10
76561198021094241,2141730,298
76561198021094241,2379780,60
76561198021094241,2483190,3790
76561198021094241,2513280,27
76561198021094241,2567870,125
76561198021094241,2608270,155
76561198021094241,2653790,35
76561198021094241,2667120,153
76561198021094241,2789810,12
76561198021094241,2790330,44
76561198021094241,2835570,84
76561198021094241,2842040,33
76561198021094241,2868840,7969
76561198021094241,3070070,123
76561198021094241,3097560,49
76561198021094241,3146520,10
76561198021094241,3164500,549
76561198021094241,3170540,175
76561198021094241,3180070,67
76561198021094241,3191030,384
76561198021094241,3241660,352
76561198021094241,3265700,772
76561198021094241,3314790,151
76561198021094241,3341650,61
76561198021094241,3354750,443
76561198021094241,3357650,822
76561198021094241,3405340,670
76561198021094241,3509230,37
76561198021094241,3527290,1631
76561198021094241,3575300,99
76561198021094241,3612530,46
76561198021094241,3764200,803
76561198021094241,3768760,372
76561198021094241,3784030,103
76561198021094241,3799100,135
76561198021094241,3834090,214
76561198021094241,3892270,276
76561198021094241,4137920,12
76561198021094241,4175870,31
76561198021094241,4243690,115
76561198021094241,4244510,209
76561198021094241,4465480,22
76561198021094241,4704690,818
76561199296804744,10,128
76561199296804744,20,4
76561199296804744,50,1
76561199296804744,70,1257
76561199296804744,80,1
76561199296804744,100,67
76561199296804744,130,1
76561199296804744,220,766
76561199296804744,240,1022
76561199296804744,320,3
76561199296804744,550,226
76561199296804744,620,333
76561199296804744,730,10807
76561199296804744,2280,581
76561199296804744,4000,48358
76561199296804744,12210,1859
76561199296804744,17520,888
76561199296804744,22350,17
76561199296804744,204100,429
76561199296804744,223470,139
76561199296804744,225840,553
76561199296804744,271590,2715
76561199296804744,322170,19084
76561199296804744,362890,58
76561199296804744,379720,358
76561199296804744,400040,9545
76561199296804744,431960,2741
76561199296804744,552100,70
76561199296804744,607260,5093
76561199296804744,666220,73
76561199296804744,698780,45
76561199296804744,714010,18
76561199296804744,824270,2
76561199296804744,945360,54
76561199296804744,1089980,144
76561199296804744,1118200,110
76561199296804744,1144200,775
76561199296804744,1366800,36697
76561199296804744,1583720,665
76561199296804744,1703340,282
76561199296804744,2305790,117
76561199296804744,3224770,151
76561199296804744,4465480,1200
76561199599816543,70,377
76561199599816543,220,2097
76561199599816543,320,138
76561199599816543,360,4
76561199599816543,400,344
76561199599816543,620,562
76561199599816543,630,76
76561199599816543,730,72532
76561199599816543,17520,102
76561199599816543,242760,1097
76561199599816543,304930,176
76561199599816543,365670,1367
76561199599816543,404790,8861
76561199599816543,590830,1367
76561199599816543,666220,36
76561199599816543,897630,42
76561199599816543,1029550,18
76561199599816543,1046930,103
76561199599816543,1118200,653
76561199599816543,1280770,116
76561199599816543,1422450,3169
76561199599816543,1625450,1127
76561199599816543,1782210,171
76561199599816543,1942120,172
76561199599816543,2551020,240
76561199599816543,2811830,829
76561199599816543,2923300,19
76561199599816543,3017580,174
76561199599816543,3478870,209
76561199599816543,4465480,761
76561198215471111,220,15
76561198215471111,400,254
76561198215471111,550,116
76561198215471111,620,2150
76561198215471111,730,4196
76561198215471111,4000,8852
76561198215471111,8930,6093
76561198215471111,17390,12874
76561198215471111,22380,120
76561198215471111,24720,12560
76561198215471111,105600,47887
76561198215471111,206500,131
76561198215471111,218620,879
76561198215471111,219990,142
76561198215471111,220200,187
76561198215471111,221680,78
76561198215471111,222880,201
76561198215471111,225540,120
76561198215471111,228380,338
76561198215471111,235520,122
76561198215471111,238460,183
76561198215471111,238960,126
76561198215471111,242760,1174
76561198215471111,244850,19423
76561198215471111,246620,97
76561198215471111,248570,108
76561198215471111,249050,438
76561198215471111,252110,1010
76561198215471111,262410,16
76561198215471111,265690,11
76561198215471111,271590,6652
76561198215471111,271920,14
76561198215471111,272860,2
76561198215471111,275850,399
76561198215471111,280790,139
76561198215471111,284160,9508
76561198215471111,285900,566
76561198215471111,285920,9722
76561198215471111,286080,26
76561198215471111,286160,63
76561198215471111,298180,46
76561198215471111,298610,14
76561198215471111,301520,1528
76561198215471111,304930,5462
76561198215471111,312990,12
76561198215471111,322170,70616
76561198215471111,322330,277
76561198215471111,323370,11
76561198215471111,332950,20
76561198215471111,346010,2064
76561198215471111,346110,428
76561198215471111,346900,1936
76561198215471111,359550,3578
76561198215471111,361420,242
76561198215471111,363970,119
76561198215471111,365670,559
76561198215471111,382000,15
76561198215471111,382310,847
76561198215471111,383840,1831
76561198215471111,386180,1389
76561198215471111,386940,299
76561198215471111,387990,129659
76561198215471111,389570,50
76561198215471111,400940,324
76561198215471111,408900,3466
76561198215471111,410900,2614
76561198215471111,413150,2444
76561198215471111,414120,302
76561198215471111,424840,73
76561198215471111,427730,254
76561198215471111,431960,7381
76561198215471111,433340,3111
76561198215471111,436820,29
76561198215471111,444640,96
76561198215471111,446750,69
76561198215471111,447040,507
76561198215471111,449140,56
76561198215471111,460700,394
76561198215471111,461040,105
76561198215471111,466910,36
76561198215471111,466940,67
76561198215471111,477160,1630
76561198215471111,493340,38
76561198215471111,502550,8
76561198215471111,508440,1056
76561198215471111,533970,227
76561198215471111,552100,3044
76561198215471111,555000,34
76561198215471111,563560,111
76561198215471111,571740,235
76561198215471111,572890,323
76561198215471111,573090,1583
76561198215471111,588430,38
76561198215471111,589870,838
76561198215471111,613100,1883
76561198215471111,613900,40
76561198215471111,619500,1036
76561198215471111,619910,90
76561198215471111,620980,13182
76561198215471111,623990,14
76561198215471111,625430,840
76561198215471111,630640,90
76561198215471111,642390,572
76561198215471111,648800,800
76561198215471111,657200,878
76561198215471111,666220,24
76561198215471111,673750,2202
76561198215471111,674940,3383
76561198215471111,675010,9253
76561198215471111,677340,4903
76561198215471111,682140,340
76561198215471111,689580,1541
76561198215471111,690610,14
76561198215471111,692890,940
76561198215471111,700330,272
76561198215471111,734750,1290
76561198215471111,738060,274
76561198215471111,739630,1257
76561198215471111,747660,1006
76561198215471111,751780,883
76561198215471111,761890,133
76561198215471111,767690,24
76561198215471111,768100,11
76561198215471111,774801,1347
76561198215471111,801550,58
76561198215471111,805850,21
76561198215471111,823130,406
76561198215471111,843390,1387
76561198215471111,868020,20
76561198215471111,868270,150
76561198215471111,871720,517
76561198215471111,881100,2689
76561198215471111,892970,9802
76561198215471111,897450,142
76561198215471111,914320,3407
76561198215471111,920690,1218
76561198215471111,924140,6
76561198215471111,929860,77
76561198215471111,931690,62
76561198215471111,945360,27871
76561198215471111,953880,716
76561198215471111,960090,2260
76561198215471111,977400,216
76561198215471111,979060,220
76561198215471111,1009850,338
76561198215471111,1022450,2479
76561198215471111,1055210,60
76561198215471111,1062520,1382
76561198215471111,1064610,58
76561198215471111,1078000,514
76561198215471111,1089980,775
76561198215471111,1092630,526
76561198215471111,1104390,13
76561198215471111,1106840,731
76561198215471111,1116540,582
76561198215471111,1118200,8497
76561198215471111,1125240,4929
76561198215471111,1128810,380
76561198215471111,1131190,126
76561198215471111,1131620,92
76561198215471111,1161580,963
76561198215471111,1164850,295
76561198215471111,1167630,12379
76561198215471111,1170970,19
76561198215471111,1171690,896
76561198215471111,1172620,667
76561198215471111,1180380,30
76561198215471111,1240440,1073
76561198215471111,1243130,19
76561198215471111,1273710,32
76561198215471111,1276390,116
76561198215471111,1281930,9569
76561198215471111,1286350,2947
76561198215471111,1291340,895
76561198215471111,1291500,35
76561198215471111,1343370,32
76561198215471111,1368950,22
76561198215471111,1372320,724
76561198215471111,1419170,1732187
76561198215471111,1422450,54
76561198215471111,1443200,250
76561198215471111,1468260,5354
76561198215471111,1469280,48
76561198215471111,1476970,87
76561198215471111,1478220,120
76561198215471111,1485080,19
76561198215471111,1486350,89
76561198215471111,1491340,567
76561198215471111,1506850,117
76561198215471111,1509960,384
76561198215471111,1533390,531
76561198215471111,1557740,2749
76561198215471111,1558100,12
76561198215471111,1568590,2980
76561198215471111,1592190,937
76561198215471111,1623940,64
76561198215471111,1625450,1934
76561198215471111,1686940,2668
76561198215471111,1708150,164
76561198215471111,1714040,590
76561198215471111,1721470,56
76561198215471111,1782210,27
76561198215471111,1794680,200
76561198215471111,1800730,124
76561198215471111,1818750,14
76561198215471111,1888430,58
76561198215471111,1911390,85
76561198215471111,1942120,46
76561198215471111,1943950,1797
76561198215471111,1961460,2109
76561198215471111,1966720,26783
76561198215471111,1985690,10
76561198215471111,1985930,146
76561198215471111,2010530,59
76561198215471111,2021910,363
76561198215471111,2083160,1098
76561198215471111,2143030,690
76561198215471111,2186570,116
76561198215471111,2199420,2615
76561198215471111,2212330,358
76561198215471111,2231300,32
76561198215471111,2239140,31
76561198215471111,2294130,414
76561198215471111,2325900,69
76561198215471111,2353760,185
76561198215471111,2386720,4036
76561198215471111,2391710,155
76561198215471111,2529130,15
76561198215471111,2551020,226
76561198215471111,2567870,130
76561198215471111,2707930,5248
76561198215471111,2709570,294
76561198215471111,2719940,41
76561198215471111,2835570,121
76561198215471111,2881650,472
76561198215471111,2940200,120
76561198215471111,3064370,58
76561198215471111,3164500,1930
76561198215471111,3176210,49
76561198215471111,3241660,4110
76561198215471111,3320350,70
76561198215471111,3490390,354
76561198215471111,3559900,102
76561198215471111,3818050,34
76561198215471111,3949040,269
76561198215471111,4556880,52
76561198215471111,4761500,87
76561198826956274,10,2
76561198826956274,70,548
76561198826956274,220,59
76561198826956274,320,36
76561198826956274,400,96
76561198826956274,440,188
76561198826956274,550,770
76561198826956274,620,2041
76561198826956274,730,7841
76561198826956274,4000,321
76561198826956274,10090,2087
76561198826956274,40990,2
76561198826956274,42700,2634
76561198826956274,42710,93
76561198826956274,104600,7
76561198826956274,105600,37
76561198826956274,202970,1065
76561198826956274,202990,1413
76561198826956274,212910,10844
76561198826956274,230290,218
76561198826956274,236390,510
76561198826956274,236850,22
76561198826956274,242760,133
76561198826956274,243470,138
76561198826956274,264710,1784
76561198826956274,271590,9459
76561198826956274,284160,28
76561198826956274,291550,1009
76561198826956274,311210,29825
76561198826956274,322330,32
76561198826956274,346110,17
76561198826956274,367520,96
76561198826956274,376210,2477
76561198826956274,391540,1146
76561198826956274,394360,16874
76561198826956274,413150,643
76561198826956274,424280,69
76561198826956274,431960,782
76561198826956274,438100,127
76561198826956274,444090,579
76561198826956274,477160,709
76561198826956274,544610,391
76561198826956274,553850,4090
76561198826956274,558110,88
76561198826956274,563560,15
76561198826956274,578080,8
76561198826956274,582160,873
76561198826956274,585420,188
76561198826956274,670290,41
76561198826956274,674940,917
76561198826956274,678950,4742
76561198826956274,700330,37
76561198826956274,714010,115
76561198826956274,814380,849
76561198826956274,818320,758
76561198826956274,840060,72
76561198826956274,851850,1208
76561198826956274,945360,746
76561198826956274,1128810,341
76561198826956274,1172380,1143
76561198826956274,1172620,2166
76561198826956274,1174180,1999
76561198826956274,1222140,764
76561198826956274,1238840,1995
76561198826956274,1245620,7278
76561198826956274,1286830,51
76561198826956274,1593500,1762
76561198826956274,1774580,1541
76561198826956274,1817070,1860
76561198826956274,1817190,821
76561198826956274,1943950,325
76561198826956274,1962700,868
76561198826956274,1966720,328
76561198826956274,2021910,14
76561198826956274,2073850,137
76561198826956274,2141730,15
76561198826956274,2358720,3473
76561198826956274,2551020,231
76561198826956274,2567870,773
76561198826956274,2695940,67
76561198826956274,2709570,14
76561198826956274,2767030,127
76561198826956274,3240220,1668
76561198826956274,3241660,85
76561199842536358,400,289
76561199842536358,550,4181
76561199842536358,620,464
76561199842536358,730,2148
76561199842536358,4000,784
76561199842536358,236390,104
76561199842536358,394360,954
76561199842536358,413150,31
76561199842536358,431960,2144
76561199842536358,578080,37
76561199842536358,636480,289
76561199842536358,700330,176
76561199842536358,1238810,117
76561199842536358,1238840,79
76561199842536358,2281730,29
76561199842536358,2290180,42
76561199842536358,3419430,216
76561199825432400,400,223
76561199825432400,550,227
76561199825432400,620,1470
76561199825432400,40800,13
76561199825432400,105600,11376
76561199825432400,219150,203
76561199825432400,250900,166
76561199825432400,274170,29
76561199825432400,322170,199
76561199825432400,322330,47
76561199825432400,367520,3963
76561199825432400,391540,983
76561199825432400,413150,341
76561199825432400,433340,70
76561199825432400,622650,565
76561199825432400,774171,106
76561199825432400,1030300,510
76561199825432400,1150690,890
76561199825432400,1222140,75
76561199825432400,1229490,174
76561199825432400,1281930,898
76561199825432400,1451940,199
76561199825432400,1977530,60
76561199825432400,2592160,608
76561199825432400,2881650,67
76561199825432400,3527290,159
76561199821666213,10,35
76561199821666213,70,767
76561199821666213,220,1009
76561199821666213,240,153
76561199821666213,320,1
76561199821666213,360,1
76561199821666213,400,143
76561199821666213,620,454
76561199821666213,730,2257
76561199821666213,4000,17082
76561199821666213,225840,35
76561199821666213,232770,125
76561199821666213,284160,1148
76561199821666213,291550,7
76561199821666213,322170,582
76561199821666213,391540,1158
76561199821666213,477160,354
76561199821666213,552100,696
76561199821666213,588430,203
76561199821666213,698780,56
76561199821666213,738060,88
76561199821666213,1118200,3954
76561199821666213,1659040,203
76561199821666213,1712830,162
76561199821666213,2507950,14
76561199821666213,2994020,111
76561198849975124,550,129
76561198849975124,620,907
76561198849975124,730,6393
76561198849975124,7530,353
76561198849975124,33230,2089
76561198849975124,49520,1945
76561198849975124,105600,811
76561198849975124,108710,109
76561198849975124,203160,100
76561198849975124,206610,64
76561198849975124,207610,150
76561198849975124,218510,347
76561198849975124,218620,304
76561198849975124,238320,919
76561198849975124,239140,5429
76561198849975124,242640,329
76561198849975124,242760,1810
76561198849975124,246620,266
76561198849975124,250620,627
76561198849975124,251570,2364
76561198849975124,271590,5373
76561198849975124,272060,1
76561198849975124,285900,3595
76561198849975124,291550,1081
76561198849975124,292030,575
76561198849975124,303610,308
76561198849975124,305620,982
76561198849975124,322170,2681
76561198849975124,322330,584
76561198849975124,322450,250
76561198849975124,349460,152
76561198849975124,355020,84
76561198849975124,355790,381
76561198849975124,357070,283
76561198849975124,361420,120
76561198849975124,364690,100
76561198849975124,367450,247
76561198849975124,386280,169
76561198849975124,387990,4692
76561198849975124,389270,389
76561198849975124,390290,122
76561198849975124,391220,126
76561198849975124,395570,161
76561198849975124,397540,3214
76561198849975124,400250,396
76561198849975124,414700,628
76561198849975124,418370,936
76561198849975124,428660,645
76561198849975124,431960,3673
76561198849975124,438100,398
76561198849975124,442070,23
76561198849975124,465190,84
76561198849975124,476480,325
76561198849975124,477160,341
76561198849975124,482890,460
76561198849975124,490910,39
76561198849975124,493340,341
76561198849975124,503560,276
76561198849975124,503900,49
76561198849975124,504370,341
76561198849975124,505210,151
76561198849975124,507010,246
76561198849975124,508440,476
76561198849975124,512410,95
76561198849975124,513340,318
76561198849975124,525300,440
76561198849975124,545590,400
76561198849975124,546090,329
76561198849975124,552100,1792
76561198849975124,552500,1627
76561198849975124,553790,419
76561198849975124,562730,420
76561198849975124,564210,459
76561198849975124,567780,311
76561198849975124,575920,88
76561198849975124,577740,79
76561198849975124,578080,51
76561198849975124,586790,33
76561198849975124,587810,421
76561198849975124,597920,126
76561198849975124,601640,89
76561198849975124,617480,219
76561198849975124,624690,419
76561198849975124,630060,372
76561198849975124,648800,2758
76561198849975124,671510,441
76561198849975124,672860,347
76561198849975124,673750,813
76561198849975124,683830,152
76561198849975124,693800,28
76561198849975124,701470,299
76561198849975124,711660,341
76561198849975124,726360,460
76561198849975124,731040,123
76561198849975124,736850,243
76561198849975124,739630,549
76561198849975124,750920,106
76561198849975124,860860,279
76561198849975124,862740,181
76561198849975124,865360,305
76561198849975124,880940,976
76561198849975124,892970,787
76561198849975124,945360,608
76561198849975124,960910,401
76561198849975124,960990,136
76561198849975124,976310,996
76561198849975124,979070,454
76561198849975124,991170,591
76561198849975124,1004750,36
76561198849975124,1035930,167
76561198849975124,1037190,515
76561198849975124,1061470,277
76561198849975124,1061910,502
76561198849975124,1079310,421
76561198849975124,1110910,337
76561198849975124,1111030,236
76561198849975124,1127390,314
76561198849975124,1149460,1577
76561198849975124,1149620,690
76561198849975124,1158890,487
76561198849975124,1171440,334
76561198849975124,1172470,20
76561198849975124,1173740,344
76561198849975124,1198970,295
76561198849975124,1222140,1181
76561198849975124,1222700,462
76561198849975124,1254500,540
76561198849975124,1257430,371
76561198849975124,1258190,298
76561198849975124,1260320,1603
76561198849975124,1284190,2082
76561198849975124,1299120,111
76561198849975124,1312990,573
76561198849975124,1316760,136
76561198849975124,1326470,3598
76561198849975124,1346960,152
76561198849975124,1386730,315
76561198849975124,1410640,356
76561198849975124,1419170,1453
76561198849975124,1510580,699
76561198849975124,1568590,27
76561198849975124,1583230,712
76561198849975124,1585220,290
76561198849975124,1590670,35
76561198849975124,1623730,4915
76561198849975124,1659040,172
76561198849975124,1681430,346
76561198849975124,1693040,174
76561198849975124,1702830,460
76561198849975124,1715130,540
76561198849975124,1721470,1075
76561198849975124,1780780,107
76561198849975124,1782210,104
76561198849975124,1788490,101
76561198849975124,1796590,64
76561198849975124,1798220,26
76561198849975124,1802340,34
76561198849975124,1818750,76
76561198849975124,1836120,385
76561198849975124,1862200,61
76561198849975124,1898290,948
76561198849975124,1948450,189
76561198849975124,1961460,85
76561198849975124,1966720,997
76561198849975124,1968180,181
76561198849975124,1977530,47
76561198849975124,2096600,169
76561198849975124,2096610,199
76561198849975124,2103620,147
76561198849975124,2131200,169
76561198849975124,2160470,369
76561198849975124,2218460,160
76561198849975124,2226280,187
76561198849975124,2230980,253
76561198849975124,2239140,194
76561198849975124,2270750,101
76561198849975124,2289970,56
76561198849975124,2296990,145
76561198849975124,2386720,195
76561198849975124,2443090,132
76561198849975124,2461280,151
76561198849975124,2475460,115
76561198849975124,2499420,33
76561198849975124,2527500,945
76561198849975124,2532550,126
76561198849975124,2580180,15
76561198849975124,2629330,212
76561198849975124,2655080,227
76561198849975124,2671110,47
76561198849975124,2696780,151
76561198849975124,2709570,2051
76561198849975124,2719940,99
76561198849975124,2755330,171
76561198849975124,2805700,13
76561198849975124,2835590,24
76561198849975124,2840210,249
76561198849975124,2878170,12
76561198849975124,2878420,601
76561198849975124,2881650,866
76561198849975124,2923300,778
76561198849975124,2948040,15
76561198849975124,2984570,14
76561198849975124,3001560,143
76561198849975124,3017580,67
76561198849975124,3038520,12
76561198849975124,3059070,355
76561198849975124,3077150,16
76561198849975124,3107800,414
76561198849975124,3174860,35
76561198849975124,3219670,17
76561198849975124,3232040,153
76561198849975124,3241660,209
76561198849975124,3253710,84
76561198849975124,3499550,735
76561198849975124,3511020,283
76561198849975124,3538880,140
76561198849975124,3549020,193
76561198849975124,3550490,41
76561198849975124,3580110,156
76561198849975124,3705300,181
76561198849975124,3756260,128
76561198849975124,3762510,167
76561198849975124,3806460,558
76561198849975124,3870580,435
76561198849975124,3894300,130
76561198849975124,3902390,99
76561198849975124,4007700,177
76561198849975124,4053340,154
76561198849975124,4070920,134
76561198849975124,4450010,33
76561198849975124,4450020,30
76561198849975124,4620930,232
76561198849975124,4707200,128
76561199068026988,550,798
76561199068026988,620,430
76561199068026988,730,36368
76561199068026988,33230,830
76561199068026988,105600,3487
76561199068026988,204360,30
76561199068026988,206440,192
76561199068026988,233860,2095
76561199068026988,242760,241
76561199068026988,250900,37
76561199068026988,275850,1656
76561199068026988,289650,269
76561199068026988,292030,75
76561199068026988,322330,749
76561199068026988,367520,3143
76561199068026988,384190,16
76561199068026988,391540,437
76561199068026988,413150,1488
76561199068026988,431960,1011
76561199068026988,477160,81
76561199068026988,508440,314
76561199068026988,541570,149
76561199068026988,578080,619
76561199068026988,588650,39
76561199068026988,602960,106
76561199068026988,632470,832
76561199068026988,646570,2941
76561199068026988,658850,711
76561199068026988,698780,919
76561199068026988,739630,61
76561199068026988,753640,1179
76561199068026988,774361,533
76561199068026988,814380,264
76561199068026988,1030300,2960
76561199068026988,1091500,4378
76561199068026988,1092400,3
76561199068026988,1174180,1201
76561199068026988,1237970,265
76561199068026988,1238810,2517
76561199068026988,1238840,8
76561199068026988,1245620,5301
76561199068026988,1281930,1591
76561199068026988,1850570,178
76561199068026988,1943950,888
76561199068026988,2290180,52
76561199068026988,2507950,2976
76561199068026988,2527500,167
76561199068026988,2593370,302
76561199068026988,2622380,3331
76561199068026988,2744880,118
76561199068026988,3101040,325
76561199068026988,3241660,774
76561199068026988,4704690,596
76561199546708875,620,579
76561199546708875,730,9447
76561199546708875,471710,271
76561199546708875,613100,22
76561199546708875,1172470,3573
76561199546708875,1292630,14
76561199546708875,1677740,186
76561199546708875,2753000,203
76561199546708875,2767030,346
76561199546708875,2807960,224
76561199546708875,4465480,54
76561199761625258,620,208
76561199761625258,3590,24
76561199761625258,246620,151
76561199761625258,303310,26
76561199761625258,322330,70
76561199761625258,323190,14
76561199761625258,359390,986
76561199761625258,413150,71
76561199761625258,582500,76
76561199761625258,589530,35
76561199761625258,601150,25
76561199761625258,613100,31
76561199761625258,632470,58
76561199761625258,658850,30
76561199761625258,673950,31
76561199761625258,704850,14
76561199761625258,736190,985
76561199761625258,787480,130
76561199761625258,815370,200
76561199761625258,990630,2
76561199761625258,1122340,41
76561199761625258,1135690,8
76561199761625258,1145360,260
76561199761625258,1162650,41
76561199761625258,1222670,1343
76561199761625258,1272160,357
76561199761625258,1288310,129
76561199761625258,1515210,267
76561199761625258,1641700,137
76561199761625258,1687950,44
76561199761625258,1927720,25
76561199761625258,1967430,1
76561199761625258,2067780,74
76561199761625258,2069040,163
76561199761625258,2084050,68
76561199761625258,2106840,66
76561199761625258,2167960,52
76561199761625258,2379780,6
76561199761625258,2390230,578
76561199761625258,2589500,17
76561199761625258,2968420,447
76561199761625258,3117820,1586
76561199761625258,3528450,208
76561199761625258,3777270,45
76561199761625258,4162140,9
76561199761625258,4704690,259
76561198856202641,10,384
76561198856202641,220,983
76561198856202641,240,11504
76561198856202641,400,493
76561198856202641,440,4055
76561198856202641,550,37
76561198856202641,620,572
76561198856202641,730,4524
76561198856202641,4000,131689
76561198856202641,6000,761
76561198856202641,6060,520
76561198856202641,25000,1444
76561198856202641,48220,42
76561198856202641,105600,5823
76561198856202641,107410,12663
76561198856202641,108600,906
76561198856202641,108710,154
76561198856202641,203160,563
76561198856202641,204360,167
76561198856202641,209650,1949
76561198856202641,209660,118
76561198856202641,217980,2855
76561198856202641,218620,3744
76561198856202641,220200,398
76561198856202641,227860,1001
76561198856202641,227940,805
76561198856202641,236390,20476
76561198856202641,238460,144
76561198856202641,239160,537
76561198856202641,242760,521
76561198856202641,246620,167
76561198856202641,252490,4375
76561198856202641,268910,1422
76561198856202641,271590,9031
76561198856202641,286160,12
76561198856202641,287700,6820
76561198856202641,289650,2812
76561198856202641,291480,21
76561198856202641,291550,324
76561198856202641,292030,1038
76561198856202641,298630,108
76561198856202641,304930,24897
76561198856202641,311340,36
76561198856202641,312520,279
76561198856202641,323190,605
76561198856202641,346110,2934
76561198856202641,355840,50
76561198856202641,359550,16525
76561198856202641,365670,2884
76561198856202641,367520,5012
76561198856202641,376210,4666
76561198856202641,387990,1341
76561198856202641,393380,677
76561198856202641,394360,1934
76561198856202641,400750,153
76561198856202641,414340,267
76561198856202641,431960,682
76561198856202641,433340,1074
76561198856202641,447040,3965
76561198856202641,463530,517
76561198856202641,466240,583
76561198856202641,471710,845
76561198856202641,517630,5291
76561198856202641,548430,75
76561198856202641,552100,19663
76561198856202641,552520,8664
76561198856202641,573090,4916
76561198856202641,578080,1157
76561198856202641,602960,18284
76561198856202641,616560,530
76561198856202641,622650,397
76561198856202641,629520,20939
76561198856202641,641990,525
76561198856202641,648800,69
76561198856202641,666220,35
76561198856202641,700330,4980
76561198856202641,704850,1676
76561198856202641,714070,793
76561198856202641,747350,9
76561198856202641,812140,5652
76561198856202641,813630,1769
76561198856202641,814540,340
76561198856202641,823130,252
76561198856202641,848450,1370
76561198856202641,892970,178
76561198856202641,953490,294
76561198856202641,976890,159
76561198856202641,1030300,744
76561198856202641,1085660,5197
76561198856202641,1118200,20350
76561198856202641,1131080,143
76561198856202641,1144200,493
76561198856202641,1149460,2526
76561198856202641,1172380,2132
76561198856202641,1172470,18
76561198856202641,1180380,403
76561198856202641,1204050,779
76561198856202641,1241100,89
76561198856202641,1280770,36
76561198856202641,1281930,38
76561198856202641,1286830,17
76561198856202641,1359090,505
76561198856202641,1491000,225
76561198856202641,1556790,1271
76561198856202641,1568590,92
76561198856202641,1611600,721
76561198856202641,1625450,271
76561198856202641,1782210,187
76561198856202641,1818450,5656
76561198856202641,1961460,244
76561198856202641,1977530,15
76561198856202641,2027330,172
76561198856202641,2051620,1194
76561198856202641,2239140,63
76561198856202641,2808930,345
76561198856202641,3059070,25
76561198856202641,3419430,2563
76561198856202641,3902430,48
76561198856202641,4465480,10
76561198756090448,400,341
76561198756090448,620,385
76561198756090448,236390,2713
76561198756090448,322170,6966
76561198756090448,738060,27
76561198756090448,1229490,22152
76561198756090448,1721470,79
76561198814167257,10,68
76561198814167257,20,6
76561198814167257,70,536
76561198814167257,130,1
76561198814167257,220,245
76561198814167257,280,17
76561198814167257,400,445
76561198814167257,440,4734
76561198814167257,550,785
76561198814167257,620,350
76561198814167257,730,488
76561198814167257,4000,10
76561198814167257,8870,1303
76561198814167257,22380,4218
76561198814167257,24200,102
76561198814167257,34270,45
76561198814167257,40990,10
76561198814167257,71250,638
76561198814167257,71340,674
76561198814167257,105600,2441
76561198814167257,108600,137
76561198814167257,213610,502
76561198814167257,215080,24
76561198814167257,219950,3
76561198814167257,235540,24
76561198814167257,242760,296
76561198814167257,271590,858
76561198814167257,290930,238
76561198814167257,291550,30
76561198814167257,346110,47
76561198814167257,365670,27
76561198814167257,367520,13068
76561198814167257,379720,791
76561198814167257,391540,450
76561198814167257,409710,115
76561198814167257,424840,6
76561198814167257,524220,267
76561198814167257,578080,55
76561198814167257,584400,393
76561198814167257,588430,40
76561198814167257,677620,250
76561198814167257,714010,47
76561198814167257,871720,8
76561198814167257,976730,89
76561198814167257,993090,1402
76561198814167257,1030300,2652
76561198814167257,1092710,85
76561198814167257,1096710,52
76561198814167257,1172470,635
76561198814167257,1237320,8566
76561198814167257,1240440,303
76561198814167257,1364390,13
76561198814167257,1422450,47
76561198814167257,1449850,383
76561198814167257,1515950,147
76561198814167257,1607250,25
76561198814167257,1712830,15
76561198814167257,1721470,48
76561198814167257,1782210,237
76561198814167257,1818750,52
76561198814167257,1938090,46
76561198814167257,2073620,52
76561198814167257,2231450,1111
76561198814167257,2232840,25
76561198814167257,2767030,634
76561198814167257,2834910,49
76561198814167257,3240220,324
76561199185990766,400,133
76561199185990766,550,1346
76561199185990766,730,42
76561199185990766,4000,7133
76561199185990766,21690,1064
76561199185990766,71340,305
76561199185990766,108600,1171
76561199185990766,108710,1199
76561199185990766,218620,14302
76561199185990766,219150,380
76561199185990766,221040,1015
76561199185990766,223470,501
76561199185990766,243470,42
76561199185990766,250900,362
76561199185990766,271590,2902
76561199185990766,274170,340
76561199185990766,304390,13761
76561199185990766,304930,122
76561199185990766,319510,102
76561199185990766,322170,1930
76561199185990766,329050,656
76561199185990766,332800,108
76561199185990766,339340,7
76561199185990766,354140,189
76561199185990766,359550,8140
76561199185990766,379720,912
76561199185990766,381210,143022
76561199185990766,388090,78
76561199185990766,391540,1877
76561199185990766,409720,904
76561199185990766,414700,181
76561199185990766,418370,625
76561199185990766,431960,399
76561199185990766,438100,1534
76561199185990766,444090,2499
76561199185990766,471710,1826
76561199185990766,493520,427
76561199185990766,506610,117
76561199185990766,601150,611
76561199185990766,611360,50
76561199185990766,622650,562
76561199185990766,631510,1644
76561199185990766,678950,698
76561199185990766,700330,164
76561199185990766,738060,138
76561199185990766,739630,9145
76561199185990766,753650,39
76561199185990766,782330,3938
76561199185990766,823130,22
76561199185990766,871720,108
76561199185990766,976310,112
76561199185990766,997010,2640
76561199185990766,1061910,195
76561199185990766,1063660,731
76561199185990766,1085660,1692
76561199185990766,1091500,16099
76561199185990766,1144200,2031
76561199185990766,1172470,13601
76561199185990766,1196590,1048
76561199185990766,1233570,943
76561199185990766,1237970,171
76561199185990766,1238840,227
76561199185990766,1238860,133
76561199185990766,1240440,100
76561199185990766,1241100,43
76561199185990766,1245620,10189
76561199185990766,1272080,8064
76561199185990766,1289310,20
76561199185990766,1326470,234
76561199185990766,1422450,9697
76561199185990766,1509960,137
76561199185990766,1627720,2879
76561199185990766,1692250,1006
76561199185990766,1721470,51
76561199185990766,1790930,942
76561199185990766,1818750,694
76561199185990766,1866180,627
76561199185990766,1961460,621
76561199185990766,2021910,19
76561199185990766,2073850,84
76561199185990766,2201320,200
76561199185990766,2239140,48
76561199185990766,2357570,17788
76561199185990766,2532430,24
76561199185990766,2622380,11201
76561199185990766,2709570,474
76561199185990766,2767030,7477
76561199185990766,3065800,1016
76561199185990766,3107900,216
76561199185990766,3295360,154
76561199185990766,3527290,314
76561198772435366,240,655
76561198772435366,400,288
76561198772435366,440,5046
76561198772435366,550,284
76561198772435366,620,552
76561198772435366,730,50870
76561198772435366,105600,11
76561198772435366,219150,45
76561198772435366,250900,184
76561198772435366,322170,383
76561198772435366,381210,1242
76561198772435366,400040,14
76561198772435366,700330,13
76561198772435366,714010,8
76561198772435366,766570,806
76561198772435366,1422450,665
76561198772435366,2507950,18
76561198772435366,2595860,45
76561198772435366,2719940,47
76561198772435366,2767030,9
76561198772435366,3564740,45
76561198772435366,4465480,1416
76561199784819245,400,293
76561199784819245,620,349
76561199784819245,730,32
76561199784819245,291550,71
76561199784819245,308600,29
76561199784819245,367520,157
76561199784819245,391540,754
76561199784819245,438100,161
76561199784819245,1486350,95
76561199784819245,1690940,18
76561199784819245,1721470,18
76561199784819245,1817190,1030
76561199784819245,1973530,69
76561199784819245,2321470,102
76561199784819245,2551020,15
76561199784819245,2767030,56
76561199784819245,3061570,7
76561199784819245,3205720,55
76561199784819245,3354750,99
76561199843879700,400,6
76561199843879700,620,1729
76561199843879700,730,473
76561199843879700,224260,649
76561199843879700,227300,1001
76561199843879700,236390,981
76561199843879700,578080,104
76561199843879700,632810,249
76561199843879700,674940,8
76561199843879700,767560,23
76561199843879700,1092730,11
76561199843879700,1280770,70
76561199843879700,1665460,13
76561199843879700,1977530,104
76561199843879700,2051620,10
76561199843879700,2098350,17
76561199843879700,2143030,46
76561199843879700,2239140,332
76561199843879700,2250040,22
76561199843879700,2524890,53
76561199843879700,2551020,8
76561199843879700,2709570,238
76561199843879700,2719940,45
76561199843879700,2772560,13
76561199843879700,2835570,69
76561198677073705,400,130
76561198677073705,620,139
76561198677073705,4576510,1803
76561199520350248,220,2876
76561199520350248,400,379
76561199520350248,550,4099
76561199520350248,620,646
76561199520350248,730,53083
76561199520350248,236390,529
76561199520350248,247080,172
76561199520350248,248610,4807
76561199520350248,265930,22
76561199520350248,359550,76
76561199520350248,394360,1374
76561199520350248,407130,2020
76561199520350248,413150,8
76561199520350248,431960,2309
76561199520350248,438100,71
76561199520350248,448510,163
76561199520350248,505460,378
76561199520350248,525510,1731
76561199520350248,544810,10623
76561199520350248,632810,32402
76561199520350248,645630,79
76561199520350248,686200,2151
76561199520350248,700330,48071
76561199520350248,704850,180
76561199520350248,787480,2602
76561199520350248,850170,8
76561199520350248,997010,827
76561199520350248,1016920,21
76561199520350248,1030840,3325
76561199520350248,1049410,624
76561199520350248,1109570,192
76561199520350248,1149660,32
76561199520350248,1153430,10
76561199520350248,1238820,2129
76561199520350248,1238840,17789
76561199520350248,1238860,1264
76561199520350248,1239080,23475
76561199520350248,1293830,12589
76561199520350248,1382070,488
76561199520350248,1393350,28
76561199520350248,1507970,30
76561199520350248,1555110,49
76561199520350248,1659040,318
76561199520350248,1762930,495
76561199520350248,1797880,44
76561199520350248,1927720,124
76561199520350248,1927740,187
76561199520350248,1972440,1569
76561199520350248,2022180,207
76561199520350248,2051620,1043
76561199520350248,2438160,142
76561199520350248,2551020,213
76561199520350248,2709570,30
76561199520350248,2822030,437
76561199520350248,2832330,262
76561199520350248,3132930,28
76561199520350248,3167550,1729
76561199520350248,3347970,4290
76561199520350248,3710820,236
76561199520350248,3793150,12
76561199887336948,400,432
76561199887336948,620,705
76561199887336948,6850,5
76561199887336948,6860,478
76561199887336948,6900,125
76561199887336948,203140,1228
76561199887336948,431960,2751
76561199887336948,1281800,20
76561199887336948,2835570,51
76561199887336948,3419430,1276
76561199149228225,400,683
76561199149228225,440,12461
76561199149228225,550,6132
76561199149228225,620,945
76561199149228225,730,1175
76561199149228225,1250,484
76561199149228225,2990,200
76561199149228225,4000,1378
76561199149228225,105600,5560
76561199149228225,200170,974
76561199149228225,217490,287
76561199149228225,218620,659
76561199149228225,219150,808
76561199149228225,224260,69
76561199149228225,232090,975
76561199149228225,242760,242
76561199149228225,268910,428
76561199149228225,274170,1801
76561199149228225,280680,4196
76561199149228225,291550,191
76561199149228225,311690,6091
76561199149228225,312520,94
76561199149228225,322330,943
76561199149228225,371970,160
76561199149228225,373420,335
76561199149228225,386940,290
76561199149228225,424840,315
76561199149228225,431240,103
76561199149228225,437920,402
76561199149228225,464060,29
76561199149228225,477160,176
76561199149228225,508440,2129
76561199149228225,508790,480
76561199149228225,527230,945
76561199149228225,541570,95
76561199149228225,548430,31860
76561199149228225,557340,748
76561199149228225,578080,175
76561199149228225,632470,2279
76561199149228225,674940,83
76561199149228225,679900,1497
76561199149228225,751780,3000
76561199149228225,881100,41
76561199149228225,945360,112
76561199149228225,953490,298
76561199149228225,1088150,117
76561199149228225,1118200,890
76561199149228225,1145360,7227
76561199149228225,1150690,4721
76561199149228225,1172470,34
76561199149228225,1210320,3000
76561199149228225,1289310,37
76561199149228225,1304930,1938
76561199149228225,1313140,2239
76561199149228225,1353300,4724
76561199149228225,1422450,873
76561199149228225,1446890,404
76561199149228225,1653970,386
76561199149228225,1699480,644
76561199149228225,1782210,47
76561199149228225,1824220,1651
76561199149228225,1943950,580
76561199149228225,1966720,242
76561199149228225,2073850,1381
76561199149228225,2085540,1862
76561199149228225,2085560,1599
76561199149228225,2107670,28
76561199149228225,2239140,38
76561199149228225,2353760,133
76561199149228225,2386720,46
76561199149228225,2475490,152
76561199149228225,2605790,119
76561199149228225,2642680,2206
76561199149228225,2707930,162
76561199149228225,2767030,31144
76561199149228225,2835570,1642
76561199149228225,2881650,449
76561199149228225,2929730,597
76561199149228225,2940200,46
76561199149228225,2966870,27
76561199149228225,3124540,1427
76561199149228225,3133310,35
76561199149228225,3180070,2577
76561199149228225,3218540,110
76561199149228225,3241660,1486
76561199149228225,3274300,241
76561199149228225,3314790,1416
76561199149228225,3347820,209
76561199149228225,3461780,27
76561199149228225,3527290,7064
76561199149228225,3674060,31
76561199149228225,3763830,203
76561199149228225,3910170,68
76561199149228225,4019420,60
76561199149228225,4069520,405
76561199149228225,4465480,179
76561199081565391,400,183
76561199081565391,620,1362
76561199081565391,730,1949
76561199081565391,3590,1006
76561199081565391,40800,51
76561199081565391,43160,1
76561199081565391,65800,215
76561199081565391,105600,4671
76561199081565391,204360,108
76561199081565391,214490,722
76561199081565391,238460,914
76561199081565391,242680,820
76561199081565391,250900,41
76561199081565391,291550,398
76561199081565391,311690,191
76561199081565391,322170,29
76561199081565391,322330,46
76561199081565391,324160,215
76561199081565391,326480,1
76561199081565391,346110,52
76561199081565391,365670,537
76561199081565391,412830,158
76561199081565391,413150,205
76561199081565391,417860,41
76561199081565391,431730,34
76561199081565391,504230,3
76561199081565391,548430,163
76561199081565391,632360,713
76561199081565391,646570,689
76561199081565391,684410,19
76561199081565391,703080,90
76561199081565391,714010,61
76561199081565391,843200,52
76561199081565391,843380,16
76561199081565391,850190,693
76561199081565391,960090,3551
76561199081565391,1030300,664
76561199081565391,1135690,663
76561199081565391,1145360,164
76561199081565391,1172470,172
76561199081565391,1222670,33
76561199081565391,1240440,93
76561199081565391,1253920,399
76561199081565391,1281930,1188
76561199081565391,1282270,543
76561199081565391,1321440,87
76561199081565391,1422450,404
76561199081565391,1430420,20
76561199081565391,1533420,342
76561199081565391,1761390,1054
76561199081565391,1782210,15
76561199081565391,1809540,237
76561199081565391,2073850,15
76561199081565391,2379780,1430
76561199081565391,2441270,27
76561199081565391,2622380,6775
76561199081565391,2637990,200
76561199081565391,2714620,163
76561199081565391,2943650,216
76561199081565391,3224770,258
76561199081565391,3527290,60
76561198217774529,50,444
76561198217774529,70,739
76561198217774529,130,295
76561198217774529,220,1647
76561198217774529,240,1
76561198217774529,400,1335
76561198217774529,550,161
76561198217774529,620,1581
76561198217774529,730,572
76561198217774529,2280,20
76561198217774529,4000,15566
76561198217774529,9480,243
76561198217774529,12100,683
76561198217774529,12110,1148
76561198217774529,12120,193
76561198217774529,12130,42
76561198217774529,12140,52
76561198217774529,12150,7
76561198217774529,12200,3721
76561198217774529,12210,6838
76561198217774529,21000,3
76561198217774529,22380,5
76561198217774529,47890,996
76561198217774529,105600,573
76561198217774529,108600,291
76561198217774529,113400,1061
76561198217774529,206420,4174
76561198217774529,213330,95
76561198217774529,218620,1
76561198217774529,242590,97
76561198217774529,252490,50
76561198217774529,257400,2235
76561198217774529,268910,263
76561198217774529,271590,12988
76561198217774529,274900,674
76561198217774529,290930,55
76561198217774529,291550,94
76561198217774529,301520,60
76561198217774529,304050,43
76561198217774529,304930,145
76561198217774529,311210,288
76561198217774529,322330,41
76561198217774529,332310,212
76561198217774529,346110,387
76561198217774529,360430,50
76561198217774529,362890,3105
76561198217774529,363970,13
76561198217774529,366090,20
76561198217774529,409710,914
76561198217774529,409720,1
76561198217774529,424840,1
76561198217774529,427730,886
76561198217774529,431960,863
76561198217774529,438100,2462
76561198217774529,444090,193
76561198217774529,448280,511
76561198217774529,450390,18
76561198217774529,471710,577
76561198217774529,477160,488
76561198217774529,489830,537
76561198217774529,502820,17
76561198217774529,528550,29
76561198217774529,546560,3066
76561198217774529,555160,445
76561198217774529,601360,163
76561198217774529,617830,208
76561198217774529,620980,5085
76561198217774529,621060,66
76561198217774529,638970,59
76561198217774529,648800,728
76561198217774529,677620,94
76561198217774529,691260,60
76561198217774529,722230,214
76561198217774529,739630,214
76561198217774529,755540,2048
76561198217774529,799960,15
76561198217774529,813820,105
76561198217774529,823130,11
76561198217774529,823500,361
76561198217774529,893520,11
76561198217774529,933140,15
76561198217774529,945360,3536
76561198217774529,976730,287
76561198217774529,992490,254
76561198217774529,993090,37
76561198217774529,1003480,37
76561198217774529,1030840,93
76561198217774529,1068820,1847
76561198217774529,1091500,225
76561198217774529,1097150,598
76561198217774529,1148590,121
76561198217774529,1172470,127
76561198217774529,1222670,1
76561198217774529,1240440,140
76561198217774529,1262560,11
76561198217774529,1332010,2577
76561198217774529,1546970,1098
76561198217774529,1557740,403
76561198217774529,1623730,328
76561198217774529,1625450,52
76561198217774529,1712840,46
76561198217774529,1782210,162
76561198217774529,1817070,1979
76561198217774529,1817190,1053
76561198217774529,1818750,69
76561198217774529,1822910,34
76561198217774529,1966720,78
76561198217774529,2012840,828
76561198217774529,2668510,34
76561198217774529,3240220,608
76561198217774529,3354750,146
76561198217774529,3527290,28
76561198217774529,4704690,190
76561198262757188,400,1046
76561198262757188,440,2778
76561198262757188,550,123
76561198262757188,620,13332
76561198262757188,730,3641
76561198262757188,2280,64
76561198262757188,4000,1533
76561198262757188,22380,43
76561198262757188,32440,36
76561198262757188,105600,49481
76561198262757188,108600,420
76561198262757188,200170,48
76561198262757188,202970,1
76561198262757188,202990,1
76561198262757188,204360,34
76561198262757188,212910,143
76561198262757188,214420,216
76561198262757188,218620,945
76561198262757188,221640,24
76561198262757188,221680,615
76561198262757188,230410,101
76561198262757188,236390,2892
76561198262757188,239070,1821
76561198262757188,242760,102
76561198262757188,251570,515
76561198262757188,252490,2770
76561198262757188,270880,1568
76561198262757188,280740,2033
76561198262757188,285330,59
76561198262757188,286080,116
76561198262757188,289070,4888
76561198262757188,291550,9
76561198262757188,301520,424
76561198262757188,302830,7747
76561198262757188,304050,25
76561198262757188,304930,88646
76561198262757188,311210,2208
76561198262757188,317400,868
76561198262757188,322170,7
76561198262757188,322330,1
76561198262757188,332310,1420
76561198262757188,332800,8
76561198262757188,346110,80
76561198262757188,359550,21432
76561198262757188,367520,99
76561198262757188,371660,180
76561198262757188,377160,2413
76561198262757188,381210,120
76561198262757188,394510,62
76561198262757188,444090,18
76561198262757188,450390,16
76561198262757188,460930,195
76561198262757188,471710,85
76561198262757188,489630,1
76561198262757188,489830,67
76561198262757188,491130,61
76561198262757188,506610,35
76561198262757188,508440,43
76561198262757188,509980,116
76561198262757188,518790,28
76561198262757188,525680,61
76561198262757188,526870,3002
76561198262757188,546560,312
76561198262757188,548430,279
76561198262757188,552500,127
76561198262757188,552520,3526
76561198262757188,552990,39
76561198262757188,553850,13510
76561198262757188,588430,1731
76561198262757188,616560,28
76561198262757188,629730,267
76561198262757188,648350,430
76561198262757188,648800,121
76561198262757188,674940,296
76561198262757188,677620,539
76561198262757188,700330,198
76561198262757188,728880,146
76561198262757188,732690,585
76561198262757188,738060,104
76561198262757188,739630,7958
76561198262757188,782330,448
76561198262757188,813820,435
76561198262757188,816090,66
76561198262757188,823130,15
76561198262757188,848450,1097
76561198262757188,871720,59
76561198262757188,892970,6001
76561198262757188,939960,945
76561198262757188,945360,993
76561198262757188,960090,19
76561198262757188,976730,299
76561198262757188,1049800,354
76561198262757188,1085660,16583
76561198262757188,1091500,2432
76561198262757188,1118200,189
76561198262757188,1142710,32
76561198262757188,1144200,3406
76561198262757188,1151340,836
76561198262757188,1151640,1768
76561198262757188,1172380,396
76561198262757188,1172470,71244
76561198262757188,1172620,790
76561198262757188,1174180,4431
76561198262757188,1229490,134
76561198262757188,1237950,768
76561198262757188,1237970,3685
76561198262757188,1240440,649
76561198262757188,1244460,46
76561198262757188,1245620,7472
76561198262757188,1250410,14132
76561198262757188,1276390,190
76561198262757188,1281930,11030
76561198262757188,1361210,721
76561198262757188,1363430,40
76561198262757188,1408720,281
76561198262757188,1485080,10
76561198262757188,1517290,801
76561198262757188,1593500,1504
76561198262757188,1625450,192
76561198262757188,1677740,19
76561198262757188,1782210,109
76561198262757188,1808500,760
76561198262757188,1818750,240
76561198262757188,1902490,32
76561198262757188,1922560,7
76561198262757188,1938090,6494
76561198262757188,1943950,113
76561198262757188,1962700,622
76561198262757188,1966720,4942
76561198262757188,1977530,47
76561198262757188,2051620,57
76561198262757188,2119830,179
76561198262757188,2183900,4716
76561198262757188,2307350,68
76561198262757188,2314160,1055
76561198262757188,2357570,2125
76561198262757188,2483190,718
76561198262757188,2524890,47
76561198262757188,2551020,69
76561198262757188,2567870,52
76561198262757188,2622380,2113
76561198262757188,2767030,492
76561198262757188,2807960,539
76561198262757188,2827200,188
76561198262757188,2835570,640
76561198262757188,2881650,746
76561198262757188,3097560,120
76561198262757188,3241660,758
76561198262757188,3527290,577
76561198262757188,3716600,75
76561198262757188,3892270,104
76561198262757188,4704690,370
76561199090843258,400,213
76561199090843258,620,526
76561199090843258,221910,90
76561199090843258,268910,408
76561199090843258,367520,9830
76561199090843258,374320,1506
76561199090843258,383870,95
76561199090843258,413150,2373
76561199090843258,501300,195
76561199090843258,683320,263
76561199090843258,750920,218
76561199090843258,753640,1209
76561199090843258,814380,4903
76561199090843258,870780,635
76561199090843258,1030300,8378
76561199090843258,1086940,165
76561199090843258,1245620,11836
76561199090843258,1289310,105
76561199090843258,1332010,269
76561199090843258,1593500,986
76561199090843258,1627720,2648
76561199090843258,1817070,1003
76561199090843258,1903340,7553
76561199090843258,1989270,563
76561199090843258,2592160,1752
76561199090843258,2622380,6545
76561199090843258,2767030,3586
76561199218099483,400,733
76561199218099483,620,1859
76561199218099483,322170,32832
76561199218099483,945360,7761
76561199218099483,1677740,772
76561199218099483,1712830,10
76561199218099483,1721470,5750
76561199218099483,1942120,66
76561199218099483,1961460,574
76561199218099483,2012840,80
76561199218099483,2232840,423
76561199823240584,400,324
76561199823240584,620,551
76561199823240584,4000,818
76561199823240584,322170,1084
76561199823240584,739630,1282
76561199823240584,758480,176
76561199823240584,862740,24
76561199823240584,2003310,295
76561199823240584,2719940,70
76561199658816261,220,2821
76561199658816261,320,55
76561199658816261,360,50
76561199658816261,620,848
76561199658816261,730,56411
76561199658816261,242760,2609
76561199658816261,271590,329
76561199658816261,431960,159444
76561199658816261,578080,538
76561199658816261,670290,1071
76561199658816261,714010,1130
76561199658816261,736190,386
76561199658816261,815370,1104
76561199658816261,939400,305
76561199658816261,1238810,163
76561199658816261,1262240,1256
76561199658816261,1712830,1662
76561199658816261,2507950,87
76561199658816261,3174480,635
76561199658816261,3350200,2254
76561199658816261,3419430,1067
76561199658816261,4465480,30
76561199500580493,400,2277
76561199500580493,620,12267
76561199500580493,4000,142
76561199500580493,231120,31
76561199500580493,280740,462
76561199500580493,286080,151
76561199500580493,317400,351
76561199500580493,317790,98
76561199500580493,601360,171
76561199500580493,1077430,9
76561199500580493,1625450,18
76561199500580493,1712830,8
76561199500580493,1721470,160
76561199500580493,1961460,18
76561199500580493,1977530,11
76561199500580493,2012840,8
76561199500580493,2772560,13
76561199500580493,2923300,106
76561199500580493,4465480,15
76561198833154411,70,13
76561198833154411,400,419
76561198833154411,440,2761
76561198833154411,550,42
76561198833154411,620,1510
76561198833154411,730,23937
76561198833154411,2310,47
76561198833154411,3590,129
76561198833154411,4000,144
76561198833154411,7670,71
76561198833154411,17390,91
76561198833154411,22370,705
76561198833154411,22600,111
76561198833154411,49520,3585
76561198833154411,105600,22529
76561198833154411,108600,1014
76561198833154411,200210,1070
76561198833154411,204360,2056
76561198833154411,205100,475
76561198833154411,211820,1752
76561198833154411,213670,41
76561198833154411,218620,213
76561198833154411,224260,14
76561198833154411,224760,582
76561198833154411,227380,82
76561198833154411,230410,195
76561198833154411,238460,662
76561198833154411,238960,23
76561198833154411,239030,300
76561198833154411,239140,240
76561198833154411,240720,605
76561198833154411,242680,365
76561198833154411,250760,1584
76561198833154411,250900,1583
76561198833154411,252490,5368
76561198833154411,252610,509
76561198833154411,264710,1480
76561198833154411,265930,574
76561198833154411,268910,733
76561198833154411,270550,271
76561198833154411,274190,485
76561198833154411,275850,2700
76561198833154411,289070,856
76561198833154411,291860,919
76561198833154411,304050,3052
76561198833154411,304390,433
76561198833154411,305620,769
76561198833154411,311210,104
76561198833154411,311690,2048
76561198833154411,312520,7
76561198833154411,322330,5538
76561198833154411,322500,577
76561198833154411,346970,165
76561198833154411,356670,41
76561198833154411,359550,1267
76561198833154411,360740,917
76561198833154411,361420,1567
76561198833154411,363970,426
76561198833154411,364420,1983
76561198833154411,365670,14681
76561198833154411,367520,3811
76561198833154411,367540,1
76561198833154411,368230,27
76561198833154411,374320,460
76561198833154411,377160,8
76561198833154411,381210,293
76561198833154411,382560,277
76561198833154411,386940,618
76561198833154411,393220,109
76561198833154411,396710,512
76561198833154411,397540,350
76561198833154411,400630,2106
76561198833154411,404790,41
76561198833154411,409710,216
76561198833154411,413150,11376
76561198833154411,418530,5381
76561198833154411,421040,944
76561198833154411,427520,848
76561198833154411,431730,28053
76561198833154411,434460,554
76561198833154411,437570,102
76561198833154411,438100,824
76561198833154411,457140,1465
76561198833154411,464920,674
76561198833154411,470220,323
76561198833154411,475550,96
76561198833154411,477160,156
76561198833154411,480490,187
76561198833154411,504230,418
76561198833154411,508440,219
76561198833154411,526870,2544
76561198833154411,538100,203
76561198833154411,548430,7740
76561198833154411,550010,460
76561198833154411,552500,318
76561198833154411,553420,273
76561198833154411,553850,5486
76561198833154411,568320,420
76561198833154411,582010,69
76561198833154411,587620,617
76561198833154411,589870,71
76561198833154411,594650,530
76561198833154411,606150,325
76561198833154411,609490,18
76561198833154411,610080,50
76561198833154411,632360,2646
76561198833154411,641990,598
76561198833154411,646570,55
76561198833154411,648800,681
76561198833154411,671860,1209
76561198833154411,674940,1025
76561198833154411,677620,1679
76561198833154411,686060,737
76561198833154411,690040,31
76561198833154411,698780,278
76561198833154411,702810,243
76561198833154411,729040,1322
76561198833154411,739630,879
76561198833154411,751780,1465
76561198833154411,753420,1147
76561198833154411,757320,105
76561198833154411,774361,731
76561198833154411,813230,899
76561198833154411,813780,535
76561198833154411,814300,153
76561198833154411,823130,97
76561198833154411,844590,349
76561198833154411,848450,529
76561198833154411,865930,610
76561198833154411,881100,1485
76561198833154411,892970,1511
76561198833154411,900270,370
76561198833154411,924140,18
76561198833154411,932850,59
76561198833154411,945360,2136
76561198833154411,960090,1884
76561198833154411,989440,1241
76561198833154411,1017180,96
76561198833154411,1021770,721
76561198833154411,1030300,2727
76561198833154411,1046030,225
76561198833154411,1085660,876
76561198833154411,1091500,1234
76561198833154411,1100990,47
76561198833154411,1103100,163
76561198833154411,1104450,155
76561198833154411,1139900,197
76561198833154411,1144200,462
76561198833154411,1145360,414
76561198833154411,1147860,2673
76561198833154411,1148590,93
76561198833154411,1151340,1345
76561198833154411,1172470,3136
76561198833154411,1172620,18202
76561198833154411,1209490,99
76561198833154411,1210320,473
76561198833154411,1222670,280
76561198833154411,1229490,1119
76561198833154411,1237970,841
76561198833154411,1275350,13
76561198833154411,1281930,569
76561198833154411,1285670,221
76561198833154411,1304680,215
76561198833154411,1343370,136
76561198833154411,1349230,202
76561198833154411,1353230,671
76561198833154411,1408720,32
76561198833154411,1419170,883
76561198833154411,1422450,3452
76561198833154411,1424330,338
76561198833154411,1432050,122
76561198833154411,1459870,20
76561198833154411,1468260,793
76561198833154411,1476970,321
76561198833154411,1485080,14
76561198833154411,1509960,105
76561198833154411,1592190,381
76561198833154411,1625450,95
76561198833154411,1657630,1119
76561198833154411,1710100,583
76561198833154411,1716740,1774
76561198833154411,1785150,461
76561198833154411,1808500,5851
76561198833154411,1818750,115
76561198833154411,1868140,375
76561198833154411,1875580,590
76561198833154411,1911390,63
76561198833154411,1922560,3397
76561198833154411,1948280,452
76561198833154411,1962700,496
76561198833154411,1966720,1000
76561198833154411,1977530,17
76561198833154411,1985690,54
76561198833154411,2016590,151
76561198833154411,2021910,19
76561198833154411,2073850,471
76561198833154411,2119830,255
76561198833154411,2141910,12
76561198833154411,2143030,25
76561198833154411,2231450,765
76561198833154411,2353760,36
76561198833154411,2357570,1448
76561198833154411,2381620,56
76561198833154411,2386720,141
76561198833154411,2484990,98
76561198833154411,2641470,189
76561198833154411,2709570,28
76561198833154411,2738490,144
76561198833154411,2767030,125
76561198833154411,2780980,718
76561198833154411,2918300,172
76561198833154411,2996080,90
76561198833154411,3065800,2470
76561198833154411,3191030,168
76561198833154411,3218540,122
76561198833154411,3241660,1132
76561198833154411,3314790,161
76561198833154411,3347820,76
76561198833154411,3401490,70
76561198833154411,3495730,426
76561198833154411,3527290,142
76561198833154411,3716600,157
76561198833154411,4081520,20
76561198833154411,4704690,35
76561199386513701,400,614
76561199386513701,620,1608
76561199386513701,33650,88
76561199386513701,108710,1
76561199386513701,235620,376
76561199386513701,257510,2985
76561199386513701,282140,1176
76561199386513701,288160,127
76561199386513701,301860,258
76561199386513701,319450,1
76561199386513701,322330,320
76561199386513701,324810,457
76561199386513701,345430,8
76561199386513701,366320,445
76561199386513701,368430,423
76561199386513701,375950,118
76561199386513701,387290,263
76561199386513701,424200,40
76561199386513701,425580,390
76561199386513701,456750,451
76561199386513701,475190,146
76561199386513701,476460,1599
76561199386513701,530330,54
76561199386513701,538070,196
76561199386513701,567030,304
76561199386513701,582500,317
76561199386513701,633360,311
76561199386513701,635320,257
76561199386513701,700160,6
76561199386513701,739630,21852
76561199386513701,742500,4709
76561199386513701,747360,345
76561199386513701,753660,15
76561199386513701,791470,181
76561199386513701,837880,403
76561199386513701,850320,171
76561199386513701,851810,38
76561199386513701,866140,693
76561199386513701,892970,4153
76561199386513701,960980,452
76561199386513701,969760,261
76561199386513701,976700,95
76561199386513701,982220,15
76561199386513701,1058200,25
76561199386513701,1093170,7
76561199386513701,1099220,212
76561199386513701,1119980,1012
76561199386513701,1121590,59
76561199386513701,1162280,170
76561199386513701,1169040,1048
76561199386513701,1195360,564
76561199386513701,1196090,799
76561199386513701,1213700,545
76561199386513701,1274570,2102
76561199386513701,1284190,2459
76561199386513701,1361320,247
76561199386513701,1363770,32
76561199386513701,1369320,14857
76561199386513701,1369340,108
76561199386513701,1406690,397
76561199386513701,1429740,43
76561199386513701,1435790,226
76561199386513701,1478220,175
76561199386513701,1485870,25
76561199386513701,1515210,169
76561199386513701,1562430,1109
76561199386513701,1568590,163
76561199386513701,1577120,1316
76561199386513701,1577250,1473
76561199386513701,1604030,6394
76561199386513701,1622910,803
76561199386513701,1623730,363
76561199386513701,1642220,64
76561199386513701,1659210,170
76561199386513701,1676910,262
76561199386513701,1722520,453
76561199386513701,1725640,143
76561199386513701,1733060,34
76561199386513701,1738610,66
76561199386513701,1801110,505
76561199386513701,1856030,676
76561199386513701,1878910,32
76561199386513701,1882190,558
76561199386513701,1961300,126
76561199386513701,1961520,378
76561199386513701,1966720,1724
76561199386513701,1969080,96
76561199386513701,1972710,25
76561199386513701,1982340,200
76561199386513701,2070550,104
76561199386513701,2084050,102
76561199386513701,2084930,35
76561199386513701,2098350,86
76561199386513701,2149010,6
76561199386513701,2165030,59
76561199386513701,2179170,54
76561199386513701,2191190,74
76561199386513701,2276850,184
76561199386513701,2313240,105
76561199386513701,2313250,97
76561199386513701,2325290,14
76561199386513701,2356500,81
76561199386513701,2365080,79
76561199386513701,2368470,193
76561199386513701,2377970,102
76561199386513701,2400880,185
76561199386513701,2485180,12
76561199386513701,2512840,101
76561199386513701,2551170,49
76561199386513701,2608040,11
76561199386513701,2610090,69
76561199386513701,2647300,45
76561199386513701,2654860,717
76561199386513701,2672090,32
76561199386513701,2687190,21
76561199386513701,2700540,16
76561199386513701,2707930,15340
76561199386513701,2729000,45
76561199386513701,2743080,9
76561199386513701,2776570,22
76561199386513701,2810730,225
76561199386513701,2907010,104
76561199386513701,2915950,2569
76561199386513701,2951880,107
76561199386513701,3036880,41
76561199386513701,3080240,154
76561199386513701,3083300,1125
76561199386513701,3087650,110
76561199386513701,3138780,55
76561199386513701,3145350,26
76561199386513701,3155430,207
76561199386513701,3241660,30249
76561199386513701,3328700,60
76561199386513701,3343590,96
76561199386513701,3344160,12
76561199386513701,3444050,167
76561199386513701,3444650,1178
76561199386513701,3478820,78
76561199386513701,3507100,27
76561199386513701,3527290,3867
76561199386513701,3530670,876
76561199386513701,3543720,81
76561199386513701,3637730,106
76561199386513701,3704300,211
76561199386513701,3775050,21
76561199386513701,3919920,58
76561199386513701,3921850,24
76561199386513701,3979300,79
76561199386513701,4160020,78
76561199386513701,4160290,40
76561199386513701,4283340,33
76561199386513701,4301270,62
76561199130234193,550,688
76561199130234193,620,445
76561199130234193,730,197703
76561199130234193,70110,196
76561199130234193,107410,488
76561199130234193,236390,101311
76561199130234193,246900,291
76561199130234193,251570,2608
76561199130234193,271590,9668
76561199130234193,290280,193
76561199130234193,292030,456
76561199130234193,304930,253
76561199130234193,307230,200
76561199130234193,323720,220
76561199130234193,355020,215
76561199130234193,359550,737
76561199130234193,376730,193
76561199130234193,377600,162
76561199130234193,379720,422
76561199130234193,383150,550
76561199130234193,410670,197
76561199130234193,428100,223
76561199130234193,429280,225
76561199130234193,436390,204
76561199130234193,437730,256
76561199130234193,440760,198
76561199130234193,448020,177
76561199130234193,473140,236
76561199130234193,474830,257
76561199130234193,476240,195
76561199130234193,485500,199
76561199130234193,485610,228
76561199130234193,485920,195
76561199130234193,490820,253
76561199130234193,496650,157
76561199130234193,508900,279
76561199130234193,513980,193
76561199130234193,521430,209
76561199130234193,522340,255
76561199130234193,523150,229
76561199130234193,525190,315
76561199130234193,527450,152
76561199130234193,531920,437
76561199130234193,539330,199
76561199130234193,539720,199
76561199130234193,540190,193
76561199130234193,542880,192
76561199130234193,548430,432
76561199130234193,549100,195
76561199130234193,551500,194
76561199130234193,552500,464
76561199130234193,552520,477
76561199130234193,562360,205
76561199130234193,562640,196
76561199130234193,567150,215
76561199130234193,569610,200
76561199130234193,575920,191
76561199130234193,578080,26909
76561199130234193,579150,195
76561199130234193,586320,197
76561199130234193,589770,195
76561199130234193,600210,72
76561199130234193,601220,200
76561199130234193,603190,193
76561199130234193,604010,215
76561199130234193,604780,193
76561199130234193,610730,192
76561199130234193,611350,83
76561199130234193,612160,231
76561199130234193,614460,193
76561199130234193,614950,207
76561199130234193,617670,240
76561199130234193,618140,765
76561199130234193,619740,134
76561199130234193,630060,198
76561199130234193,635880,194
76561199130234193,656610,267
76561199130234193,744900,24
76561199130234193,745740,195
76561199130234193,799070,237
76561199130234193,805940,72
76561199130234193,813540,193
76561199130234193,948900,196
76561199130234193,1069740,151
76561199130234193,1070580,199
76561199130234193,1071870,628
76561199130234193,1080110,5058
76561199130234193,1124660,195
76561199130234193,1134570,11001
76561199130234193,1168660,152
76561199130234193,1172470,23
76561199130234193,1203220,2126
76561199130234193,1238810,513
76561199130234193,1238840,693
76561199130234193,1239260,216
76561199130234193,1259970,66457
76561199130234193,1271700,522
76561199130234193,1293830,947
76561199130234193,1301720,31
76561199130234193,1307090,1180
76561199130234193,1334000,194
76561199130234193,1334010,199
76561199130234193,1478220,583
76561199130234193,1522820,298
76561199130234193,1582170,93
76561199130234193,1665460,55697
76561199130234193,1692250,992
76561199130234193,1708520,642
76561199130234193,1818450,62
76561199130234193,2051620,8
76561199130234193,2073620,91
76561199130234193,2073850,122
76561199130234193,2074920,58
76561199130234193,2084050,61
76561199130234193,2098350,169
76561199130234193,2139460,467
76561199130234193,2242760,424
76561199130234193,2807960,43
76561199130234193,3064370,72
76561199130234193,3564740,160
76561199130234193,4465480,12
76561199731916506,220,2378
76561199731916506,320,116
76561199731916506,360,31
76561199731916506,550,144
76561199731916506,620,794
76561199731916506,730,2312
76561199731916506,4000,449
76561199731916506,217490,32
76561199731916506,219150,59
76561199731916506,223470,113
76561199731916506,223710,49
76561199731916506,242760,55
76561199731916506,286690,170
76561199731916506,304930,7
76561199731916506,376210,23225
76561199731916506,424840,359
76561199731916506,503560,21
76561199731916506,582500,94
76561199731916506,588430,17
76561199731916506,613100,10
76561199731916506,700330,63735
76561199731916506,738060,15
76561199731916506,792220,24
76561199731916506,843380,18
76561199731916506,920490,3867
76561199731916506,1053710,23
76561199731916506,1241100,264
76561199731916506,1625450,365
76561199731916506,1949740,13
76561199731916506,1961460,123
76561199731916506,1977530,125
76561199731916506,2134320,39
76561199731916506,2149010,6
76561199731916506,2281730,887
76561199731916506,2325290,96
76561199731916506,2422870,9
76561199731916506,2551020,133
76561199731916506,2709570,428
76561199731916506,2835570,50
76561199731916506,2835590,21
76561199731916506,3241660,1284
76561199731916506,3478870,138
76561199863834687,70,465
76561199863834687,620,1606
76561199863834687,35140,531
76561199863834687,286690,139
76561199863834687,304240,246
76561199863834687,307690,310
76561199863834687,339340,370
76561199863834687,362890,561
76561199863834687,379720,757
76561199863834687,552500,90
76561199863834687,622650,176
76561199863834687,632470,253
76561199863834687,750130,97
76561199863834687,809060,123
76561199863834687,883710,814
76561199863834687,952060,25
76561199863834687,993090,1
76561199863834687,1174180,4071
76561199863834687,1180660,1
76561199863834687,1309950,163
76561199863834687,1367590,645
76561199863834687,1590910,313
76561199863834687,1663850,605
76561199863834687,1794680,3197
76561199863834687,1857950,165
76561199863834687,1944430,284
76561199863834687,2062430,1895
76561199863834687,2183900,451
76561199863834687,2379780,29934
76561199863834687,2416450,940
76561199863834687,2767030,110
76561199863834687,2776410,50
76561199863834687,3017860,401
76561199863834687,3357650,2415
76561199863834687,3651950,10
76561199863834687,3764200,5522
76561199863834687,3974650,29
76561199863834687,4013980,33
76561199863834687,4023080,50
76561199863834687,4329470,39
76561199863834687,4343530,9
76561199863834687,4550910,46
76561198294701020,220,276
76561198294701020,400,192
76561198294701020,440,45298
76561198294701020,550,644
76561198294701020,620,357
76561198294701020,730,146951
76561198294701020,4000,3405
76561198294701020,8190,2086
76561198294701020,8870,635
76561198294701020,10180,557
76561198294701020,20920,1982
76561198294701020,33230,182
76561198294701020,34870,373
76561198294701020,48700,5775
76561198294701020,96100,251
76561198294701020,204450,535
76561198294701020,206420,265
76561198294701020,208650,1088
76561198294701020,220240,2619
76561198294701020,222880,1643
76561198294701020,225540,492
76561198294701020,234140,761
76561198294701020,236390,3365
76561198294701020,236850,2046
76561198294701020,239140,3083
76561198294701020,240720,149
76561198294701020,242700,27
76561198294701020,242760,3569
76561198294701020,251570,245
76561198294701020,252490,4107
76561198294701020,255710,6294
76561198294701020,257400,29
76561198294701020,261550,858
76561198294701020,263980,251
76561198294701020,265930,1699
76561198294701020,271590,14009
76561198294701020,274940,616
76561198294701020,281990,3729
76561198294701020,285900,405
76561198294701020,289070,237
76561198294701020,291550,309
76561198294701020,292030,5299
76561198294701020,293180,221
76561198294701020,294230,196
76561198294701020,301190,201
76561198294701020,302510,434
76561198294701020,303390,228
76561198294701020,304930,3932
76561198294701020,307690,1126
76561198294701020,313020,270
76561198294701020,313120,845
76561198294701020,319630,21
76561198294701020,320300,481
76561198294701020,323190,151
76561198294701020,326990,201
76561198294701020,332790,255
76561198294701020,334040,201
76561198294701020,335210,209
76561198294701020,338840,212
76561198294701020,339290,251
76561198294701020,343360,231
76561198294701020,346500,571
76561198294701020,348510,13
76561198294701020,349460,197
76561198294701020,351940,254
76561198294701020,355020,193
76561198294701020,357070,251
76561198294701020,357290,204
76561198294701020,362400,318
76561198294701020,362890,1
76561198294701020,363610,247
76561198294701020,364910,257
76561198294701020,365670,345
76561198294701020,366760,209
76561198294701020,368180,1
76561198294701020,377160,164
76561198294701020,378850,198
76561198294701020,380120,227
76561198294701020,380550,197
76561198294701020,380600,123
76561198294701020,383630,196
76561198294701020,385150,201
76561198294701020,389270,342
76561198294701020,391220,503
76561198294701020,391540,2563
76561198294701020,394360,102191
76561198294701020,394690,608
76561198294701020,397900,174
76561198294701020,397950,669
76561198294701020,398710,233
76561198294701020,399230,222
76561198294701020,401190,278
76561198294701020,408110,265
76561198294701020,412020,365
76561198294701020,414920,197
76561198294701020,415350,312
76561198294701020,417430,609
76561198294701020,418240,18
76561198294701020,420740,250
76561198294701020,424840,459
76561198294701020,427290,740
76561198294701020,429060,319
76561198294701020,430080,202
76561198294701020,431710,194
76561198294701020,431960,243
76561198294701020,432470,203
76561198294701020,433350,12
76561198294701020,434530,318
76561198294701020,438000,251
76561198294701020,438480,316
76561198294701020,439250,199
76561198294701020,440790,209
76561198294701020,442080,19
76561198294701020,444200,145
76561198294701020,446640,194
76561198294701020,447890,206
76561198294701020,448070,219
76561198294701020,448780,310
76561198294701020,449680,203
76561198294701020,453830,197
76561198294701020,460920,153
76561198294701020,460960,267
76561198294701020,461390,199
76561198294701020,462960,199
76561198294701020,463880,263
76561198294701020,463930,201
76561198294701020,466560,382
76561198294701020,467090,208
76561198294701020,469890,203
76561198294701020,474830,439
76561198294701020,475240,201
76561198294701020,477770,337
76561198294701020,482890,196
76561198294701020,485430,211
76561198294701020,485610,752
76561198294701020,485730,197
76561198294701020,485860,211
76561198294701020,485920,249
76561198294701020,485950,269
76561198294701020,486020,198
76561198294701020,487370,207
76561198294701020,487700,213
76561198294701020,488580,195
76561198294701020,489220,192
76561198294701020,493820,450
76561198294701020,498660,266
76561198294701020,502740,586
76561198294701020,503560,350
76561198294701020,503680,201
76561198294701020,503820,207
76561198294701020,503830,224
76561198294701020,503900,221
76561198294701020,508820,211
76561198294701020,508840,324
76561198294701020,508900,303
76561198294701020,512020,202
76561198294701020,518790,37
76561198294701020,521430,201
76561198294701020,522570,252
76561198294701020,523150,354
76561198294701020,524030,205
76561198294701020,526790,211
76561198294701020,527800,253
76561198294701020,530540,246
76561198294701020,530860,220
76561198294701020,533180,211
76561198294701020,535760,212
76561198294701020,536750,225
76561198294701020,538840,245
76561198294701020,539460,256
76561198294701020,539720,392
76561198294701020,540190,193
76561198294701020,540900,199
76561198294701020,542350,433
76561198294701020,542880,201
76561198294701020,544180,217
76561198294701020,547960,200
76561198294701020,548720,200
76561198294701020,550650,89
76561198294701020,550810,211
76561198294701020,551080,199
76561198294701020,551930,199
76561198294701020,552990,82
76561198294701020,553790,430
76561198294701020,555570,27
76561198294701020,557190,277
76561198294701020,557970,195
76561198294701020,562360,312
76561198294701020,562520,208
76561198294701020,562640,196
76561198294701020,564210,246
76561198294701020,568860,210
76561198294701020,569430,232
76561198294701020,569610,193
76561198294701020,571020,198
76561198294701020,571870,196
76561198294701020,574820,445
76561198294701020,575680,242
76561198294701020,575760,196
76561198294701020,575780,196
76561198294701020,575860,193
76561198294701020,576050,263
76561198294701020,576480,226
76561198294701020,576540,229
76561198294701020,578080,48
76561198294701020,578590,200
76561198294701020,579110,1
76561198294701020,581200,207
76561198294701020,582660,96
76561198294701020,584780,199
76561198294701020,584800,193
76561198294701020,585690,212
76561198294701020,586130,196
76561198294701020,586380,210
76561198294701020,590870,211
76561198294701020,594650,294
76561198294701020,594720,281
76561198294701020,595440,212
76561198294701020,596590,194
76561198294701020,597230,308
76561198294701020,601220,323
76561198294701020,605190,223
76561198294701020,610360,242
76561198294701020,610380,698
76561198294701020,613100,1229
76561198294701020,614460,221
76561198294701020,616560,12
76561198294701020,617670,334
76561198294701020,618140,223
76561198294701020,619400,199
76561198294701020,621150,198
76561198294701020,623580,234
76561198294701020,627950,209
76561198294701020,629820,182
76561198294701020,634340,242
76561198294701020,636150,326
76561198294701020,640590,78
76561198294701020,673800,320
76561198294701020,674750,242
76561198294701020,674940,1157
76561198294701020,680360,1
76561198294701020,683830,300
76561198294701020,687850,695
76561198294701020,699130,728
76561198294701020,703940,451
76561198294701020,704850,28
76561198294701020,714010,27
76561198294701020,714210,2243
76561198294701020,727020,1
76561198294701020,805940,271
76561198294701020,813820,15
76561198294701020,825310,258
76561198294701020,835950,2
76561198294701020,859570,643
76561198294701020,863550,1
76561198294701020,874400,206
76561198294701020,944220,257
76561198294701020,953490,68
76561198294701020,967250,200
76561198294701020,996470,15
76561198294701020,1043390,19
76561198294701020,1044450,477
76561198294701020,1070330,688
76561198294701020,1070580,287
76561198294701020,1076280,45
76561198294701020,1077410,208
76561198294701020,1078000,2
76561198294701020,1079310,203
76561198294701020,1085660,15
76561198294701020,1124660,325
76561198294701020,1128810,3642
76561198294701020,1136160,576
76561198294701020,1140440,395
76561198294701020,1151640,1985
76561198294701020,1157340,261
76561198294701020,1158940,480
76561198294701020,1174180,8640
76561198294701020,1178160,69
76561198294701020,1184160,246
76561198294701020,1190000,838
76561198294701020,1198730,413
76561198294701020,1218900,298
76561198294701020,1222670,2175
76561198294701020,1222680,363
76561198294701020,1238840,1512
76561198294701020,1260390,234
76561198294701020,1261040,74
76561198294701020,1262560,81
76561198294701020,1270930,211
76561198294701020,1291340,4
76561198294701020,1293230,303
76561198294701020,1312800,21
76561198294701020,1329600,256
76561198294701020,1334000,458
76561198294701020,1334590,217
76561198294701020,1349040,227
76561198294701020,1364960,267
76561198294701020,1395560,302
76561198294701020,1431610,8
76561198294701020,1566060,319
76561198294701020,1568590,10
76561198294701020,1593500,3376
76561198294701020,1599600,551
76561198294701020,1625450,351
76561198294701020,1665460,1007
76561198294701020,1715130,287
76561198294701020,1850740,107
76561198294701020,1972820,302
76561198294701020,1977530,58
76561198294701020,2060160,14
76561198294701020,2096600,207
76561198294701020,2096610,325
76561198294701020,2406770,119
76561198294701020,2551020,111
76561198294701020,2559270,373
76561198294701020,2752710,81
76561198294701020,3240220,1085
76561198294701020,3527290,1793
76561198294701020,3716600,52
76561198294701020,4704690,54
76561198978278981,240,5
76561198978278981,400,179
76561198978278981,620,507
76561198978278981,730,9651
76561198978278981,4000,122
76561198978278981,218620,1152
76561198978278981,230410,48445
76561198978278981,271590,1665
76561198978278981,291550,47695
76561198978278981,346900,1241
76561198978278981,349040,599
76561198978278981,359550,1276
76561198978278981,431960,1607
76561198978278981,438100,65
76561198978278981,444090,48
76561198978278981,454650,2900
76561198978278981,470220,596
76561198978278981,477160,16
76561198978278981,550650,21
76561198978278981,621060,1193
76561198978278981,633230,1505
76561198978278981,674940,857
76561198978278981,677620,1354
76561198978278981,700330,8
76561198978278981,705210,42
76561198978278981,714010,127
76561198978278981,735570,390
76561198978278981,743900,1459
76561198978278981,793460,17
76561198978278981,893520,421
76561198978278981,976310,1259
76561198978278981,1049590,11
76561198978278981,1065310,38
76561198978278981,1085660,207
76561198978278981,1089980,433
76561198978278981,1128810,12
76561198978278981,1172470,2539
76561198978278981,1201240,4140
76561198978278981,1203220,27
76561198978278981,1222140,293
76561198978278981,1222700,238
76561198978278981,1282270,12700
76561198978278981,1364390,45
76561198978278981,1408720,1706
76561198978278981,1426210,312
76561198978278981,1482620,9
76561198978278981,1510460,27
76561198978278981,1590320,17
76561198978278981,1621690,802
76561198978278981,1625450,2513
76561198978278981,1659040,31
76561198978278981,1689620,742
76561198978278981,1781160,17
76561198978278981,1782210,2399
76561198978278981,1818750,267
76561198978278981,1928420,74
76561198978278981,1938090,2999
76561198978278981,1961460,47
76561198978278981,1971870,1030
76561198978278981,1977530,68
76561198978278981,2000950,21
76561198978278981,2012840,119
76561198978278981,2084050,9
76561198978278981,2138720,1868
76561198978278981,2281730,720
76561198978278981,2373990,807
76561198978278981,2420110,2850
76561198978278981,2551020,1572
76561198978278981,2709570,1741
76561198978278981,2881650,30
76561198978278981,3513350,1675
76561198978278981,3564740,95
76561198978278981,3764200,151
76561198978278981,3950020,39
76561198111573586,70,11
76561198111573586,550,1635
76561198111573586,620,204
76561198111573586,730,73
76561198111573586,6370,38
76561198111573586,8190,217
76561198111573586,25000,582
76561198111573586,25010,53
76561198111573586,98400,319
76561198111573586,108200,23
76561198111573586,109600,426
76561198111573586,218230,137
76561198111573586,224920,133
76561198111573586,235620,115
76561198111573586,242760,996
76561198111573586,242960,178
76561198111573586,245170,58
76561198111573586,248570,16
76561198111573586,261110,302
76561198111573586,265930,64
76561198111573586,282440,77
76561198111573586,289070,2147
76561198111573586,291550,595
76561198111573586,304930,19
76561198111573586,308420,247
76561198111573586,317400,966
76561198111573586,331670,47
76561198111573586,357190,691
76561198111573586,362890,1350
76561198111573586,365670,2576
76561198111573586,376680,20
76561198111573586,384180,11
76561198111573586,386360,68
76561198111573586,389730,2062
76561198111573586,397460,43
76561198111573586,408900,9
76561198111573586,411370,291
76561198111573586,414700,408
76561198111573586,427730,80
76561198111573586,434170,108
76561198111573586,442070,37
76561198111573586,444090,25
76561198111573586,471710,59
76561198111573586,489630,376
76561198111573586,520440,484
76561198111573586,610180,1773
76561198111573586,611500,48
76561198111573586,673130,1418
76561198111573586,677620,313
76561198111573586,739630,89
76561198111573586,760160,10
76561198111573586,774461,60
76561198111573586,843380,41
76561198111573586,868270,146
76561198111573586,889910,654
76561198111573586,955050,69
76561198111573586,960910,233
76561198111573586,961200,4165
76561198111573586,1005300,388
76561198111573586,1075190,9
76561198111573586,1097150,652
76561198111573586,1128810,97
76561198111573586,1172470,1129
76561198111573586,1245430,478
76561198111573586,1286830,137
76561198111573586,1291170,453
76561198111573586,1309950,328
76561198111573586,1364780,15672
76561198111573586,1372280,120
76561198111573586,1388770,40
76561198111573586,1406780,29
76561198111573586,1414850,2642
76561198111573586,1417930,1079
76561198111573586,1422450,2351
76561198111573586,1435970,17
76561198111573586,1449850,3522
76561198111573586,1552350,59
76561198111573586,1676840,366
76561198111573586,1681430,141
76561198111573586,1757610,26
76561198111573586,1778820,12032
76561198111573586,1799370,47
76561198111573586,1818750,2236
76561198111573586,1924490,289
76561198111573586,1928420,50
76561198111573586,1966720,1043
76561198111573586,1971870,11648
76561198111573586,2073850,915
76561198111573586,2075730,97
76561198111573586,2087030,21
76561198111573586,2281730,21
76561198111573586,2357570,2439
76561198111573586,2365810,1009
76561198111573586,2386720,57
76561198111573586,2398450,147
76561198111573586,2437170,137
76561198111573586,2492040,655
76561198111573586,2669490,46
76561198111573586,2709570,133
76561198111573586,2767030,12321
76561198111573586,2768430,59
76561198111573586,2794590,24
76561198111573586,2807960,29
76561198111573586,2918300,385
76561198111573586,2956680,140
76561198111573586,2985610,83
76561198111573586,3112260,428
76561198111573586,3121110,86
76561198111573586,3167280,10
76561198111573586,3241660,879
76561198111573586,3354750,7892
76561198111573586,3527290,1348
76561198111573586,3675940,1032
76561198111573586,3834090,142
76561198111573586,4704690,838
76561198735263241,220,1910
76561198735263241,240,35
76561198735263241,320,1
76561198735263241,360,1
76561198735263241,550,3613
76561198735263241,620,530
76561198735263241,4000,4670
76561198735263241,105600,157
76561198735263241,214340,22
76561198735263241,223470,699
76561198735263241,246620,173
76561198735263241,255710,19
76561198735263241,259810,2
76561198735263241,304930,47
76561198735263241,332950,754
76561198735263241,337320,1119
76561198735263241,367520,321
76561198735263241,381210,111
76561198735263241,383980,617
76561198735263241,438100,50
76561198735263241,553640,201
76561198735263241,668630,205
76561198735263241,674940,351
76561198735263241,736190,264
76561198735263241,774171,159
76561198735263241,788770,35
76561198735263241,1030300,43
76561198735263241,1372110,31
76561198735263241,1433340,11
76561198735263241,1568590,13
76561198735263241,1961460,99
76561198735263241,1966720,1
76561198735263241,2273430,956
76561198735263241,2416450,1517
76561198735263241,2429860,50
76561198735263241,2507950,20
76561198735263241,3194070,98
76561198735263241,3240220,83
76561198735263241,3339420,221
76561198735263241,3557620,22
76561198735263241,3772330,57
76561198735263241,4240090,22
76561199183820667,400,304
76561199183820667,440,3003
76561199183820667,620,833
76561199183820667,730,70
76561199183820667,3480,47
76561199183820667,3590,950
76561199183820667,11020,237
76561199183820667,230290,347
76561199183820667,264710,1839
76561199183820667,322170,3591
76561199183820667,332570,229
76561199183820667,367450,120
76561199183820667,391540,702
76561199183820667,397950,51
76561199183820667,415170,225
76561199183820667,433340,653
76561199183820667,525620,63
76561199183820667,526870,2962
76561199183820667,547050,25
76561199183820667,550010,612
76561199183820667,589590,128
76561199183820667,632360,88
76561199183820667,648800,359
76561199183820667,703080,10
76561199183820667,837470,507
76561199183820667,848450,365
76561199183820667,945360,8450
76561199183820667,960090,343
76561199183820667,977950,224
76561199183820667,1049410,251
76561199183820667,1062160,53
76561199183820667,1067850,77
76561199183820667,1086940,488
76561199183820667,1089980,194
76561199183820667,1106840,1741
76561199183820667,1167630,118
76561199183820667,1206560,255
76561199183820667,1240210,286
76561199183820667,1241700,20
76561199183820667,1284190,3265
76561199183820667,1297210,51
76561199183820667,1332010,433
76561199183820667,1366800,389
76561199183820667,1382070,195
76561199183820667,1424330,97
76561199183820667,1454400,251
76561199183820667,1468260,204
76561199183820667,1521580,218
76561199183820667,1533390,889
76561199183820667,1559680,1
76561199183820667,1592190,1298
76561199183820667,1624540,119
76561199183820667,1625450,15
76561199183820667,1637320,782
76561199183820667,1657630,561
76561199183820667,1659040,2540
76561199183820667,1677740,168
76561199183820667,1703340,21
76561199183820667,1817070,2046
76561199183820667,1817190,804
76561199183820667,1850160,133
76561199183820667,1962700,1823
76561199183820667,1988550,1065
76561199183820667,2012840,29
76561199183820667,2021910,700
76561199183820667,2096510,827
76561199183820667,2225070,456
76561199183820667,2232840,32
76561199183820667,2294130,111
76561199183820667,2373990,1743
76561199183820667,2379780,30
76561199183820667,2488370,478
76561199183820667,2651280,786
76561199183820667,2695570,92
76561199183820667,2767030,148
76561199183820667,3244220,108
76561199183820667,3612640,105
76561199183820667,3629780,10
76561199183820667,3636440,256
76561199183820667,3672720,139
76561199183820667,3694480,17
76561199183820667,3834090,102
76561199183820667,3948120,85
76561199183820667,4020490,21
76561199183820667,4335460,32
76561199183820667,4704690,58
76561199814229495,620,219
76561199814229495,105600,277
76561199814229495,1118200,4258
76561199814229495,1278060,12
76561199814229495,1281930,192
76561199814229495,1320610,44
76561199814229495,1419170,125
76561199814229495,1671210,1914
76561199814229495,1677740,20
76561199814229495,1686940,175
76561199814229495,2212330,1910
76561199814229495,2239140,289
76561199814229495,2709570,21
76561199814229495,2923300,9
76561199814229495,3103840,140
76561199814229495,3241660,1050
76561199814229495,3300410,157
76561199814229495,3354750,1833
76561199068622591,10,40
76561199068622591,70,431
76561199068622591,130,1
76561199068622591,220,746
76561199068622591,240,2489
76561199068622591,280,26
76561199068622591,300,1144
76561199068622591,400,825
76561199068622591,440,2021
76561199068622591,500,85
76561199068622591,550,13033
76561199068622591,620,477
76561199068622591,730,32317
76561199068622591,4000,11
76561199068622591,10090,1442
76561199068622591,22380,1595
76561199068622591,42700,718
76561199068622591,42710,83
76561199068622591,48000,44
76561199068622591,49520,184
76561199068622591,107410,313
76561199068622591,108600,2001
76561199068622591,202970,26
76561199068622591,202990,61
76561199068622591,212910,368
76561199068622591,219150,94
76561199068622591,221100,1816
76561199068622591,223470,88
76561199068622591,232090,525
76561199068622591,238320,84
76561199068622591,239140,2261
76561199068622591,247430,101
76561199068622591,252490,3464
76561199068622591,264710,54
76561199068622591,271590,637
76561199068622591,274170,25
76561199068622591,274520,69
76561199068622591,282070,82
76561199068622591,284160,1499
76561199068622591,305620,75
76561199068622591,312520,213
76561199068622591,323190,26
76561199068622591,362890,247
76561199068622591,377160,359
76561199068622591,379720,182
76561199068622591,381210,42
76561199068622591,383150,57
76561199068622591,414700,71
76561199068622591,433340,54
76561199068622591,434730,161
76561199068622591,450540,2827
76561199068622591,480490,85
76561199068622591,546560,1494
76561199068622591,548430,17
76561199068622591,553420,9
76561199068622591,553850,1008
76561199068622591,567380,164
76561199068622591,572890,18
76561199068622591,578080,23060
76561199068622591,581320,14666
76561199068622591,597220,58
76561199068622591,611660,26
76561199068622591,671860,126
76561199068622591,674940,6
76561199068622591,700330,383
76561199068622591,739630,1936
76561199068622591,751630,117
76561199068622591,782330,3
76561199068622591,843380,1508
76561199068622591,861650,1001
76561199068622591,914260,207
76561199068622591,962130,21
76561199068622591,976730,485
76561199068622591,1049410,131
76561199068622591,1085660,4752
76561199068622591,1144200,4623
76561199068622591,1164940,1868
76561199068622591,1172470,5763
76561199068622591,1172620,250
76561199068622591,1179080,89
76561199068622591,1237970,338
76561199068622591,1238810,930
76561199068622591,1238840,804
76561199068622591,1238860,2439
76561199068622591,1245430,163
76561199068622591,1245620,472
76561199068622591,1285670,87
76561199068622591,1316680,217
76561199068622591,1326470,1743
76561199068622591,1486630,84
76561199068622591,1492070,1010
76561199068622591,1520380,55
76561199068622591,1608640,491
76561199068622591,1693980,506
76561199068622591,1785150,758
76561199068622591,1874880,887
76561199068622591,1938090,10490
76561199068622591,1944430,78
76561199068622591,1966720,1246
76561199068622591,2073850,1131
76561199068622591,2406770,554
76561199068622591,2437570,23
76561199068622591,2726450,19
76561199068622591,2835570,38
76561199068622591,3008130,1520
76561199068622591,3146520,909
76561199068622591,3164500,136
76561199068622591,3167020,29
76561198351063966,10,3130
76561198351063966,70,4130
76561198351063966,80,995
76561198351063966,100,5217
76561198351063966,220,2895
76561198351063966,320,589
76561198351063966,400,868
76561198351063966,550,159
76561198351063966,570,141914
76561198351063966,620,564
76561198351063966,730,87665
76561198351063966,4000,16766
76561198351063966,219150,898
76561198351063966,219990,1145
76561198351063966,221100,868
76561198351063966,224260,111
76561198351063966,225840,5687
76561198351063966,230290,4270
76561198351063966,238960,2445
76561198351063966,242760,167
76561198351063966,273110,37167
76561198351063966,274170,462
76561198351063966,275850,11007
76561198351063966,284160,2878
76561198351063966,286690,620
76561198351063966,287390,849
76561198351063966,292030,17
76561198351063966,298110,702
76561198351063966,304930,358
76561198351063966,317400,1059
76561198351063966,331470,11019
76561198351063966,349040,27
76561198351063966,356670,343
76561198351063966,362890,1128
76561198351063966,374320,2981
76561198351063966,377160,8632
76561198351063966,379720,52
76561198351063966,381210,10850
76561198351063966,386180,403
76561198351063966,412020,712
76561198351063966,431960,5067
76561198351063966,440900,5026
76561198351063966,444090,264
76561198351063966,444200,126
76561198351063966,526870,7111
76561198351063966,552520,4875
76561198351063966,582660,207
76561198351063966,640590,189
76561198351063966,728740,218
76561198351063966,739630,2475
76561198351063966,747660,3027
76561198351063966,768200,353
76561198351063966,782330,1763
76561198351063966,871720,27
76561198351063966,883710,4148
76561198351063966,939960,1873
76561198351063966,945360,144
76561198351063966,952060,704
76561198351063966,962130,4266
76561198351063966,1086940,10219
76561198351063966,1091500,317
76561198351063966,1149460,2374
76561198351063966,1150530,153
76561198351063966,1159690,1289
76561198351063966,1172710,3942
76561198351063966,1174180,51
76561198351063966,1203620,6464
76561198351063966,1222690,343
76561198351063966,1222700,32
76561198351063966,1377380,770
76561198351063966,1449560,10
76561198351063966,1564600,4073
76561198351063966,1601330,535
76561198351063966,1604030,1637
76561198351063966,1623730,6019
76561198351063966,1631270,386
76561198351063966,1641960,282
76561198351063966,1643320,7795
76561198351063966,1659040,24
76561198351063966,1677110,297
76561198351063966,1693980,451
76561198351063966,1702010,1909
76561198351063966,1782210,68
76561198351063966,1812450,675
76561198351063966,1898290,320
76561198351063966,1898300,3416
76561198351063966,1928980,215
76561198351063966,1943950,1068
76561198351063966,1962700,1237
76561198351063966,1963370,3390
76561198351063966,2050650,451
76561198351063966,2080690,2741
76561198351063966,2138710,1341
76561198351063966,2139460,21375
76561198351063966,2191500,879
76561198351063966,2200780,1364
76561198351063966,2201940,2490
76561198351063966,2271930,309
76561198351063966,2408820,1189
76561198351063966,2429640,158
76561198351063966,2646460,627
76561198351063966,2683150,643
76561198351063966,2686630,574
76561198351063966,2879840,287
76561198351063966,2881650,26
76561198351063966,2923300,40
76561198351063966,3041230,578
76561198351063966,3919360,506
76561198351063966,4704690,207
76561198784632981,620,289
76561198784632981,4000,441
76561198784632981,105600,24
76561198784632981,322330,1813
76561198784632981,1063660,142
76561198784632981,2835570,71
76561198784632981,3889960,89
76561199823480966,400,205
76561199823480966,620,481
76561199823480966,730,10051
76561199823480966,236390,874
76561199823480966,304930,61
76561199823480966,1818450,301
76561199823480966,2709570,262
76561199823480966,2920270,7
76561199823480966,3241660,10105
76561199823480966,4465480,559
76561198722776476,400,413
76561198722776476,620,768
76561198722776476,322170,5045
76561198722776476,657630,1
76561198722776476,2726490,206
76561198722776476,4704690,521
76561199588540862,70,639
76561199588540862,220,158
76561199588540862,400,520
76561199588540862,620,4702
76561199588540862,4000,322
76561199588540862,9880,610
76561199588540862,265930,53
76561199588540862,280740,481
76561199588540862,284160,12
76561199588540862,286080,68
76561199588540862,317400,135
76561199588540862,319510,121
76561199588540862,322170,2792
76561199588540862,397950,769
76561199588540862,450390,53
76561199588540862,546560,163
76561199588540862,548430,80
76561199588540862,553850,22
76561199588540862,594650,17
76561199588540862,601360,1082
76561199588540862,726910,22
76561199588540862,837470,129
76561199588540862,850190,347
76561199588540862,868020,22
76561199588540862,1337520,34
76561199588540862,1533390,400
76561199588540862,1703340,537
76561199588540862,1902490,118
76561199588540862,1966720,262
76561199588540862,1999360,225
76561199588540862,2012840,391
76561199588540862,2075070,199
76561199588540862,2296380,62
76561199588540862,2687400,85
76561199641760688,220,13
76561199641760688,440,105
76561199641760688,550,293
76561199641760688,620,349
76561199641760688,730,11514
76561199641760688,4000,7190
76561199641760688,17520,19
76561199641760688,227300,2032
76561199641760688,244210,118
76561199641760688,286690,15
76561199641760688,291550,95
76561199641760688,493490,136
76561199641760688,613100,1
76561199641760688,632810,5931
76561199641760688,635850,1
76561199641760688,1190000,284
76561199641760688,1222140,1254
76561199641760688,1585850,28
76561199641760688,1634080,1
76561199641760688,1782210,81
76561199641760688,1836120,1
76561199641760688,1966720,543
76561199641760688,2752710,54
76561199641760688,2835590,1
76561199641760688,2881650,137
76561199641760688,3002090,46
76561199641760688,3205720,60
76561199641760688,3400930,31
76561199641760688,3527290,43
76561199841741820,550,102
76561199841741820,620,391
76561199841741820,730,1956
76561199841741820,7520,1040
76561199841741820,242760,448
76561199841741820,252490,9651
76561199841741820,322170,2891
76561199841741820,357070,250
76561199841741820,415420,59
76561199841741820,431960,374
76561199841741820,444940,278
76561199841741820,515570,243
76561199841741820,578080,895
76561199841741820,586350,1036
76561199841741820,629520,905
76561199841741820,640380,1043
76561199841741820,645630,64
76561199841741820,747660,1292
76561199841741820,1004750,20
76561199841741820,1167630,1323
76561199841741820,1200580,1
76561199841741820,1243220,77
76561199841741820,1721470,69
76561199841741820,2141730,379
76561199841741820,2709570,238
76561199841741820,3241660,72
76561199841741820,3527290,272
76561198846653510,70,156
76561198846653510,400,661
76561198846653510,620,992
76561198846653510,730,59
76561198846653510,1630,20
76561198846653510,1640,30
76561198846653510,1930,71
76561198846653510,2320,240
76561198846653510,12320,4703
76561198846653510,15170,457
76561198846653510,21090,50
76561198846653510,21100,47
76561198846653510,22490,2099
76561198846653510,25980,11
76561198846653510,40990,1
76561198846653510,41000,6
76561198846653510,49520,48
76561198846653510,105600,29943
76561198846653510,200210,47
76561198846653510,200710,129
76561198846653510,212070,14
76561198846653510,217490,4547
76561198846653510,218510,193
76561198846653510,225640,25
76561198846653510,238960,27369
76561198846653510,247950,12
76561198846653510,248390,151983
76561198846653510,249650,414
76561198846653510,255300,296
76561198846653510,261430,32
76561198846653510,265330,353
76561198846653510,269210,2805
76561198846653510,275850,13690
76561198846653510,281450,4
76561198846653510,281750,335
76561198846653510,285160,24
76561198846653510,314810,194
76561198846653510,314830,414
76561198846653510,322330,1482
76561198846653510,323720,354
76561198846653510,327220,434
76561198846653510,339190,552
76561198846653510,341310,571
76561198846653510,349460,335
76561198846653510,351860,594
76561198846653510,357070,120
76561198846653510,363600,792
76561198846653510,363970,790
76561198846653510,378760,25
76561198846653510,383150,224
76561198846653510,383180,15
76561198846653510,385770,46
76561198846653510,390290,1
76561198846653510,393530,10451
76561198846653510,396160,193
76561198846653510,399790,123
76561198846653510,407230,281
76561198846653510,420060,626
76561198846653510,421650,18
76561198846653510,429540,13
76561198846653510,438820,279
76561198846653510,442070,3
76561198846653510,444940,119
76561198846653510,457140,40
76561198846653510,461950,196
76561198846653510,467090,399
76561198846653510,477160,294
76561198846653510,482920,8
76561198846653510,489830,2794
76561198846653510,490910,317
76561198846653510,493540,9
76561198846653510,500150,9
76561198846653510,515570,235
76561198846653510,525300,389
76561198846653510,527710,132
76561198846653510,548280,395
76561198846653510,552990,2079
76561198846653510,553790,516
76561198846653510,564210,391
76561198846653510,566440,12
76561198846653510,567780,148
76561198846653510,586350,236
76561198846653510,588430,1023
76561198846653510,602320,452
76561198846653510,624690,517
76561198846653510,627410,587
76561198846653510,640380,235
76561198846653510,669950,290
76561198846653510,671510,231
76561198846653510,672860,455
76561198846653510,700600,195
76561198846653510,719730,18
76561198846653510,726360,214
76561198846653510,761030,807
76561198846653510,761890,64
76561198846653510,769920,186
76561198846653510,894060,1258
76561198846653510,898450,86
76561198846653510,928840,3
76561198846653510,979060,35
76561198846653510,979070,616
76561198846653510,990250,31
76561198846653510,1021770,513
76561198846653510,1029980,85
76561198846653510,1035930,598
76561198846653510,1048370,22
76561198846653510,1079310,625
76561198846653510,1088850,1
76561198846653510,1116170,858
76561198846653510,1132030,6
76561198846653510,1145360,14
76561198846653510,1148590,10
76561198846653510,1149460,5776
76561198846653510,1169040,281
76561198846653510,1170970,25
76561198846653510,1181000,48
76561198846653510,1259380,32
76561198846653510,1281800,68
76561198846653510,1281930,1934
76561198846653510,1288610,147
76561198846653510,1299120,305
76561198846653510,1312990,407
76561198846653510,1332010,2
76561198846653510,1332470,8
76561198846653510,1349540,66
76561198846653510,1407200,35499
76561198846653510,1419170,360
76561198846653510,1468260,43
76561198846653510,1476970,326
76561198846653510,1515950,149
76561198846653510,1612810,66
76561198846653510,1621690,2287
76561198846653510,1644940,286
76561198846653510,1731270,10
76561198846653510,1974050,1115
76561198846653510,1990740,1
76561198846653510,2078450,14
76561198846653510,2083040,9
76561198846653510,2103620,199
76561198846653510,2139460,22378
76561198846653510,2141910,21
76561198846653510,2166060,400
76561198846653510,2181930,625
76561198846653510,2270750,387
76561198846653510,2302990,12
76561198846653510,2313250,42
76561198846653510,2333480,2879
76561198846653510,2344520,29263
76561198846653510,2349820,31
76561198846653510,2366980,284
76561198846653510,2368470,106
76561198846653510,2426960,4472
76561198846653510,2430830,55
76561198846653510,2471100,18
76561198846653510,2479830,216
76561198846653510,2499420,396
76561198846653510,2622740,28
76561198846653510,2623090,1
76561198846653510,2667970,9
76561198846653510,2687190,23
76561198846653510,2743080,14
76561198846653510,2763740,89
76561198846653510,2776810,11
76561198846653510,2901140,60
76561198846653510,2907010,29
76561198846653510,2923300,24829
76561198846653510,2976910,292
76561198846653510,2977660,12713
76561198846653510,2994430,8
76561198846653510,3017120,1242
76561198846653510,3021620,1143
76561198846653510,3077660,25
76561198846653510,3119520,17
76561198846653510,3127280,27
76561198846653510,3228590,104
76561198846653510,3298520,58
76561198846653510,3343590,87
76561198846653510,3419430,37366
76561198846653510,3511020,688
76561198846653510,3678970,5753
76561198846653510,3689520,35
76561198846653510,3806460,111
76561198846653510,3823970,33
76561198846653510,3882730,19
76561198846653510,4172560,196
76561198846653510,4450020,111
76561198992448737,220,11
76561198992448737,400,367
76561198992448737,620,432
76561198992448737,3830,10
76561198992448737,4700,17
76561198992448737,8870,219
76561198992448737,8930,56
76561198992448737,49520,429
76561198992448737,105600,26
76561198992448737,203160,35
76561198992448737,206440,31
76561198992448737,208750,113
76561198992448737,234270,7
76561198992448737,236090,625
76561198992448737,237990,45
76561198992448737,257510,51
76561198992448737,274190,22
76561198992448737,281640,2
76561198992448737,282070,12
76561198992448737,283640,72
76561198992448737,292910,3
76561198992448737,297130,10
76561198992448737,307690,24
76561198992448737,319630,2183
76561198992448737,323190,35
76561198992448737,327410,114
76561198992448737,330020,51
76561198992448737,331870,377
76561198992448737,337340,531
76561198992448737,345180,5
76561198992448737,362890,21
76561198992448737,367500,50
76561198992448737,367520,3028
76561198992448737,368340,314
76561198992448737,373420,5
76561198992448737,383870,119
76561198992448737,391220,84
76561198992448737,391540,24
76561198992448737,398850,533
76561198992448737,409710,7
76561198992448737,409720,12
76561198992448737,413150,73
76561198992448737,435120,1
76561198992448737,435150,205
76561198992448737,437630,185
76561198992448737,440540,20
76561198992448737,445980,595
76561198992448737,460950,1121
76561198992448737,462770,74
76561198992448737,474960,758
76561198992448737,485460,6
76561198992448737,491950,551
76561198992448737,512900,9
76561198992448737,532210,2110
76561198992448737,554620,191
76561198992448737,559210,120
76561198992448737,560130,50
76561198992448737,570770,21
76561198992448737,570780,82
76561198992448737,571310,9
76561198992448737,582010,253
76561198992448737,588650,307
76561198992448737,601150,772
76561198992448737,612390,65
76561198992448737,680360,6
76561198992448737,683320,993
76561198992448737,692850,16
76561198992448737,774361,2597
76561198992448737,787480,16
76561198992448737,845070,68
76561198992448737,860950,14
76561198992448737,874260,4
76561198992448737,972660,72
76561198992448737,994280,2888
76561198992448737,1086940,16734
76561198992448737,1205520,3
76561198992448737,1771300,13832
76561198992448737,1886830,227
76561198992448737,1903340,1433
76561198992448737,1931770,159
76561198992448737,2057760,399
76561198992448737,2415010,34
76561199200882691,10,2
76561199200882691,20,3
76561199200882691,70,99
76561199200882691,80,36
76561199200882691,220,380
76561199200882691,240,51
76561199200882691,400,262
76561199200882691,500,459
76561199200882691,550,923
76561199200882691,620,2690
76561199200882691,730,764
76561199200882691,4000,4123
76561199200882691,32440,299
76561199200882691,32510,1
76561199200882691,201790,40
76561199200882691,207610,602
76561199200882691,213670,510
76561199200882691,223710,24
76561199200882691,242760,1470
76561199200882691,261030,211
76561199200882691,285160,130
76561199200882691,291550,112
76561199200882691,304930,92
76561199200882691,317400,21
76561199200882691,332950,45
76561199200882691,356670,87
76561199200882691,380600,149
76561199200882691,383270,77
76561199200882691,386940,237
76561199200882691,397900,30
76561199200882691,398710,13
76561199200882691,427920,343
76561199200882691,431240,117
76561199200882691,431960,180
76561199200882691,433340,1409
76561199200882691,438100,211
76561199200882691,446750,14
76561199200882691,447270,13
76561199200882691,471710,383
76561199200882691,582500,64
76561199200882691,601360,235
76561199200882691,641990,156
76561199200882691,700330,179
76561199200882691,714010,32
76561199200882691,738060,162
76561199200882691,823130,67
76561199200882691,843380,21
76561199200882691,871720,498
76561199200882691,982720,2
76561199200882691,992490,13
76561199200882691,1092700,19
76561199200882691,1092710,8
76561199200882691,1096710,51
76561199200882691,1222670,302
76561199200882691,1276390,7
76561199200882691,1293230,12
76561199200882691,1396240,149
76561199200882691,1408720,16
76561199200882691,1469280,155
76561199200882691,1486350,22
76561199200882691,1533390,8
76561199200882691,1590320,48
76561199200882691,1661260,75
76561199200882691,1677740,159
76561199200882691,1712830,13
76561199200882691,1715730,5
76561199200882691,1721470,117
76561199200882691,1749630,8
76561199200882691,1782210,8
76561199200882691,1818750,359
76561199200882691,1902490,28
76561199200882691,1922560,168
76561199200882691,1938090,59
76561199200882691,1977530,133
76561199200882691,2003310,579
76561199200882691,2084050,25
76561199200882691,2551020,146
76561199200882691,2709570,169
76561199200882691,3241660,2570
76561198057419230,400,460
76561198057419230,620,3961
76561198057419230,4000,206
76561198057419230,8930,667
76561198057419230,12900,213
76561198057419230,17460,81
76561198057419230,34270,73
76561198057419230,40800,10
76561198057419230,42650,84
76561198057419230,47890,917
76561198057419230,49470,170
76561198057419230,71340,634
76561198057419230,72850,4170
76561198057419230,97330,279
76561198057419230,99900,80
76561198057419230,105600,957
76561198057419230,107100,9
76561198057419230,200940,170
76561198057419230,202530,4
76561198057419230,203650,122
76561198057419230,211820,57
76561198057419230,213610,58
76561198057419230,219990,38
76561198057419230,221640,63
76561198057419230,221910,212
76561198057419230,232790,237
76561198057419230,235800,346
76561198057419230,238460,252
76561198057419230,239820,315
76561198057419230,250320,573
76561198057419230,263980,14
76561198057419230,264710,806
76561198057419230,286160,41
76561198057419230,304930,7
76561198057419230,317400,10
76561198057419230,319510,1
76561198057419230,322170,10
76561198057419230,330820,27
76561198057419230,345370,59
76561198057419230,363890,1
76561198057419230,386360,1018
76561198057419230,391540,23
76561198057419230,413150,1093
76561198057419230,413410,94
76561198057419230,431960,32
76561198057419230,438100,799
76561198057419230,454650,9
76561198057419230,546560,1
76561198057419230,562810,116
76561198057419230,590380,36
76561198057419230,601510,35
76561198057419230,632360,616
76561198057419230,654880,145
76561198057419230,740250,34
76561198057419230,744060,31
76561198057419230,824270,2
76561198057419230,945360,799
76561198057419230,1058830,133
76561198057419230,1085660,7
76561198057419230,1097150,1027
76561198057419230,1151340,62
76561198057419230,1172470,61
76561198057419230,1222670,1153
76561198057419230,1240440,51
76561198057419230,1244460,8
76561198057419230,1259790,57
76561198057419230,1325860,1217
76561198057419230,1401590,780
76561198057419230,1422450,20
76561198057419230,1443200,97
76561198057419230,1449850,358
76561198057419230,1672970,544
76561198057419230,1761390,50
76561198057419230,1918030,15
76561198057419230,2073250,478
76561198057419230,2141910,38
76561198057419230,2246340,106
76561198057419230,2379780,110
76561198057419230,2670630,557
76561198057419230,2767030,19
76561198057419230,2951690,18
76561198057419230,2968420,352
76561198057419230,3045200,165
76561198057419230,3241660,53
76561198057419230,3527290,467
76561198057419230,3784030,775
76561198057419230,4704690,169
76561199049771754,70,559
76561199049771754,400,149
76561199049771754,500,182
76561199049771754,550,473
76561199049771754,620,389
76561199049771754,730,160
76561199049771754,4000,127
76561199049771754,40800,40
76561199049771754,105600,5535
76561199049771754,108600,274
76561199049771754,200900,117
76561199049771754,207490,132
76561199049771754,225540,1013
76561199049771754,238370,152
76561199049771754,239140,5193
76561199049771754,239160,414
76561199049771754,242760,585
76561199049771754,243470,950
76561199049771754,247080,33
76561199049771754,250900,36
76561199049771754,275850,1434
76561199049771754,288160,207
76561199049771754,291550,33
76561199049771754,297130,115
76561199049771754,305620,166
76561199049771754,307690,720
76561199049771754,311690,60
76561199049771754,312520,6341
76561199049771754,323470,127
76561199049771754,371970,284
76561199049771754,379430,513
76561199049771754,385380,57
76561199049771754,389170,645
76561199049771754,391540,35
76561199049771754,423230,318
76561199049771754,425580,205
76561199049771754,434050,19
76561199049771754,447040,2891
76561199049771754,504230,461
76561199049771754,517630,846
76561199049771754,557340,278
76561199049771754,585420,1081
76561199049771754,597170,494
76561199049771754,625960,1173
76561199049771754,751780,531
76561199049771754,792120,23
76561199049771754,792710,13
76561199049771754,858710,604
76561199049771754,870780,596
76561199049771754,881100,117
76561199049771754,894020,110
76561199049771754,993090,467
76561199049771754,1030300,4303
76561199049771754,1055540,147
76561199049771754,1091500,2681
76561199049771754,1164940,123
76561199049771754,1169040,277
76561199049771754,1174180,5218
76561199049771754,1229490,1668
76561199049771754,1229580,79
76561199049771754,1281930,883
76561199049771754,1285670,53
76561199049771754,1300100,86
76561199049771754,1388770,20
76561199049771754,1446780,95
76561199049771754,1634080,176
76561199049771754,1846380,1557
76561199049771754,1850570,1667
76561199049771754,2016590,441
76561199049771754,2082470,19
76561199049771754,2138710,676
76561199049771754,2225070,77
76561199049771754,2231380,23
76561199049771754,2608270,370
76561199049771754,2698940,634
76561199049771754,2918150,532
76561199049771754,3008200,48
76561199049771754,3195790,2594
76561199049771754,3218540,25
76561199049771754,3240220,29737
76561199049771754,3241660,311
76561199049771754,3370870,247
76561199049771754,3419430,1409
76561199049771754,3527290,507
76561199049771754,4450800,187
76561199049771754,4576510,61
76561197970087759,10,546
76561197970087759,20,1729
76561197970087759,30,2129
76561197970087759,40,42
76561197970087759,50,220
76561197970087759,60,30
76561197970087759,70,2661
76561197970087759,80,17
76561197970087759,100,137
76561197970087759,220,2669
76561197970087759,240,2117
76561197970087759,280,18
76561197970087759,300,4084
76561197970087759,320,279
76561197970087759,360,19
76561197970087759,400,316
76561197970087759,440,60051
76561197970087759,500,575
76561197970087759,550,3348
76561197970087759,570,572915
76561197970087759,620,3649
76561197970087759,1200,56
76561197970087759,1230,79
76561197970087759,1280,364
76561197970087759,1670,3
76561197970087759,1840,9233
76561197970087759,2100,2737
76561197970087759,2130,238
76561197970087759,2200,130
76561197970087759,2210,68
76561197970087759,2270,10
76561197970087759,2280,38
76561197970087759,2290,1
76561197970087759,2300,13
76561197970087759,2310,60
76561197970087759,2320,43
76561197970087759,2400,247
76561197970087759,3910,173
76561197970087759,4500,923
76561197970087759,4560,154
76561197970087759,4920,54446
76561197970087759,6400,23
76561197970087759,8500,236946
76561197970087759,8800,2826
76561197970087759,8930,6530
76561197970087759,9010,128
76561197970087759,9030,5
76561197970087759,9050,706
76561197970087759,9060,35
76561197970087759,9070,55
76561197970087759,9180,25
76561197970087759,9200,154
76561197970087759,9860,405
76561197970087759,10110,473
76561197970087759,10180,6410
76561197970087759,10190,52687
76561197970087759,11390,559
76561197970087759,12800,8943
76561197970087759,15100,1579
76561197970087759,15210,257
76561197970087759,17410,369
76561197970087759,17430,56
76561197970087759,17470,5
76561197970087759,17570,60
76561197970087759,17580,2605
76561197970087759,18110,1831
76561197970087759,20900,64
76561197970087759,21090,23
76561197970087759,21760,32
76561197970087759,21910,1225
76561197970087759,22100,9032
76561197970087759,22200,460
76561197970087759,22320,3713
76561197970087759,22330,788
76561197970087759,24740,29
76561197970087759,24860,2533
76561197970087759,24960,46287
76561197970087759,31280,117
76561197970087759,32400,146
76561197970087759,35720,711
76561197970087759,41700,52
76561197970087759,42680,293
76561197970087759,42690,2114
76561197970087759,42710,1147
76561197970087759,47790,53
76561197970087759,47830,94
76561197970087759,61500,112
76561197970087759,65980,2906
76561197970087759,80340,125
76561197970087759,99300,2728
76561197970087759,108800,792
76561197970087759,109600,519
76561197970087759,113020,423
76561197970087759,113400,845
76561197970087759,201700,23
76561197970087759,202090,7
76561197970087759,204300,2268
76561197970087759,205100,1573
76561197970087759,206500,67
76561197970087759,211420,1638
76561197970087759,211820,15970
76561197970087759,212160,241
76561197970087759,212500,710
76561197970087759,212680,1450
76561197970087759,214490,385
76561197970087759,215470,188
76561197970087759,221910,405
76561197970087759,224600,1444
76561197970087759,225840,26
76561197970087759,228280,145
76561197970087759,228400,51
76561197970087759,230230,1
76561197970087759,230410,58
76561197970087759,233150,20
76561197970087759,234140,2657
76561197970087759,235540,117
76561197970087759,236390,1506
76561197970087759,237990,52
76561197970087759,238320,70
76561197970087759,238960,69
76561197970087759,240760,764
76561197970087759,244160,334
76561197970087759,245550,244
76561197970087759,250180,194
76561197970087759,258970,599
76561197970087759,262060,7445
76561197970087759,264200,11
76561197970087759,264710,4151
76561197970087759,270880,124
76561197970087759,271260,1
76561197970087759,271290,38
76561197970087759,282070,1230
76561197970087759,282140,3927
76561197970087759,286160,2392
76561197970087759,289070,12057
76561197970087759,289130,1124
76561197970087759,291550,227
76561197970087759,295690,3109
76561197970087759,306130,4805
76561197970087759,308600,10
76561197970087759,310380,64
76561197970087759,310560,1712
76561197970087759,312610,284
76561197970087759,312990,65
76561197970087759,315880,12
76561197970087759,320300,75
76561197970087759,322330,362
76561197970087759,323370,323
76561197970087759,324800,706
76561197970087759,356670,337
76561197970087759,359320,5670
76561197970087759,373420,1559
76561197970087759,379720,2433
76561197970087759,383870,332
76561197970087759,386180,8386
76561197970087759,391540,67
76561197970087759,396750,17
76561197970087759,404730,10108
76561197970087759,408900,584
76561197970087759,418460,708
76561197970087759,438140,10
76561197970087759,445980,286
76561197970087759,448510,224
76561197970087759,507490,77
76561197970087759,513560,12
76561197970087759,537800,68
76561197970087759,548430,1760
76561197970087759,572050,4175
76561197970087759,578080,142
76561197970087759,582660,246
76561197970087759,601510,26
76561197970087759,602960,4881
76561197970087759,611500,75
76561197970087759,613830,769
76561197970087759,617480,52
76561197970087759,625680,143
76561197970087759,714010,82
76561197970087759,727850,466
76561197970087759,728880,2
76561197970087759,746850,594
76561197970087759,753640,414
76561197970087759,761890,41
76561197970087759,782330,10082
76561197970087759,808290,168
76561197970087759,816090,66
76561197970087759,848450,3417
76561197970087759,945360,42
76561197970087759,946660,80
76561197970087759,955740,243
76561197970087759,1082430,35
76561197970087759,1092790,1126
76561197970087759,1151640,1290
76561197970087759,1172380,2502
76561197970087759,1225570,58
76561197970087759,1253190,129
76561197970087759,1336490,3156
76561197970087759,1361510,1922
76561197970087759,1400520,15
76561197970087759,1416260,149
76561197970087759,1449560,2965
76561197970087759,1580970,9
76561197970087759,1593030,793
76561197970087759,1823950,78
76561197970087759,1948280,189
76561197970087759,1983990,175
76561197970087759,2000950,232
76561197970087759,2507950,53
76561197970087759,2767030,99
76561197970087759,3564740,68
76561197970087759,3713610,684
76561198865761149,70,14
76561198865761149,550,2547
76561198865761149,620,525
76561198865761149,730,8126
76561198865761149,8500,112
76561198865761149,34270,1
76561198865761149,34330,1
76561198865761149,43110,1
76561198865761149,105600,4129
76561198865761149,107410,2556
76561198865761149,108600,6777
76561198865761149,203160,499
76561198865761149,211500,25
76561198865761149,214490,967
76561198865761149,218620,3699
76561198865761149,223750,20
76561198865761149,227300,11806
76561198865761149,230410,212
76561198865761149,231430,1
76561198865761149,235540,134
76561198865761149,236390,1893
76561198865761149,242700,1
76561198865761149,242760,2048
76561198865761149,251570,613
76561198865761149,282800,3
76561198865761149,289650,542
76561198865761149,289690,1
76561198865761149,291550,214
76561198865761149,297130,1
76561198865761149,304390,1331
76561198865761149,304930,67
76561198865761149,308600,1
76561198865761149,315210,87
76561198865761149,319630,85
76561198865761149,322170,265
76561198865761149,322330,486
76561198865761149,335190,1
76561198865761149,339610,164
76561198865761149,346900,67
76561198865761149,348510,1
76561198865761149,351510,1
76561198865761149,359550,182792
76561198865761149,365670,48
76561198865761149,368180,1
76561198865761149,371140,63
76561198865761149,377300,16
76561198865761149,378760,183
76561198865761149,380600,266
76561198865761149,381210,5053
76561198865761149,390710,2
76561198865761149,406970,1
76561198865761149,417860,12
76561198865761149,420740,1
76561198865761149,424840,204
76561198865761149,435790,1
76561198865761149,436520,27
76561198865761149,438100,60
76561198865761149,441380,1
76561198865761149,442070,2
76561198865761149,457330,25
76561198865761149,464920,7
76561198865761149,465760,1
76561198865761149,466240,39
76561198865761149,475150,1
76561198865761149,489520,1
76561198865761149,532210,208
76561198865761149,550650,95
76561198865761149,552520,2492
76561198865761149,552990,921
76561198865761149,553850,2448
76561198865761149,555000,1
76561198865761149,578080,5181
76561198865761149,579110,1
76561198865761149,582660,175
76561198865761149,588210,39
76561198865761149,588430,59
76561198865761149,599140,194
76561198865761149,607260,72
76561198865761149,610080,22
76561198865761149,616560,16
76561198865761149,618140,1
76561198865761149,619700,1
76561198865761149,623990,27
76561198865761149,628950,1
76561198865761149,636040,31
76561198865761149,640590,1
76561198865761149,640890,1
76561198865761149,645630,13
76561198865761149,667890,33
76561198865761149,677620,83
76561198865761149,684410,99
76561198865761149,690790,94
76561198865761149,697930,1
76561198865761149,698780,80
76561198865761149,700330,25
76561198865761149,702150,1
76561198865761149,706990,32
76561198865761149,714010,204
76561198865761149,727020,1
76561198865761149,729660,1
76561198865761149,736840,1
76561198865761149,739630,807
76561198865761149,744900,10
76561198865761149,755790,84
76561198865761149,757240,26
76561198865761149,766570,10
76561198865761149,774171,894
76561198865761149,814200,1
76561198865761149,815370,751
76561198865761149,835950,1
76561198865761149,836620,1102
76561198865761149,866020,31
76561198865761149,872200,171
76561198865761149,884660,122
76561198865761149,920490,5572
76561198865761149,934700,783
76561198865761149,958260,46
76561198865761149,977400,152
76561198865761149,1022310,1
76561198865761149,1044200,72
76561198865761149,1046930,63
76561198865761149,1048540,1
76561198865761149,1049590,21
76561198865761149,1076280,1
76561198865761149,1085660,199
76561198865761149,1091500,752
76561198865761149,1125480,1
76561198865761149,1144200,1358
76561198865761149,1149460,2763
76561198865761149,1172470,30973
76561198865761149,1174180,4804
76561198865761149,1180380,17
76561198865761149,1183940,88
76561198865761149,1190340,68
76561198865761149,1203220,103
76561198865761149,1203420,38
76561198865761149,1216200,21
76561198865761149,1222670,594
76561198865761149,1237970,543
76561198865761149,1238810,977
76561198865761149,1238840,548
76561198865761149,1258080,292
76561198865761149,1273400,114
76561198865761149,1281930,120
76561198865761149,1289310,40
76561198865761149,1293830,3282
76561198865761149,1301720,81
76561198865761149,1304930,1944
76561198865761149,1305720,87
76561198865761149,1325860,87
76561198865761149,1333350,7
76561198865761149,1359090,709
76561198865761149,1377580,50
76561198865761149,1422450,127
76561198865761149,1517290,183
76561198865761149,1659040,248
76561198865761149,1665460,67
76561198865761149,1671200,184
76561198865761149,1677740,35
76561198865761149,1692070,44
76561198865761149,1782210,20
76561198865761149,1818450,440
76561198865761149,1846380,2700
76561198865761149,1902490,14
76561198865761149,1928420,507
76561198865761149,1931730,40
76561198865761149,1938090,30284
76561198865761149,2073620,5360
76561198865761149,2073850,547
76561198865761149,2074920,15
76561198865761149,2139460,63
76561198865761149,2195250,411
76561198865761149,2221490,6596
76561198865761149,2231380,3799
76561198865761149,2239550,2086
76561198865761149,2281730,126
76561198865761149,2290180,474
76561198865761149,2325290,17
76561198865761149,2357570,205
76561198865761149,2452280,344
76561198865761149,2507950,203
76561198865761149,2524890,18
76561198865761149,2551020,40
76561198865761149,2641470,41
76561198865761149,2669320,1861
76561198865761149,2696480,7
76561198865761149,2698940,2643
76561198865761149,2767030,249
76561198865761149,2807960,2507
76561198865761149,2818260,21
76561198865761149,2853730,191
76561198865761149,2881650,55
76561198865761149,3092660,86
76561198865761149,3143710,37
76561198865761149,3199170,93
76561198865761149,3224770,7
76561198865761149,3419430,24396
76561198865761149,3478870,66
76561198865761149,3513350,2809
76561198865761149,3527290,433
76561198865761149,3564740,1037
76561198865761149,3694620,38
76561198865761149,4025700,4995
76561199132079866,400,270
76561199132079866,620,454
76561199132079866,105600,39904
76561199132079866,250900,2109
76561199132079866,274190,438
76561199132079866,284160,4485
76561199132079866,322170,5227
76561199132079866,363970,9278
76561199132079866,367520,2573
76561199132079866,391540,474
76561199132079866,444640,652
76561199132079866,622650,102
76561199132079866,858210,2366
76561199132079866,920210,205
76561199132079866,960090,10531
76561199132079866,1057090,141
76561199132079866,1167630,58
76561199132079866,1211020,665
76561199132079866,1222140,1155
76561199132079866,1276390,973
76561199132079866,1281930,45036
76561199132079866,1318690,273
76561199132079866,1397920,27844
76561199132079866,1599340,1217
76561199132079866,1623730,477
76561199132079866,1627720,3078
76561199132079866,1794680,539
76561199132079866,1895880,1188
76561199132079866,1942280,941
76561199132079866,1954200,64
76561199132079866,2021910,159
76561199132079866,2622380,742
76561199132079866,2763740,5702
76561199132079866,2767030,126
76561199112297278,400,322
76561199112297278,620,291
76561199112297278,8190,78
76561199112297278,12100,824
76561199112297278,12110,94
76561199112297278,12150,5
76561199112297278,12200,24
76561199112297278,15100,30
76561199112297278,19680,248
76561199112297278,22380,7
76561199112297278,24880,25
76561199112297278,39140,793
76561199112297278,43160,727
76561199112297278,200260,54
76561199112297278,201810,13
76561199112297278,203140,73
76561199112297278,204450,457
76561199112297278,209000,52
76561199112297278,219740,26
76561199112297278,234140,58
76561199112297278,241930,1431
76561199112297278,249870,4
76561199112297278,286690,598
76561199112297278,291550,24
76561199112297278,292030,131
76561199112297278,292120,4153
76561199112297278,292140,56
76561199112297278,293180,22
76561199112297278,302510,443
76561199112297278,307690,2139
76561199112297278,322080,132
76561199112297278,343690,50
76561199112297278,356190,60
76561199112297278,360430,380
76561199112297278,377160,3914
76561199112297278,390880,24
76561199112297278,413150,32
76561199112297278,414340,566
76561199112297278,424840,69
76561199112297278,434260,59
76561199112297278,474960,60
76561199112297278,495560,10
76561199112297278,537800,24
76561199112297278,564230,12
76561199112297278,575680,57
76561199112297278,632470,2096
76561199112297278,646910,434
76561199112297278,703080,9
76561199112297278,729040,96
76561199112297278,731040,124
76561199112297278,920490,18
76561199112297278,1026680,6
76561199112297278,1237970,125
76561199112297278,1262560,18
76561199112297278,1364390,14
76561199112297278,1515950,6
76561199112297278,1623660,266
76561199112297278,1665460,224
76561199112297278,1764390,262
76561199112297278,1919460,10
76561199112297278,1948450,4
76561199112297278,2279510,10
76561199112297278,2484110,19
76561199112297278,2792610,10
76561199520717226,550,1812
76561199520717226,620,342
76561199520717226,730,455
76561199520717226,105600,287
76561199520717226,238320,120
76561199520717226,242760,5339
76561199520717226,264710,27
76561199520717226,270880,96
76561199520717226,289070,1840
76561199520717226,304930,38
76561199520717226,322330,590
76561199520717226,346110,41
76561199520717226,381210,50
76561199520717226,391220,1056
76561199520717226,391730,481
76561199520717226,413150,549
76561199520717226,431960,679
76561199520717226,435120,113
76561199520717226,477160,1457
76561199520717226,518790,128
76561199520717226,532110,122
76561199520717226,578080,1626
76561199520717226,648800,1041
76561199520717226,714010,1065
76561199520717226,728880,2179
76561199520717226,739630,1536
76561199520717226,744190,170
76561199520717226,815370,54
76561199520717226,976310,55
76561199520717226,1016920,255
76561199520717226,1091500,1119
76561199520717226,1172470,74
76561199520717226,1174180,753
76561199520717226,1203220,1049
76561199520717226,1222140,992
76561199520717226,1237970,394
76561199520717226,1238810,62
76561199520717226,1260320,220
76561199520717226,1281930,44
76561199520717226,1326470,2014
76561199520717226,1426210,13
76561199520717226,1478220,9
76561199520717226,1515210,138
76561199520717226,1551360,48
76561199520717226,1568590,24
76561199520717226,1771300,392
76561199520717226,2001120,3153
76561199520717226,2050650,29
76561199520717226,2358720,2522
76561199520717226,2707930,57
76561199520717226,2709570,550
76561199520717226,2835570,537
76561199520717226,2870840,8
76561199520717226,2922150,70
76561199520717226,3064370,159
76561199520717226,3097560,309
76561199520717226,3241660,129
76561199520717226,3527290,243
76561199520717226,4704690,34
76561198799814214,220,152
76561198799814214,400,138
76561198799814214,500,311
76561198799814214,620,1419
76561198799814214,730,32050
76561198799814214,3700,139
76561198799814214,17390,745
76561198799814214,17440,1
76561198799814214,40990,3
76561198799814214,43110,798
76561198799814214,43160,11
76561198799814214,105600,9331
76561198799814214,201810,1588
76561198799814214,209000,499
76561198799814214,212070,7392
76561198799814214,218620,263
76561198799814214,230410,1371
76561198799814214,236390,34441
76561198799814214,242760,2346
76561198799814214,264710,2836
76561198799814214,275850,8888
76561198799814214,286690,1277
76561198799814214,287390,1397
76561198799814214,291480,4359
76561198799814214,292030,169
76561198799814214,298240,33
76561198799814214,304050,30
76561198799814214,304930,32
76561198799814214,312660,12
76561198799814214,322330,2136
76561198799814214,331470,196
76561198799814214,335300,2730
76561198799814214,346010,50
76561198799814214,350080,218
76561198799814214,361420,16
76561198799814214,380600,40
76561198799814214,383270,74
76561198799814214,383870,167
76561198799814214,386180,20
76561198799814214,387990,1977
76561198799814214,391540,618
76561198799814214,412020,356
76561198799814214,413150,223
76561198799814214,424840,308
76561198799814214,437220,9
76561198799814214,438100,23
76561198799814214,444200,11
76561198799814214,548430,152
76561198799814214,550650,40
76561198799814214,563560,586
76561198799814214,570940,10713
76561198799814214,578080,33
76561198799814214,582660,120
76561198799814214,612880,780
76561198799814214,632360,248
76561198799814214,700330,6572
76561198799814214,728740,345
76561198799814214,823130,56
76561198799814214,848450,1243
76561198799814214,872200,14
76561198799814214,884660,66
76561198799814214,892970,1813
76561198799814214,920490,326
76561198799814214,960090,1843
76561198799814214,962130,57
76561198799814214,990080,1553
76561198799814214,1003590,431
76561198799814214,1056960,34
76561198799814214,1085660,261
76561198799814214,1148590,80
76561198799814214,1170820,85
76561198799814214,1172620,17210
76561198799814214,1222700,443
76561198799814214,1238840,171
76561198799814214,1238860,765
76561198799814214,1250410,1947
76561198799814214,1276390,13
76561198799814214,1282600,46
76561198799814214,1366290,112
76561198799814214,1407200,61
76561198799814214,1419170,173
76561198799814214,1426210,752
76561198799814214,1458140,80
76561198799814214,1504980,744
76561198799814214,1549250,76
76561198799814214,1625450,771
76561198799814214,1747650,30
76561198799814214,1922560,141
76561198799814214,1944790,698
76561198799814214,2275020,430
76561198799814214,2296990,156
76561198799814214,2787320,725
76561198799814214,3949040,733
76561198439497587,400,198
76561198439497587,620,89
76561198439497587,730,128212
76561198439497587,6860,435
76561198439497587,7530,41
76561198439497587,29900,1
76561198439497587,34270,15
76561198439497587,40800,52
76561198439497587,108710,328
76561198439497587,203140,72
76561198439497587,203830,75
76561198439497587,204360,451
76561198439497587,204450,91
76561198439497587,214340,67
76561198439497587,218620,435
76561198439497587,219150,52
76561198439497587,219910,52
76561198439497587,220740,88
76561198439497587,223470,103
76561198439497587,223710,109
76561198439497587,227300,37
76561198439497587,227940,159
76561198439497587,230230,319
76561198439497587,230410,1231
76561198439497587,230820,78
76561198439497587,241910,57
76561198439497587,242700,365
76561198439497587,242760,192
76561198439497587,243200,67
76561198439497587,249650,48
76561198439497587,250900,321
76561198439497587,253900,46
76561198439497587,253960,36
76561198439497587,255280,54
76561198439497587,255300,42
76561198439497587,255320,71
76561198439497587,257750,261
76561198439497587,260160,104
76561198439497587,265330,41
76561198439497587,268540,54
76561198439497587,270880,47
76561198439497587,273110,10
76561198439497587,281750,127
76561198439497587,282800,1
76561198439497587,285160,122
76561198439497587,289650,2568
76561198439497587,291480,126
76561198439497587,292030,4739
76561198439497587,304930,289
76561198439497587,307690,29
76561198439497587,312840,75
76561198439497587,314810,53
76561198439497587,314830,52
76561198439497587,322330,131
76561198439497587,323720,46
76561198439497587,327220,57
76561198439497587,331470,7
76561198439497587,339190,47
76561198439497587,351860,45
76561198439497587,365670,179
76561198439497587,372360,1760
76561198439497587,373420,311
76561198439497587,382140,77
76561198439497587,391540,199
76561198439497587,406550,579
76561198439497587,410110,7
76561198439497587,418460,373
76561198439497587,435150,1650
76561198439497587,444200,379
76561198439497587,447040,120
76561198439497587,466240,425
76561198439497587,481870,5
76561198439497587,530700,13
76561198439497587,552520,1432
76561198439497587,561770,9
76561198439497587,601150,1319
76561198439497587,631510,804
76561198439497587,640590,512
76561198439497587,657200,118
76561198439497587,700330,1182
76561198439497587,705210,3576
76561198439497587,706990,20
76561198439497587,714010,23
76561198439497587,823130,109
76561198439497587,825310,36
76561198439497587,868270,12
76561198439497587,870780,132
76561198439497587,884660,195
76561198439497587,936780,7
76561198439497587,939850,47
76561198439497587,1049590,74
76561198439497587,1085660,1248
76561198439497587,1180660,28
76561198439497587,1194630,84
76561198439497587,1222670,11
76561198439497587,1238840,127
76561198439497587,1249200,24
76561198439497587,1280770,98
76561198439497587,1281590,197
76561198439497587,1293830,612
76561198439497587,1334000,396
76561198439497587,1386730,268
76561198439497587,1399780,146
76561198439497587,1428820,396
76561198439497587,1440440,57
76561198439497587,1477020,395
76561198439497587,1478220,64
76561198439497587,1537710,367
76561198439497587,1659040,45
76561198439497587,1693040,223
76561198439497587,1712840,297
76561198439497587,1775270,185
76561198439497587,1782210,372
76561198439497587,1818450,125
76561198439497587,2016590,15
76561198439497587,2073850,164
76561198439497587,2131200,222
76561198439497587,2230980,287
76561198439497587,2461280,151
76561198439497587,2767030,50
76561198439497587,2835570,63
76561198439497587,3028500,5
76561198439497587,3253710,620
76561198439497587,3301060,121
76561198439497587,3419430,1831
76561198439497587,3549020,442
76561198439497587,3564740,93
76561198439497587,3678970,9
76561198439497587,3705300,322
76561198439497587,3756260,310
76561198439497587,3762510,144
76561198439497587,3894300,921
76561198439497587,4053340,224
76561198439497587,4293850,197
76561198439497587,4465480,370
76561198439497587,4620930,254
76561198439497587,4707200,197
76561198999925392,400,174
76561198999925392,550,27546
76561198999925392,620,539
76561198999925392,730,135925
76561198999925392,33230,1033
76561198999925392,104600,1
76561198999925392,239140,169
76561198999925392,242760,770
76561198999925392,246620,794
76561198999925392,319630,207
76561198999925392,413410,909
76561198999925392,431960,269
76561198999925392,451760,38
76561198999925392,460930,3283
76561198999925392,473950,93
76561198999925392,518790,63
76561198999925392,578080,45
76561198999925392,644560,88
76561198999925392,698780,471
76561198999925392,728880,260
76561198999925392,924970,159
76561198999925392,945360,166
76561198999925392,976730,1998
76561198999925392,1172470,250
76561198999925392,1288310,200
76561198999925392,1289310,166
76561198999925392,1364020,182
76561198999925392,1422450,45
76561198999925392,1483870,405
76561198999925392,1880330,242
76561198999925392,1973530,6474
76561198999925392,2001120,1004
76561198999925392,2358720,2191
76561198999925392,3167020,1230
76561198999925392,3241660,701
76561198999925392,4704690,1181
76561199848161678,220,2051
76561199848161678,360,3
76561199848161678,400,1
76561199848161678,620,635
76561199848161678,730,3701
76561199848161678,17520,12
76561199848161678,223710,7
76561199848161678,236390,9
76561199848161678,284160,2680
76561199848161678,286690,13
76561199848161678,304930,102
76561199848161678,313240,20
76561199848161678,686810,942
76561199848161678,700330,10801
76561199848161678,714070,11
76561199848161678,736590,181
76561199848161678,738060,123
76561199848161678,871720,12
76561199848161678,1238840,4610
76561199848161678,1286830,23
76561199848161678,1583720,81
76561199848161678,1721470,44
76561199848161678,1943950,541
76561199848161678,2012840,195
76561199848161678,2239140,44
76561199848161678,2551020,510
76561199848161678,2807960,557
76561199848161678,3217240,14
76561199848161678,3664010,19
76561199529390415,220,128
76561199529390415,440,9987
76561199529390415,500,112
76561199529390415,550,14
76561199529390415,620,854
76561199529390415,730,6134
76561199529390415,3830,1581
76561199529390415,49520,4
76561199529390415,105600,2778
76561199529390415,204360,89
76561199529390415,214340,838
76561199529390415,223470,623
76561199529390415,223710,213
76561199529390415,232770,32
76561199529390415,232890,144
76561199529390415,233860,1278
76561199529390415,242760,713
76561199529390415,250900,3432
76561199529390415,253110,65
76561199529390415,255320,346
76561199529390415,274170,375
76561199529390415,292910,3
76561199529390415,304930,83
76561199529390415,322330,795
76561199529390415,363970,346
76561199529390415,413150,81
76561199529390415,418670,568
76561199529390415,420530,39
76561199529390415,433340,213
76561199529390415,460790,340
76561199529390415,475190,96
76561199529390415,504230,296
76561199529390415,516750,180
76561199529390415,524220,789
76561199529390415,588650,1331
76561199529390415,591960,12
76561199529390415,597170,518
76561199529390415,607080,242
76561199529390415,632810,512
76561199529390415,696180,147
76561199529390415,945360,70
76561199529390415,960910,140
76561199529390415,960990,3317
76561199529390415,1028570,67
76561199529390415,1071870,8
76561199529390415,1186640,216
76561199529390415,1258080,139
76561199529390415,1280770,112
76561199529390415,1392820,36
76561199529390415,1419170,622
76561199529390415,1449690,130
76561199529390415,1604000,417
76561199529390415,1625450,712
76561199529390415,1703140,404
76561199529390415,2187290,199
76561199529390415,2325290,273
76561199529390415,2835570,271
76561199529390415,2920270,203
76561199529390415,3478870,290
76561199529390415,3606890,38
76561199529390415,4704690,28
76561199547030407,70,186
76561199547030407,220,442
76561199547030407,400,200
76561199547030407,550,960
76561199547030407,620,610
76561199547030407,730,693
76561199547030407,4000,3289
76561199547030407,6850,56
76561199547030407,6860,563
76561199547030407,6900,50
76561199547030407,11480,255
76561199547030407,19900,272
76561199547030407,22380,539
76561199547030407,107410,304
76561199547030407,108600,10915
76561199547030407,203140,1335
76561199547030407,205930,50
76561199547030407,207610,330
76561199547030407,219150,598
76561199547030407,221100,1227
76561199547030407,223470,320
76561199547030407,224260,108
76561199547030407,225540,930
76561199547030407,232770,112
76561199547030407,233860,520
76561199547030407,236390,200
76561199547030407,239140,2115
76561199547030407,242760,1927
76561199547030407,247430,625
76561199547030407,264710,784
76561199547030407,274170,635
76561199547030407,286690,144
76561199547030407,289650,570
76561199547030407,303610,230
76561199547030407,307690,538
76561199547030407,319510,71
76561199547030407,332800,438
76561199547030407,337320,1604
76561199547030407,356570,193
76561199547030407,377300,73
76561199547030407,410110,42
76561199547030407,420290,178
76561199547030407,431960,138
76561199547030407,481870,16
76561199547030407,507010,186
76561199547030407,521890,215
76561199547030407,539470,648
76561199547030407,700330,2856
76561199547030407,756800,980
76561199547030407,842180,264
76561199547030407,872670,684
76561199547030407,896520,110
76561199547030407,960910,516
76561199547030407,986130,640
76561199547030407,1017180,412
76561199547030407,1035510,197
76561199547030407,1092700,85
76561199547030407,1092710,88
76561199547030407,1092720,112
76561199547030407,1092730,18
76561199547030407,1096710,17
76561199547030407,1118200,2462
76561199547030407,1144200,715
76561199547030407,1174180,6813
76561199547030407,1196590,596
76561199547030407,1218280,574
76561199547030407,1222140,726
76561199547030407,1222700,603
76561199547030407,1245430,7
76561199547030407,1321680,562
76561199547030407,1326470,1107
76561199547030407,1504150,37
76561199547030407,1657090,15
76561199547030407,1659040,1145
76561199547030407,1795180,727
76561199547030407,1840490,266
76561199547030407,1861610,859
76561199547030407,1874880,1454
76561199547030407,1943950,323
76561199547030407,2012840,18
76561199547030407,2051620,728
76561199547030407,2073850,128
76561199547030407,2141730,384
76561199547030407,2176070,259
76561199547030407,2213190,460
76561199547030407,2231300,15
76561199547030407,2231380,344
76561199547030407,2389570,214
76561199547030407,2397300,1740
76561199547030407,2578910,180
76561199547030407,2703850,261
76561199547030407,2707940,215
76561199547030407,2778610,581
76561199547030407,2807960,1005
76561199547030407,2881650,795
76561199547030407,2951520,56
76561199547030407,3126330,269
76561199547030407,3164500,616
76561199547030407,3241660,884
76561199547030407,3281410,165
76561199547030407,3311740,26
76561199547030407,3321460,610
76561199547030407,3354750,798
76561199547030407,3359320,94
76561199547030407,3410310,142
76561199547030407,3527290,105
76561199547030407,3672720,341
76561199547030407,3676960,93
76561199547030407,3716600,381
76561199547030407,4204530,82
76561199547030407,4335460,175
76561199547030407,4465480,8
76561199547030407,4834070,167
76561199820702836,620,1209
76561199820702836,730,14379
76561199820702836,4000,59
76561199820702836,211500,23
76561199820702836,236390,240
76561199820702836,243470,42
76561199820702836,244210,289
76561199820702836,291550,182
76561199820702836,317400,1002
76561199820702836,322170,7327
76561199820702836,359550,171
76561199820702836,365670,70
76561199820702836,391540,308
76561199820702836,431960,135
76561199820702836,439250,8
76561199820702836,503560,28
76561199820702836,561770,24
76561199820702836,569610,29
76561199820702836,585690,273
76561199820702836,601360,674
76561199820702836,645630,225
76561199820702836,700330,18
76561199820702836,862740,16
76561199820702836,1029550,137
76561199820702836,1238810,1
76561199820702836,1281800,101
76561199820702836,1356040,106
76561199820702836,1422450,27
76561199820702836,1456200,4
76561199820702836,1462810,2082
76561199820702836,1671340,46
76561199820702836,1902490,31
76561199820702836,1943950,675
76561199820702836,1953520,15
76561199820702836,1985690,100
76561199820702836,2021910,64
76561199820702836,2225070,1725
76561199820702836,2551020,9
76561199820702836,2763740,82
76561199820702836,2835570,197
76561199820702836,2835590,4
76561199820702836,2923300,397
76561199820702836,2994020,19
76561199820702836,3059520,3259
76561199820702836,3241660,91
76561199820702836,3419430,14
76561199820702836,3478870,95
76561199820702836,3527290,265
76561199820702836,3550490,81
76561198813665474,400,191
76561198813665474,620,745
76561198813665474,730,1540
76561198813665474,22370,2374
76561198813665474,22380,13841
76561198813665474,71250,454
76561198813665474,105600,324
76561198813665474,108600,1371
76561198813665474,109600,40
76561198813665474,214510,737
76561198813665474,215080,2180
76561198813665474,230410,146
76561198813665474,234140,2146
76561198813665474,238960,39
76561198813665474,262060,6233
76561198813665474,275850,1130
76561198813665474,289070,1547
76561198813665474,289130,8
76561198813665474,291550,1465
76561198813665474,292030,157
76561198813665474,304050,40
76561198813665474,304930,57
76561198813665474,327690,11
76561198813665474,330020,398
76561198813665474,367520,1924
76561198813665474,377160,13239
76561198813665474,383120,251
76561198813665474,391540,2532
76561198813665474,397900,263
76561198813665474,405310,337
76561198813665474,424840,148
76561198813665474,431960,720
76561198813665474,433850,18
76561198813665474,435150,524
76561198813665474,436520,11
76561198813665474,438100,482
76561198813665474,444090,6907
76561198813665474,466000,588
76561198813665474,466240,735
76561198813665474,489520,51
76561198813665474,489830,411
76561198813665474,544920,10
76561198813665474,550650,982
76561198813665474,582660,97
76561198813665474,606150,14
76561198813665474,648800,493
76561198813665474,706990,7
76561198813665474,738060,225
76561198813665474,761890,10
76561198813665474,813820,46
76561198813665474,829110,567
76561198813665474,840260,7
76561198813665474,844870,14
76561198813665474,871720,1970
76561198813665474,872200,60
76561198813665474,894020,1068
76561198813665474,946050,110
76561198813665474,979690,1186
76561198813665474,990080,1202
76561198813665474,992310,8
76561198813665474,1030300,3800
76561198813665474,1049590,886
76561198813665474,1056640,83
76561198813665474,1085660,467
76561198813665474,1086940,28205
76561198813665474,1091500,9887
76561198813665474,1118200,11
76561198813665474,1138660,31
76561198813665474,1143810,1046
76561198813665474,1150530,382
76561198813665474,1151340,3420
76561198813665474,1170880,263
76561198813665474,1172470,3358
76561198813665474,1172620,2035
76561198813665474,1174180,6009
76561198813665474,1184370,352
76561198813665474,1201240,22
76561198813665474,1203220,78
76561198813665474,1218210,474
76561198813665474,1222670,57
76561198813665474,1237970,556
76561198813665474,1241700,13
76561198813665474,1245620,5095
76561198813665474,1254120,22
76561198813665474,1254130,77
76561198813665474,1283400,1998
76561198813665474,1283700,81
76561198813665474,1284210,282
76561198813665474,1289310,164
76561198813665474,1294660,307
76561198813665474,1313140,222
76561198813665474,1352080,170
76561198813665474,1422450,84
76561198813665474,1449690,4235
76561198813665474,1449850,4478
76561198813665474,1453490,31
76561198813665474,1474700,10
76561198813665474,1557990,16
76561198813665474,1568590,60
76561198813665474,1573360,8
76561198813665474,1590320,39
76561198813665474,1593750,16
76561198813665474,1599340,2597
76561198813665474,1607250,242
76561198813665474,1623730,2834
76561198813665474,1671210,5581
76561198813665474,1672970,581
76561198813665474,1677740,50
76561198813665474,1687950,1544
76561198813665474,1690940,706
76561198813665474,1721470,30
76561198813665474,1782210,472
76561198813665474,1794680,1198
76561198813665474,1815780,7
76561198813665474,1818750,317
76561198813665474,1903340,3705
76561198813665474,1928420,9
76561198813665474,1961460,246
76561198813665474,1974050,11
76561198813665474,1983260,350
76561198813665474,1997040,476
76561198813665474,2134320,162
76561198813665474,2167580,59
76561198813665474,2187290,156
76561198813665474,2305840,128
76561198813665474,2328750,393
76561198813665474,2344520,5840
76561198813665474,2357570,21060
76561198813665474,2379780,2832
76561198813665474,2426960,562
76561198813665474,2623190,4680
76561198813665474,2767030,1035
76561198813665474,3241660,4393
76561198813665474,3314790,488
76561198813665474,3405340,4811
76561198813665474,3527290,977
76561198813665474,3764200,174
76561198813665474,4128260,14
76561199884201587,620,314
76561199884201587,292030,83
76561199884201587,322330,17
76561199884201587,413150,12
76561199884201587,646570,10263
76561199884201587,728880,327
76561199884201587,1071870,43
76561199884201587,1206610,170
76561199884201587,1426210,890
76561199884201587,2507950,430
76561199884201587,2868840,1459
76561199884201587,3527290,201
76561199884201587,4164310,140
76561198979264617,400,5
76561198979264617,620,321
76561198979264617,105600,11396
76561198979264617,240720,236
76561198979264617,250900,7913
76561198979264617,268910,13
76561198979264617,282070,27
76561198979264617,322330,4298
76561198979264617,367520,509
76561198979264617,386940,347
76561198979264617,413150,5642
76561198979264617,431960,40
76561198979264617,568220,591
76561198979264617,578080,470
76561198979264617,646570,4595
76561198979264617,701160,186
76561198979264617,714010,282
76561198979264617,728880,344
76561198979264617,774171,346
76561198979264617,814380,1274
76561198979264617,942970,70
76561198979264617,1030300,1736
76561198979264617,1172470,65
76561198979264617,1238840,467
76561198979264617,1281930,9050
76561198979264617,1451940,283
76561198979264617,1942280,1264
76561198979264617,2358720,2974
76561198979264617,2507950,20187
76561198979264617,2868840,14066
76561198979264617,3167020,719
76561198979264617,4704690,102
76561199471848888,620,433
76561199471848888,730,91004
76561199471848888,105600,51
76561199471848888,223850,748
76561199471848888,271590,186
76561199471848888,386940,1
76561199471848888,431960,4934
76561199471848888,504230,60
76561199471848888,553640,251
76561199471848888,578080,341
76561199471848888,588650,1
76561199471848888,601150,10
76561199471848888,638230,168
76561199471848888,646570,836
76561199471848888,774171,1883
76561199471848888,844930,1
76561199471848888,880940,1194
76561199471848888,943980,7
76561199471848888,976390,248
76561199471848888,993090,338
76561199471848888,1069230,17
76561199471848888,1142830,1
76561199471848888,1144400,6064
76561199471848888,1172470,17
76561199471848888,1178830,462
76561199471848888,1222140,25
76561199471848888,1230140,1854
76561199471848888,1277930,950
76561199471848888,1288310,17
76561199471848888,1345740,390
76561199471848888,1422450,67
76561199471848888,1424660,1
76561199471848888,1567800,393
76561199471848888,1765350,85
76561199471848888,1777430,815
76561199471848888,1817230,639
76561199471848888,1954420,32
76561199471848888,2156620,1
76561199471848888,2242710,59
76561199471848888,2358720,2211
76561199471848888,2458530,282
76561199471848888,2475040,342
76561199471848888,2835570,324
76561199471848888,2981450,661
76561199471848888,4164310,212
76561199471848888,4465480,14
76561199278279123,70,30
76561199278279123,220,1
76561199278279123,320,128
76561199278279123,360,1
76561199278279123,400,173
76561199278279123,620,665
76561199278279123,108600,65
76561199278279123,208140,295
76561199278279123,227300,1092
76561199278279123,244210,11705
76561199278279123,291550,90
76561199278279123,310850,294
76561199278279123,431960,1723
76561199278279123,433340,188
76561199278279123,438100,19
76561199278279123,450390,43
76561199278279123,610780,296
76561199278279123,646910,174
76561199278279123,993090,126
76561199278279123,1066890,459
76561199278279123,1173370,13
76561199278279123,1465360,192
76561199278279123,1515950,327
76561199278279123,1677740,437
76561199278279123,1817230,271
76561199278279123,1818750,133
76561199278279123,1869590,140
76561199278279123,1990740,5
76561199278279123,2021910,39
76561199518971381,20,2
76561199518971381,220,16
76561199518971381,240,3
76561199518971381,300,1
76561199518971381,400,31
76561199518971381,500,1
76561199518971381,550,1
76561199518971381,620,216
76561199518971381,70100,1
76561199518971381,70120,1
76561199518971381,105600,123
76561199518971381,204360,9
76561199518971381,227300,55
76561199518971381,231430,3
76561199518971381,244210,1
76561199518971381,246900,1
76561199518971381,255520,1
76561199518971381,265210,1
76561199518971381,265930,1
76561199518971381,286690,1
76561199518971381,311860,1
76561199518971381,319510,80
76561199518971381,331790,1
76561199518971381,359840,1
76561199518971381,365450,1
76561199518971381,381210,1823
76561199518971381,391540,16
76561199518971381,431960,855
76561199518971381,433340,1
76561199518971381,447040,1
76561199518971381,485610,13
76561199518971381,493490,6
76561199518971381,518790,10
76561199518971381,571740,10
76561199518971381,582660,1
76561199518971381,622650,7
76561199518971381,687850,2
76561199518971381,703940,2
76561199518971381,731040,16
76561199518971381,732690,534
76561199518971381,738060,30
76561199518971381,747660,42
76561199518971381,753660,2
76561199518971381,837470,20
76561199518971381,871720,189
76561199518971381,945360,309
76561199518971381,1063660,1
76561199518971381,1089980,62
76561199518971381,1222140,42
76561199518971381,1222680,63
76561199518971381,1466640,6
76561199518971381,1583320,87
76561199518971381,1703340,47
76561199518971381,1712830,12
76561199518971381,1754840,3
76561199518971381,1790360,1
76561199518971381,1943950,2535
76561199518971381,2012840,15
76561199518971381,2095340,9
76561199518971381,2141730,274
76561199518971381,2191480,2
76561199518971381,2215390,35
76561199518971381,2638370,604
76561199518971381,2709570,9
76561199518971381,2835570,127
76561198002012416,620,2785
76561198002012416,1840,3902
76561198002012416,4000,164
76561198002012416,10180,739
76561198002012416,10190,12737
76561198002012416,13600,38
76561198002012416,99900,26
76561198002012416,107800,662
76561198002012416,206440,83
76561198002012416,206500,25
76561198002012416,218230,2189
76561198002012416,218620,3000
76561198002012416,225840,53
76561198002012416,238960,253
76561198002012416,246700,68
76561198002012416,285580,19
76561198002012416,291550,124
76561198002012416,298260,114
76561198002012416,311210,1662
76561198002012416,311340,58
76561198002012416,312990,117
76561198002012416,322770,71
76561198002012416,327140,19
76561198002012416,341800,50
76561198002012416,348250,66
76561198002012416,352160,574
76561198002012416,363970,198
76561198002012416,365670,891
76561198002012416,381940,21
76561198002012416,386690,14
76561198002012416,412740,110
76561198002012416,413150,10211
76561198002012416,427240,8
76561198002012416,433600,3
76561198002012416,434170,68
76561198002012416,438100,1399
76561198002012416,446750,20
76561198002012416,446770,14
76561198002012416,448280,31
76561198002012416,450390,16
76561198002012416,452490,8
76561198002012416,453170,11
76561198002012416,455440,26
76561198002012416,457550,271
76561198002012416,471710,416
76561198002012416,484870,5
76561198002012416,489830,1235
76561198002012416,496240,222
76561198002012416,501180,9
76561198002012416,525500,4
76561198002012416,530630,115
76561198002012416,553850,118
76561198002012416,568040,95
76561198002012416,570940,2709
76561198002012416,582010,332
76561198002012416,629730,291
76561198002012416,632360,699
76561198002012416,677620,59
76561198002012416,684410,32
76561198002012416,751780,242
76561198002012416,755540,145
76561198002012416,791470,64
76561198002012416,813780,3001
76561198002012416,819970,60
76561198002012416,823500,478
76561198002012416,921590,11
76561198002012416,945360,332
76561198002012416,1022450,286
76561198002012416,1084600,13179
76561198002012416,1097150,17
76561198002012416,1097200,450
76561198002012416,1172620,3480
76561198002012416,1176640,85
76561198002012416,1211020,225
76561198002012416,1217060,201
76561198002012416,1240440,319
76561198002012416,1291340,23
76561198002012416,1308380,14
76561198002012416,1350720,13
76561198002012416,1426210,922
76561198002012416,1449850,860
76561198002012416,1554840,45
76561198002012416,1623730,218
76561198002012416,1632490,9
76561198002012416,1671210,842
76561198002012416,1701800,15
76561198002012416,1703340,219
76561198002012416,1722620,13
76561198002012416,1794680,893
76561198002012416,1823930,41
76561198002012416,1836450,55
76561198002012416,1866430,767
76561198002012416,1869590,21
76561198002012416,1949960,1
76561198002012416,2160360,7
76561198002012416,2300340,234
76561198002012416,2325290,87
76561198002012416,2344520,354
76561198002012416,2365810,600
76561198002012416,2395770,5975
76561198002012416,2484110,94
76561198002012416,2552430,5429
76561198002012416,2552450,4036
76561198002012416,2701720,525
76561198002012416,2718010,22
76561198002012416,2732960,17
76561198002012416,2900870,1
76561198002012416,3111080,202
76561198002012416,3249650,10
76561198002012416,3314060,120
76561198002012416,3405340,801
76561198002012416,3527290,114
76561198002012416,3830210,1
76561198002012416,3907940,27
76561199026156214,70,74
76561199026156214,400,157
76561199026156214,620,681
76561199026156214,730,10754
76561199026156214,40800,195
76561199026156214,203140,55
76561199026156214,205930,11
76561199026156214,223470,110
76561199026156214,228380,396
76561199026156214,246620,738
76561199026156214,264710,36
76561199026156214,322170,3788
76561199026156214,322330,191
76561199026156214,333420,2408
76561199026156214,346010,35
76561199026156214,378860,300
76561199026156214,386180,402
76561199026156214,410900,145
76561199026156214,508440,654
76561199026156214,617670,95
76561199026156214,703080,10
76561199026156214,711660,38
76561199026156214,815370,11
76561199026156214,953490,16
76561199026156214,979070,242
76561199026156214,1049280,74
76561199026156214,1085660,7849
76561199026156214,1357870,358
76561199026156214,1424330,24
76561199026156214,1677740,10621
76561199026156214,2073620,84
76561199026156214,2870840,92
76561199026156214,3314790,72
76561199026156214,3478870,15
76561199026156214,3527290,381
76561199793639791,220,674
76561199793639791,320,1
76561199793639791,360,1
76561199793639791,440,15343
76561199793639791,500,207
76561199793639791,620,582
76561199793639791,630,104
76561199793639791,730,10163
76561199793639791,4000,9724
76561199793639791,219150,514
76561199793639791,223710,120
76561199793639791,236390,67
76561199793639791,242760,102
76561199793639791,264710,142
76561199793639791,274170,878
76561199793639791,286690,361
76561199793639791,341940,90
76561199793639791,365670,476
76561199793639791,390290,26
76561199793639791,1063660,74
76561199793639791,1118200,758
76561199793639791,1222140,239
76561199793639791,1325860,12
76561199793639791,1364390,59
76561199793639791,1671340,20
76561199793639791,1818450,3244
76561199793639791,2073620,1965
76561199793639791,2719940,689
76561199793639791,2923300,25
76561199793639791,3008200,126
76561199793639791,3419430,174
76561199793639791,4050060,114
76561199793639791,4704690,281
76561198783881312,400,346
76561198783881312,440,303
76561198783881312,620,702
76561198783881312,730,112
76561198783881312,243470,1
76561198783881312,1172380,1185
76561198783881312,1172470,30
76561198783881312,2429640,61
76561198783881312,2767030,48
76561198783881312,3595230,309
76561199623707095,10,17
76561199623707095,20,6
76561199623707095,30,2
76561199623707095,70,369
76561199623707095,80,1
76561199623707095,240,66
76561199623707095,280,1
76561199623707095,320,13
76561199623707095,360,1
76561199623707095,400,369
76561199623707095,500,1
76561199623707095,550,39
76561199623707095,620,312
76561199623707095,2270,20
76561199623707095,2280,7
76561199623707095,2310,3
76561199623707095,3300,5
76561199623707095,3350,6
76561199623707095,3480,147
76561199623707095,3483,26
76561199623707095,3540,18
76561199623707095,4000,154
76561199623707095,12130,1
76561199623707095,13520,1
76561199623707095,20900,7
76561199623707095,24240,53
76561199623707095,40800,18
76561199623707095,57300,2
76561199623707095,70640,5
76561199623707095,219150,30
76561199623707095,223470,1082
76561199623707095,228200,1
76561199623707095,232770,303
76561199623707095,239030,84
76561199623707095,240720,48
76561199623707095,260190,2
76561199623707095,270150,51
76561199623707095,287980,551
76561199623707095,291550,243
76561199623707095,319510,33
76561199623707095,391540,9
76561199623707095,401680,7
76561199623707095,434050,211
76561199623707095,434170,1591
76561199623707095,501120,81
76561199623707095,504230,164
76561199623707095,507010,37
76561199623707095,572890,57
76561199623707095,610180,496
76561199623707095,698780,25
76561199623707095,711660,16
76561199623707095,738060,140
76561199623707095,862740,4
76561199623707095,953490,8
76561199623707095,1145360,3
76561199623707095,1388770,26
76561199623707095,1590910,3
76561199623707095,1715130,10
76561199623707095,1796470,9
76561199623707095,1873030,20
76561199623707095,1902490,27
76561199623707095,2719940,45
76561199623707095,2828500,724
76561199623707095,3241660,5969
76561199623707095,3527290,318
76561199623707095,4450800,76
76561199241211928,70,76
76561199241211928,620,875
76561199241211928,730,1309
76561199241211928,208650,1475
76561199241211928,230410,11012
76561199241211928,286690,1
76561199241211928,291550,9
76561199241211928,292060,9
76561199241211928,310370,18
76561199241211928,365590,1314
76561199241211928,387990,2749
76561199241211928,503560,20
76561199241211928,524440,19
76561199241211928,552500,16
76561199241211928,714010,11
76561199241211928,1172470,225
76561199241211928,1238840,4453
76561199241211928,1238860,12854
76561199241211928,1238880,3205
76561199241211928,1240440,20
76561199241211928,1241100,113
76561199241211928,1407200,19
76561199241211928,1517290,6953
76561199241211928,1677740,27
76561199241211928,2073850,61
76561199241211928,2221490,209
76561199241211928,2239140,8
76561199241211928,2410490,76
76561199241211928,2524890,34
76561199241211928,2623090,4
76561199241211928,3419430,415
76561199241211928,3775050,11
76561199229443002,220,9
76561199229443002,400,82
76561199229443002,550,97
76561199229443002,620,468
76561199229443002,730,11374
76561199229443002,107410,27
76561199229443002,227300,420
76561199229443002,236390,28735
76561199229443002,264710,22
76561199229443002,284160,31
76561199229443002,289070,17
76561199229443002,304930,13
76561199229443002,312520,9
76561199229443002,367520,3405
76561199229443002,387290,78
76561199229443002,397950,74
76561199229443002,413150,3327
76561199229443002,431960,330
76561199229443002,444200,160
76561199229443002,477160,2
76561199229443002,489940,16
76561199229443002,504230,308
76561199229443002,508440,15
76561199229443002,544810,98
76561199229443002,562010,24
76561199229443002,621830,12
76561199229443002,677620,34
76561199229443002,704850,16
76561199229443002,753640,173
76561199229443002,915320,18
76561199229443002,952060,21
76561199229443002,1030300,4520
76561199229443002,1030840,89
76561199229443002,1049410,212
76561199229443002,1174180,8498
76561199229443002,1222680,53
76561199229443002,1238810,23
76561199229443002,1238840,230
76561199229443002,1431610,42
76561199229443002,1551360,7820
76561199229443002,1625450,20
76561199229443002,3240220,451
76561199552924653,70,1233
76561199552924653,220,1788
76561199552924653,400,223
76561199552924653,500,178
76561199552924653,550,1060
76561199552924653,620,394
76561199552924653,4000,2837
76561199552924653,4500,90
76561199552924653,35450,373
76561199552924653,48700,10289
76561199552924653,48720,299
76561199552924653,105600,89
76561199552924653,108600,2275
76561199552924653,204450,110
76561199552924653,205100,134
76561199552924653,223470,184
76561199552924653,223710,12
76561199552924653,224260,18
76561199552924653,225840,64
76561199552924653,227300,1097
76561199552924653,236390,1315
76561199552924653,239140,1634
76561199552924653,242760,544
76561199552924653,255710,92
76561199552924653,262410,15
76561199552924653,286690,1476
76561199552924653,287390,1209
76561199552924653,304930,516
76561199552924653,362890,885
76561199552924653,379430,327
76561199552924653,385800,24
76561199552924653,391540,35
76561199552924653,394360,3424
76561199552924653,407130,18
76561199552924653,413150,1055
76561199552924653,433340,31
76561199552924653,440090,33
76561199552924653,446020,36
76561199552924653,503560,174
76561199552924653,508440,56
76561199552924653,636480,709
76561199552924653,714070,171
76561199552924653,736590,81
76561199552924653,900270,33
76561199552924653,960090,20
76561199552924653,1084020,688
76561199552924653,1118200,812
76561199552924653,1227690,32
76561199552924653,1229490,1985
76561199552924653,1238840,344
76561199552924653,1397920,189
76561199552924653,1583720,558
76561199552924653,1625450,22
76561199552924653,1672970,66
76561199552924653,1972820,6
76561199552924653,1977530,29
76561199552924653,2427410,382
76561199552924653,2551020,47
76561199552924653,2873080,80
76561199552924653,2881650,59
76561199552924653,3091340,10
76561199552924653,3293010,27
76561199552924653,3339420,42
76561199552924653,3399950,13
76561199552924653,3419430,25
76561199552924653,3527290,192
76561199552924653,3557620,492
76561199552924653,3856280,553
76561199552924653,3902430,12
76561199129589291,400,340
76561199129589291,550,136
76561199129589291,620,653
76561199129589291,730,3721
76561199129589291,8000,62
76561199129589291,12210,555
76561199129589291,20900,18
76561199129589291,20920,59
76561199129589291,35140,120
76561199129589291,200260,217
76561199129589291,203160,136
76561199129589291,208650,1343
76561199129589291,223750,20
76561199129589291,225540,165
76561199129589291,227300,1479
76561199129589291,230410,74
76561199129589291,236390,246
76561199129589291,243470,1712
76561199129589291,271590,24779
76561199129589291,275850,3505
76561199129589291,289650,1442
76561199129589291,292030,1712
76561199129589291,298110,125
76561199129589291,304930,497
76561199129589291,307780,117
76561199129589291,342200,19
76561199129589291,359320,2534
76561199129589291,359550,103
76561199129589291,368500,208
76561199129589291,391220,51
76561199129589291,391540,157
76561199129589291,397900,78
76561199129589291,408900,70
76561199129589291,412020,248
76561199129589291,413150,218
76561199129589291,431960,175
76561199129589291,433850,78
76561199129589291,438100,42
76561199129589291,447040,686
76561199129589291,461040,144
76561199129589291,466240,75
76561199129589291,471710,69
76561199129589291,503560,1
76561199129589291,553850,3451
76561199129589291,578080,527
76561199129589291,582160,1088
76561199129589291,585690,136
76561199129589291,588430,158
76561199129589291,613100,21
76561199129589291,646910,538
76561199129589291,677620,21
76561199129589291,700330,46
76561199129589291,707010,41
76561199129589291,714010,214
76561199129589291,729460,128
76561199129589291,744900,69
76561199129589291,750920,128
76561199129589291,812140,744
76561199129589291,823130,70
76561199129589291,915320,9
76561199129589291,976310,59
76561199129589291,976730,243
76561199129589291,1035510,8
76561199129589291,1085660,35
76561199129589291,1091500,1473
76561199129589291,1172470,144
76561199129589291,1172620,7351
76561199129589291,1174180,3756
76561199129589291,1180380,54
76561199129589291,1209040,66
76561199129589291,1222700,590
76561199129589291,1237950,577
76561199129589291,1237970,159
76561199129589291,1238810,1578
76561199129589291,1238820,136
76561199129589291,1238840,4617
76561199129589291,1238860,215
76561199129589291,1241100,28
76561199129589291,1279510,9
76561199129589291,1293830,1552
76561199129589291,1458140,420
76561199129589291,1517290,322
76561199129589291,1590320,8
76561199129589291,1782210,18
76561199129589291,1815780,148
76561199129589291,1818450,58
76561199129589291,1911390,41
76561199129589291,1938090,32
76561199129589291,1961460,72
76561199129589291,2012840,7
76561199129589291,2073850,2024
76561199129589291,2139460,44
76561199129589291,2208920,187
76561199129589291,2290180,1460
76561199129589291,2551020,197
76561199129589291,2641470,167
76561199129589291,2653790,146
76561199129589291,2698940,440
76561199129589291,2767030,718
76561199129589291,2807960,974
76561199129589291,2835570,419
76561199129589291,2841350,24
76561199129589291,2923300,8
76561199129589291,2943650,85
76561199129589291,3035570,2726
76561199129589291,3240220,5237
76561199129589291,3354750,118
76561199129589291,3405690,261
76561198261188424,70,168
76561198261188424,220,4193
76561198261188424,240,7
76561198261188424,400,1609
76561198261188424,440,6051
76561198261188424,550,1078
76561198261188424,620,7069
76561198261188424,730,16064
76561198261188424,3590,866
76561198261188424,8870,1
76561198261188424,17390,414
76561198261188424,17460,30
76561198261188424,42700,13
76561198261188424,42710,1
76561198261188424,49520,378
76561198261188424,72850,51
76561198261188424,105600,66675
76561198261188424,203160,2048
76561198261188424,208480,351
76561198261188424,211820,857
76561198261188424,214490,1615
76561198261188424,221640,83
76561198261188424,221910,212
76561198261188424,223710,36
76561198261188424,230290,47
76561198261188424,230410,30820
76561198261188424,238320,58
76561198261188424,239030,78
76561198261188424,240720,31
76561198261188424,242760,116
76561198261188424,252490,16721
76561198261188424,252950,609
76561198261188424,255710,199
76561198261188424,265630,11
76561198261188424,271590,54033
76561198261188424,272060,1
76561198261188424,275850,16219
76561198261188424,278360,363
76561198261188424,284160,2193
76561198261188424,287390,225
76561198261188424,288160,178
76561198261188424,291550,431
76561198261188424,292030,463
76561198261188424,293760,461
76561198261188424,296630,61
76561198261188424,298610,97
76561198261188424,304050,35
76561198261188424,304930,376
76561198261188424,305620,237
76561198261188424,306130,156
76561198261188424,307110,174
76561198261188424,307780,317
76561198261188424,310560,331
76561198261188424,311210,1030
76561198261188424,317400,11
76561198261188424,319510,136
76561198261188424,322170,1293
76561198261188424,322330,193
76561198261188424,346900,21885
76561198261188424,359550,43531
76561198261188424,361280,83
76561198261188424,363970,523
76561198261188424,365590,107
76561198261188424,378860,44
76561198261188424,379720,668
76561198261188424,381210,7492
76561198261188424,383870,444
76561198261188424,391220,1335
76561198261188424,391540,2663
76561198261188424,413150,31
76561198261188424,415200,87
76561198261188424,420530,483
76561198261188424,425580,180
76561198261188424,431240,1017
76561198261188424,431960,11231
76561198261188424,434170,358
76561198261188424,435440,92
76561198261188424,438100,18
76561198261188424,441870,332
76561198261188424,444640,83
76561198261188424,447530,18
76561198261188424,450540,394
76561198261188424,456750,19
76561198261188424,461560,618
76561198261188424,462930,899
76561198261188424,466910,15
76561198261188424,470220,641
76561198261188424,477160,328
76561198261188424,480490,79
76561198261188424,489830,254
76561198261188424,502550,216
76561198261188424,509980,56
76561198261188424,526870,1048
76561198261188424,527230,122
76561198261188424,530330,55
76561198261188424,544920,11
76561198261188424,547680,13
76561198261188424,548430,894
76561198261188424,570840,69
76561198261188424,577690,26
76561198261188424,577740,21
76561198261188424,589870,223
76561198261188424,611500,9
76561198261188424,620980,504
76561198261188424,622650,20
76561198261188424,642390,42
76561198261188424,648800,999
76561198261188424,667530,52
76561198261188424,674140,60
76561198261188424,674940,484
76561198261188424,677620,386
76561198261188424,683320,120
76561198261188424,698780,20
76561198261188424,700330,739
76561198261188424,711810,24
76561198261188424,714010,11
76561198261188424,715050,1
76561198261188424,739630,2006
76561198261188424,750920,1352
76561198261188424,765410,742
76561198261188424,774171,31
76561198261188424,775500,300
76561198261188424,782330,1871
76561198261188424,814380,10
76561198261188424,823130,382
76561198261188424,824270,309
76561198261188424,870780,2700
76561198261188424,884660,9
76561198261188424,893520,137
76561198261188424,909080,91
76561198261188424,915320,85
76561198261188424,915810,68
76561198261188424,920210,929
76561198261188424,945360,1338
76561198261188424,955060,193
76561198261188424,960090,4678
76561198261188424,962400,16
76561198261188424,999730,46
76561198261188424,1043180,55
76561198261188424,1053680,345
76561198261188424,1062160,298
76561198261188424,1069740,24
76561198261188424,1085660,4628
76561198261188424,1091500,25609
76561198261188424,1097150,504
76561198261188424,1139900,222
76561198261188424,1142130,166
76561198261188424,1152340,37
76561198261188424,1167630,72
76561198261188424,1172470,2276
76561198261188424,1213700,54
76561198261188424,1222670,755
76561198261188424,1222680,8141
76561198261188424,1229490,783
76561198261188424,1237970,574
76561198261188424,1238810,2788
76561198261188424,1245620,1414
76561198261188424,1262240,36
76561198261188424,1273710,25
76561198261188424,1281930,371
76561198261188424,1289310,26
76561198261188424,1290000,330
76561198261188424,1332010,537
76561198261188424,1343400,820
76561198261188424,1361320,341
76561198261188424,1392820,33
76561198261188424,1414430,49
76561198261188424,1435790,719
76561198261188424,1468260,6634
76561198261188424,1517290,277
76561198261188424,1522950,43
76561198261188424,1551360,3002
76561198261188424,1604000,142
76561198261188424,1657630,255
76561198261188424,1703340,27
76561198261188424,1846170,75
76561198261188424,1902490,47
76561198261188424,1966720,528
76561198261188424,2131630,240
76561198261188424,2763740,11
76561198261188424,3146520,1977
76561198261188424,3240220,14385
76561198261188424,3419430,74457
76561198261188424,3948120,1495
76561198261188424,3981100,426
76561198054080295,50,265
76561198054080295,70,518
76561198054080295,130,165
76561198054080295,220,2114
76561198054080295,240,46
76561198054080295,280,373
76561198054080295,400,669
76561198054080295,440,70919
76561198054080295,550,15401
76561198054080295,620,1294
76561198054080295,730,6694
76561198054080295,4000,21876
76561198054080295,17300,181
76561198054080295,17410,158
76561198054080295,17520,2124
76561198054080295,24240,17
76561198054080295,38400,45
76561198054080295,55150,647
76561198054080295,63380,88
76561198054080295,104600,1
76561198054080295,105600,3733
76561198054080295,108800,18
76561198054080295,208610,62
76561198054080295,214420,550
76561198054080295,214850,38
76561198054080295,222880,31
76561198054080295,225840,141
76561198054080295,236390,3313
76561198054080295,236430,2523
76561198054080295,242760,873
76561198054080295,244210,1
76561198054080295,245170,7218
76561198054080295,250900,43
76561198054080295,264710,1400
76561198054080295,301520,708
76561198054080295,304930,1394
76561198054080295,317400,529
76561198054080295,346010,2758
76561198054080295,359550,35
76561198054080295,362890,1261
76561198054080295,365670,82
76561198054080295,374320,9831
76561198054080295,377160,281
76561198054080295,379720,885
76561198054080295,389510,120
76561198054080295,418530,2451
76561198054080295,438100,59121
76561198054080295,443110,470
76561198054080295,444200,160
76561198054080295,450540,723
76561198054080295,477160,166
76561198054080295,503580,12
76561198054080295,516750,29
76561198054080295,520440,1556
76561198054080295,546560,2748
76561198054080295,555160,2583
76561198054080295,577530,155
76561198054080295,578080,49
76561198054080295,582010,6705
76561198054080295,601360,310
76561198054080295,609320,410
76561198054080295,612880,34
76561198054080295,620980,87
76561198054080295,629730,539
76561198054080295,657200,81
76561198054080295,657630,3
76561198054080295,667970,7171
76561198054080295,698780,224
76561198054080295,699130,2113
76561198054080295,739630,4333
76561198054080295,741990,196
76561198054080295,753640,2042
76561198054080295,774171,28
76561198054080295,782330,1436
76561198054080295,814380,4782
76561198054080295,823500,570
76561198054080295,848450,1864
76561198054080295,960170,5790
76561198054080295,966680,210
76561198054080295,993090,1
76561198054080295,1012790,3309
76561198054080295,1049410,174
76561198054080295,1084520,7
76561198054080295,1091500,7212
76561198054080295,1163870,1278
76561198054080295,1172470,2875
76561198054080295,1174180,226
76561198054080295,1178140,206
76561198054080295,1192900,268
76561198054080295,1201630,121
76561198054080295,1202900,103
76561198054080295,1233570,686
76561198054080295,1237970,2
76561198054080295,1245620,17426
76561198054080295,1289310,124
76561198054080295,1294760,287
76561198054080295,1363430,79
76561198054080295,1384160,2333
76561198054080295,1446780,9862
76561198054080295,1463010,1176
76561198054080295,1465070,3344
76561198054080295,1478220,24
76561198054080295,1507190,197
76561198054080295,1562700,727
76561198054080295,1570010,346
76561198054080295,1623730,3183
76561198054080295,1674170,70
76561198054080295,1721470,37
76561198054080295,1836450,41
76561198054080295,1850360,14
76561198054080295,1875280,774
76561198054080295,1888160,5820
76561198054080295,1902490,30
76561198054080295,1957780,64
76561198054080295,1962700,196
76561198054080295,1966720,1157
76561198054080295,2000280,209
76561198054080295,2005010,236
76561198054080295,2012840,79
76561198054080295,2073850,1038
76561198054080295,2074920,155
76561198054080295,2081470,382
76561198054080295,2124780,196
76561198054080295,2139460,200
76561198054080295,2183900,18870
76561198054080295,2246340,45376
76561198054080295,2270750,1066
76561198054080295,2307350,91
76561198054080295,2357570,457
76561198054080295,2360690,341
76561198054080295,2562460,220
76561198054080295,2622380,19432
76561198054080295,2634140,189
76561198054080295,2696400,8
76561198054080295,2709570,361
76561198054080295,2739990,114
76561198054080295,2817620,380
76561198054080295,2835570,42
76561198054080295,2868840,1075
76561198054080295,2881650,237
76561198054080295,2923300,13
76561198054080295,2985930,91
76561198054080295,2990640,788
76561198054080295,3017860,1361
76561198054080295,3167020,1520
76561198054080295,3244220,415
76561198054080295,3272300,89
76561198054080295,3598130,27
76561198054080295,3982130,480
76561198896959279,50,1
76561198896959279,130,36
76561198896959279,400,1127
76561198896959279,620,377
76561198896959279,730,3608
76561198896959279,2280,2018
76561198896959279,2310,1322
76561198896959279,39140,325
76561198896959279,48000,769
76561198896959279,49520,360
76561198896959279,213670,3355
76561198896959279,291550,19628
76561198896959279,360740,371
76561198896959279,367520,10151
76561198896959279,488790,123
76561198896959279,504230,1412
76561198896959279,588430,221
76561198896959279,774361,2613
76561198896959279,1030300,2958
76561198896959279,3837340,25
76561197964163072,10,158
76561197964163072,20,108
76561197964163072,30,99
76561197964163072,60,77
76561197964163072,70,817
76561197964163072,220,5790
76561197964163072,240,1074
76561197964163072,280,144
76561197964163072,300,188
76561197964163072,400,1304
76561197964163072,440,68461
76561197964163072,500,371
76561197964163072,550,1227
76561197964163072,570,140193
76561197964163072,590,435
76561197964163072,620,7240
76561197964163072,730,43837
76561197964163072,1200,78
76561197964163072,1250,187
76561197964163072,1280,21
76561197964163072,1840,4
76561197964163072,2200,3
76561197964163072,2270,241
76561197964163072,2280,344
76561197964163072,2290,1
76561197964163072,2300,95
76561197964163072,2310,231
76561197964163072,2320,8
76561197964163072,3483,74
76561197964163072,3830,37
76561197964163072,4000,38
76561197964163072,4920,1179
76561197964163072,6020,41
76561197964163072,6030,25
76561197964163072,6120,11
76561197964163072,7940,1598
76561197964163072,8980,535
76561197964163072,9050,247
76561197964163072,9160,15
76561197964163072,9180,10
76561197964163072,9200,758
76561197964163072,10180,608
76561197964163072,10190,11969
76561197964163072,12210,3198
76561197964163072,12900,275
76561197964163072,13200,50
76561197964163072,13210,685
76561197964163072,13230,60
76561197964163072,13240,42
76561197964163072,13250,173
76561197964163072,13580,98
76561197964163072,15100,1016
76561197964163072,15500,447
76561197964163072,15520,314
76561197964163072,17020,1808
76561197964163072,17080,389
76561197964163072,17410,86
76561197964163072,17450,46
76561197964163072,17460,1400
76561197964163072,17470,463
76561197964163072,18500,2923
76561197964163072,18700,10
76561197964163072,19900,219
76561197964163072,20820,75
76561197964163072,22300,3680
76561197964163072,22350,221
76561197964163072,22380,121
76561197964163072,24740,1384
76561197964163072,24960,1855
76561197964163072,24980,232
76561197964163072,26500,217
76561197964163072,26800,1635
76561197964163072,26900,5
76561197964163072,31280,156
76561197964163072,31290,180
76561197964163072,32400,11
76561197964163072,33220,1158
76561197964163072,35460,760
76561197964163072,38700,336
76561197964163072,38720,579
76561197964163072,40800,2308
76561197964163072,41500,8
76561197964163072,42700,647
76561197964163072,42710,7722
76561197964163072,48000,1439
76561197964163072,49520,4120
76561197964163072,57300,159
76561197964163072,63700,129
76561197964163072,63710,29
76561197964163072,65300,119
76561197964163072,70300,324
76561197964163072,72850,178
76561197964163072,94500,152
76561197964163072,94510,140
76561197964163072,94520,155
76561197964163072,94530,152
76561197964163072,99700,11
76561197964163072,99830,593
76561197964163072,107100,147
76561197964163072,108600,168
76561197964163072,110800,1335
76561197964163072,113200,138
76561197964163072,200900,89
76561197964163072,201870,25
76561197964163072,202970,40
76561197964163072,202990,28
76561197964163072,203160,95
76561197964163072,203810,98
76561197964163072,204060,38
76561197964163072,204100,1653
76561197964163072,206190,57
76561197964163072,209540,1
76561197964163072,209830,15
76561197964163072,210970,416
76561197964163072,211400,132
76561197964163072,211420,1005
76561197964163072,218230,2512
76561197964163072,219890,144
76561197964163072,220780,103
76561197964163072,221540,1144
76561197964163072,221910,1870
76561197964163072,226320,305
76561197964163072,227380,17
76561197964163072,230410,79
76561197964163072,232790,33
76561197964163072,234160,14
76561197964163072,235600,179
76561197964163072,236450,444
76561197964163072,238050,2028
76561197964163072,238090,71
76561197964163072,238960,223
76561197964163072,239030,292
76561197964163072,249990,19
76561197964163072,250320,632
76561197964163072,250900,828
76561197964163072,252490,283951
76561197964163072,252950,206
76561197964163072,254700,1173
76561197964163072,257510,1579
76561197964163072,268910,201
76561197964163072,271590,5017
76561197964163072,286160,6908
76561197964163072,287700,7653
76561197964163072,289070,8
76561197964163072,290930,71
76561197964163072,292730,105
76561197964163072,300060,32
76561197964163072,300550,469
76561197964163072,303210,52
76561197964163072,304430,419
76561197964163072,306760,334
76561197964163072,311210,1239
76561197964163072,311340,1005
76561197964163072,322330,81
76561197964163072,326460,324
76561197964163072,327690,253
76561197964163072,330830,1114
76561197964163072,331670,66
76561197964163072,334540,29
76561197964163072,341800,46
76561197964163072,346110,2760
76561197964163072,348250,11
76561197964163072,359320,2086
76561197964163072,359550,142
76561197964163072,362890,1484
76561197964163072,367520,66
76561197964163072,377160,3526
76561197964163072,379720,1792
76561197964163072,381210,1142
76561197964163072,383870,64
76561197964163072,386940,44
76561197964163072,391540,333
76561197964163072,393080,42
76561197964163072,393100,196
76561197964163072,400940,561
76561197964163072,405640,201
76561197964163072,413150,1060
76561197964163072,418370,48
76561197964163072,424840,45
76561197964163072,427410,548
76561197964163072,434170,68
76561197964163072,438100,116
76561197964163072,439370,24
76561197964163072,448280,205
76561197964163072,448850,52
76561197964163072,450390,254
76561197964163072,470220,31
76561197964163072,480490,105
76561197964163072,491950,287
76561197964163072,493520,91
76561197964163072,503580,110
76561197964163072,527440,70
76561197964163072,546560,1198
76561197964163072,552500,201
76561197964163072,553850,1360
76561197964163072,555160,275
76561197964163072,571740,78
76561197964163072,578080,13941
76561197964163072,582010,1000
76561197964163072,583950,336
76561197964163072,594650,2528
76561197964163072,600140,76
76561197964163072,617830,53
76561197964163072,620980,634
76561197964163072,632360,159
76561197964163072,636450,1291
76561197964163072,638970,1
76561197964163072,639130,116
76561197964163072,648800,1241
76561197964163072,679990,60
76561197964163072,686810,103
76561197964163072,704270,148
76561197964163072,720250,167
76561197964163072,739630,161
76561197964163072,753640,20
76561197964163072,774461,58
76561197964163072,774801,66
76561197964163072,782330,560
76561197964163072,798490,20
76561197964163072,813230,41
76561197964163072,823130,40
76561197964163072,823500,961
76561197964163072,835960,421
76561197964163072,868020,8
76561197964163072,868270,170
76561197964163072,880940,175
76561197964163072,886250,266
76561197964163072,892970,65
76561197964163072,943760,635
76561197964163072,945360,1346
76561197964163072,976330,11
76561197964163072,976730,180
76561197964163072,1005300,438
76561197964163072,1046930,574
76561197964163072,1057240,96
76561197964163072,1061090,14
76561197964163072,1085660,570
76561197964163072,1086940,4042
76561197964163072,1091500,2727
76561197964163072,1092790,1611
76561197964163072,1097150,341
76561197964163072,1097200,937
76561197964163072,1151340,1435
76561197964163072,1172380,54
76561197964163072,1172470,1423
76561197964163072,1172620,385
76561197964163072,1174180,4873
76561197964163072,1211630,194
76561197964163072,1217060,80
76561197964163072,1229490,26
76561197964163072,1237970,43
76561197964163072,1240440,5114
76561197964163072,1245620,195
76561197964163072,1252330,206
76561197964163072,1282730,3
76561197964163072,1284190,376
76561197964163072,1285190,235
76561197964163072,1302240,264
76561197964163072,1304930,142
76561197964163072,1361700,270
76561197964163072,1408230,1064
76561197964163072,1422450,330
76561197964163072,1517290,62
76561197964163072,1546310,115
76561197964163072,1585220,63
76561197964163072,1592280,28
76561197964163072,1593500,3
76561197964163072,1609080,26
76561197964163072,1623730,1814
76561197964163072,1643320,810
76561197964163072,1670870,85
76561197964163072,1671210,1
76561197964163072,1693980,101
76561197964163072,1716740,356
76561197964163072,1798010,77
76561197964163072,1808500,2557
76561197964163072,1846170,34
76561197964163072,1875580,67
76561197964163072,1902490,29
76561197964163072,1966720,2033
76561197964163072,2005010,18
76561197964163072,2012840,25
76561197964163072,2050650,99
76561197964163072,2060160,107
76561197964163072,2073620,668
76561197964163072,2073850,534
76561197964163072,2131630,2124
76561197964163072,2131650,200
76561197964163072,2141730,302
76561197964163072,2198150,5
76561197964163072,2226280,90
76561197964163072,2306740,11
76561197964163072,2379780,16797
76561197964163072,2398450,25
76561197964163072,2399830,1454
76561197964163072,2413950,374
76561197964163072,2417610,318
76561197964163072,2497900,34
76561197964163072,2531310,1141
76561197964163072,2545220,177
76561197964163072,2623190,28
76561197964163072,2641470,40
76561197964163072,2694490,335
76561197964163072,2708450,86
76561197964163072,2805060,73
76561197964163072,2807960,3078
76561197964163072,2828500,300
76561197964163072,2835570,347
76561197964163072,2881650,576
76561197964163072,2943650,502
76561197964163072,3011440,62
76561197964163072,3017860,63
76561197964163072,3097560,340
76561197964163072,3164500,80
76561197964163072,3240220,4720
76561197964163072,3241660,793
76561197964163072,3311740,69
76561197964163072,3314790,11058
76561197964163072,3354750,51
76561197964163072,3892270,537
76561197964163072,4128260,184
76561199014331670,400,516
76561199014331670,440,487
76561199014331670,550,341
76561199014331670,620,2207
76561199014331670,730,1439
76561199014331670,3480,423
76561199014331670,3590,1694
76561199014331670,4000,1441
76561199014331670,17390,3964
76561199014331670,17440,339
76561199014331670,21690,799
76561199014331670,24720,1471
76561199014331670,70300,279
76561199014331670,105600,13143
76561199014331670,108600,2129
76561199014331670,204360,205
76561199014331670,218620,1378
76561199014331670,221100,760
76561199014331670,221640,70
76561199014331670,221910,294
76561199014331670,224260,47
76561199014331670,230290,109
76561199014331670,235540,21
76561199014331670,239030,411
76561199014331670,239140,1
76561199014331670,240720,744
76561199014331670,248650,313
76561199014331670,250900,476
76561199014331670,264710,10709
76561199014331670,268910,2875
76561199014331670,270550,131
76561199014331670,286160,385
76561199014331670,291550,731
76561199014331670,298180,42
76561199014331670,304930,270
76561199014331670,306020,210
76561199014331670,308600,20
76561199014331670,319510,347
76561199014331670,322170,13113
76561199014331670,322330,428
76561199014331670,327890,184
76561199014331670,332580,178
76561199014331670,332800,159
76561199014331670,332950,430
76561199014331670,341800,173
76561199014331670,354140,64
76561199014331670,359550,20135
76561199014331670,365670,417
76561199014331670,386940,623
76561199014331670,388090,467
76561199014331670,391540,639
76561199014331670,397950,147
76561199014331670,403180,679
76561199014331670,408900,62
76561199014331670,418370,1575
76561199014331670,427730,487
76561199014331670,431240,5
76561199014331670,440310,72
76561199014331670,444770,65
76561199014331670,471710,177
76561199014331670,506610,207
76561199014331670,508440,1239
76561199014331670,521890,238
76561199014331670,531510,179
76561199014331670,534380,541
76561199014331670,552500,76
76561199014331670,553850,1576
76561199014331670,564710,343
76561199014331670,568090,128
76561199014331670,578080,210
76561199014331670,589290,131
76561199014331670,589590,417
76561199014331670,594650,410
76561199014331670,613100,446
76561199014331670,622650,183
76561199014331670,648800,2095
76561199014331670,657200,68
76561199014331670,674940,180
76561199014331670,677620,142
76561199014331670,700330,338
76561199014331670,704270,96
76561199014331670,711660,206
76561199014331670,714010,14
76561199014331670,736260,1696
76561199014331670,738060,925
76561199014331670,739630,7008
76561199014331670,747660,3675
76561199014331670,774461,575
76561199014331670,781640,293
76561199014331670,823130,146
76561199014331670,837470,364
76561199014331670,843380,104
76561199014331670,848450,3380
76561199014331670,860510,278
76561199014331670,861540,3635
76561199014331670,871720,622
76561199014331670,883710,1878
76561199014331670,924140,119
76561199014331670,945360,6422
76561199014331670,946050,3865
76561199014331670,952060,994
76561199014331670,960090,4702
76561199014331670,962130,10422
76561199014331670,962400,281
76561199014331670,979920,69
76561199014331670,1007040,53
76561199014331670,1012880,173
76561199014331670,1018800,1843
76561199014331670,1063660,163
76561199014331670,1067850,36
76561199014331670,1085660,77
76561199014331670,1089980,1657
76561199014331670,1092790,5421
76561199014331670,1115050,1129
76561199014331670,1118200,3603
76561199014331670,1127500,377
76561199014331670,1128810,63
76561199014331670,1131080,151
76561199014331670,1142500,202
76561199014331670,1172620,2818
76561199014331670,1174180,109
76561199014331670,1179210,863
76561199014331670,1196590,1218
76561199014331670,1205040,31
76561199014331670,1206560,255
76561199014331670,1222140,627
76561199014331670,1236990,24
76561199014331670,1237950,16
76561199014331670,1237980,1
76561199014331670,1240210,823
76561199014331670,1241100,11
76561199014331670,1241700,35
76561199014331670,1252780,46
76561199014331670,1275350,671
76561199014331670,1275890,2315
76561199014331670,1276390,534
76561199014331670,1281930,687
76561199014331670,1343400,219
76561199014331670,1349060,199
76561199014331670,1353300,76
76561199014331670,1419170,816
76561199014331670,1432050,477
76561199014331670,1454400,14558
76561199014331670,1468260,206
76561199014331670,1476970,93
76561199014331670,1557740,254
76561199014331670,1624540,334
76561199014331670,1625450,460
76561199014331670,1659040,207
76561199014331670,1670460,278
76561199014331670,1671210,3608
76561199014331670,1677740,77
76561199014331670,1686940,802
76561199014331670,1703340,230
76561199014331670,1707550,1
76561199014331670,1712830,110
76561199014331670,1714040,51
76561199014331670,1717770,795
76561199014331670,1761620,32
76561199014331670,1766740,495
76561199014331670,1782210,92
76561199014331670,1824220,24
76561199014331670,1922560,85
76561199014331670,1931770,907
76561199014331670,1948280,643
76561199014331670,1949740,152
76561199014331670,1961460,67
76561199014331670,1962700,1124
76561199014331670,1966720,12984
76561199014331670,1972440,477
76561199014331670,1977530,19
76561199014331670,1986760,97
76561199014331670,2016590,141
76561199014331670,2021910,207
76561199014331670,2050650,1975
76561199014331670,2056090,93
76561199014331670,2079980,43
76561199014331670,2085540,382
76561199014331670,2096510,772
76561199014331670,2124780,595
76561199014331670,2127230,4
76561199014331670,2149010,302
76561199014331670,2239150,191
76561199014331670,2272540,17
76561199014331670,2274110,260
76561199014331670,2353760,17
76561199014331670,2379780,560
76561199014331670,2381590,129
76561199014331670,2449040,140
76561199014331670,2455920,327
76561199014331670,2523120,48
76561199014331670,2529080,452
76561199014331670,2551020,87
76561199014331670,2567870,513
76561199014331670,2661300,826
76561199014331670,2688900,98
76561199014331670,2751050,117
76561199014331670,2767030,1253
76561199014331670,2835570,566
76561199014331670,2881650,614
76561199014331670,2909110,134
76561199014331670,2963880,124
76561199014331670,2990640,187
76561199014331670,3110070,291
76561199014331670,3164500,1513
76561199014331670,3168600,378
76561199014331670,3241660,170
76561199014331670,3527290,1054
76561199014331670,3667230,121
76561199014331670,3764200,1063
76561199014331670,3892270,444
76561199014331670,3950770,69
76561199014331670,4704690,441
76561199467345363,10,49
76561199467345363,70,221
76561199467345363,220,172
76561199467345363,240,110
76561199467345363,400,839
76561199467345363,620,2097
76561199467345363,630,8
76561199467345363,730,513
76561199467345363,1250,138
76561199467345363,4000,2453
76561199467345363,7670,44
76561199467345363,8870,111
76561199467345363,8980,339
76561199467345363,12130,151
76561199467345363,17410,108
76561199467345363,19680,384
76561199467345363,40800,563
76561199467345363,45740,218
76561199467345363,49520,41
76561199467345363,55100,393
76561199467345363,105600,2650
76561199467345363,108600,939
76561199467345363,108710,202
76561199467345363,204360,762
76561199467345363,204450,662
76561199467345363,213670,985
76561199467345363,218620,2557
76561199467345363,219150,806
76561199467345363,223470,318
76561199467345363,223710,729
76561199467345363,224260,318
76561199467345363,232090,207
76561199467345363,233720,144
76561199467345363,238320,2640
76561199467345363,238460,110
76561199467345363,239140,377
76561199467345363,242680,156
76561199467345363,242760,536
76561199467345363,245170,351
76561199467345363,248570,19
76561199467345363,250180,136
76561199467345363,250320,823
76561199467345363,250900,6312
76561199467345363,252610,179
76561199467345363,254460,4
76561199467345363,254700,127
76561199467345363,262060,669
76561199467345363,268990,305
76561199467345363,274170,2897
76561199467345363,274190,492
76561199467345363,286690,207
76561199467345363,291550,74
76561199467345363,304930,234
76561199467345363,311690,435
76561199467345363,312530,98
76561199467345363,322170,17858
76561199467345363,322500,234
76561199467345363,332950,116
76561199467345363,359550,961
76561199467345363,377160,156
76561199467345363,379720,94
76561199467345363,381210,4966
76561199467345363,383150,95
76561199467345363,383980,1393
76561199467345363,405290,2167
76561199467345363,409710,1168
76561199467345363,414700,1427
76561199467345363,418370,452
76561199467345363,431960,456
76561199467345363,442070,6
76561199467345363,460950,1286
76561199467345363,471710,416
76561199467345363,530620,64
76561199467345363,531510,244
76561199467345363,557340,147
76561199467345363,568090,199
76561199467345363,588430,55
76561199467345363,601150,275
76561199467345363,611500,23
76561199467345363,612390,18
76561199467345363,613100,100
76561199467345363,631510,68
76561199467345363,641990,440
76561199467345363,648800,168
76561199467345363,658850,257
76561199467345363,684410,85
76561199467345363,690040,130
76561199467345363,714010,70
76561199467345363,729040,147
76561199467345363,823130,115
76561199467345363,843200,92
76561199467345363,871720,34
76561199467345363,883710,157
76561199467345363,960910,258
76561199467345363,1061090,153
76561199467345363,1062830,166
76561199467345363,1063660,351
76561199467345363,1092790,123
76561199467345363,1144770,143
76561199467345363,1145360,810
76561199467345363,1172470,107
76561199467345363,1229490,8921
76561199467345363,1236990,48
76561199467345363,1240210,137
76561199467345363,1254130,96
76561199467345363,1266690,292
76561199467345363,1281930,51
76561199467345363,1283410,20
76561199467345363,1285670,463
76561199467345363,1300600,19
76561199467345363,1304930,2282
76561199467345363,1449690,2866
76561199467345363,1454730,140
76561199467345363,1608640,78
76561199467345363,1712830,171
76561199467345363,1782210,36
76561199467345363,1785150,566
76561199467345363,1818750,35
76561199467345363,1911390,17
76561199467345363,1922560,269
76561199467345363,1944430,73
76561199467345363,2027330,300
76561199467345363,2161700,363
76561199467345363,2212330,400
76561199467345363,2272420,92
76561199467345363,2281730,195
76561199467345363,2313700,30
76561199467345363,2353760,11
76561199467345363,2379780,1171
76561199467345363,2551020,36
76561199467345363,2828500,1
76561199467345363,2834910,52
76561199467345363,2835570,221
76561199467345363,3008200,19
76561199467345363,3164500,546
76561199467345363,3354750,124
76561199467345363,3949040,636
76561199467345363,4465480,32
76561198768578988,620,195
76561198768578988,71250,49
76561198768578988,291550,20
76561198768578988,945360,72
76561198768578988,1276390,9
76561198768578988,3527290,43
76561198768578988,4704690,11
76561199377104400,400,1
76561199377104400,620,224
76561199377104400,105600,1014
76561199377104400,212680,618
76561199377104400,220200,17027
76561199377104400,230290,587
76561199377104400,231350,55
76561199377104400,236390,207
76561199377104400,250900,27
76561199377104400,264710,3675
76561199377104400,275850,1168
76561199377104400,284160,721
76561199377104400,314650,1596
76561199377104400,346110,279
76561199377104400,346900,636
76561199377104400,359320,823
76561199377104400,361420,2041
76561199377104400,387990,149
76561199377104400,427520,2534
76561199377104400,457140,1214
76561199377104400,526870,560
76561199377104400,548430,2
76561199377104400,553850,286
76561199377104400,588650,1795
76561199377104400,632360,2268
76561199377104400,648800,509
76561199377104400,739630,367
76561199377104400,753640,497
76561199377104400,848450,89
76561199377104400,870200,611
76561199377104400,881100,229
76561199377104400,890520,324
76561199377104400,892970,344
76561199377104400,897450,502
76561199377104400,954850,1625
76561199377104400,990080,346
76561199377104400,993090,639
76561199377104400,1172470,45
76561199377104400,1172620,9864
76561199377104400,1237970,780
76561199377104400,1276390,139
76561199377104400,1281930,400
76561199377104400,1284190,210
76561199377104400,1473350,527
76561199377104400,1557740,756
76561199377104400,1625450,144
76561199377104400,1637320,1363
76561199377104400,1686940,1951
76561199377104400,1782210,31
76561199377104400,1808500,21672
76561199377104400,1818750,405
76561199377104400,1868140,711
76561199377104400,1962700,791
76561199377104400,1966720,8667
76561199377104400,1977530,86
76561199377104400,2062430,319
76561199377104400,2106670,215
76561199377104400,2138720,300
76561199377104400,2162800,100
76561199377104400,2321470,195
76561199377104400,2357570,513
76561199377104400,2767030,10673
76561199377104400,3241660,832
76561199377104400,3265700,11
76561199377104400,3527290,418
76561199377104400,4704690,22
76561198866375958,70,659
76561198866375958,400,197
76561198866375958,550,55
76561198866375958,620,1005
76561198866375958,730,229786
76561198866375958,12120,2463
76561198866375958,12210,3259
76561198866375958,17410,585
76561198866375958,22380,425
76561198866375958,35140,1688
76561198866375958,110800,2465
76561198866375958,200260,2623
76561198866375958,203160,1195
76561198866375958,204100,596
76561198866375958,208650,3057
76561198866375958,218620,181
76561198866375958,219640,169
76561198866375958,227940,169
76561198866375958,230410,66
76561198866375958,231430,15
76561198866375958,236390,117
76561198866375958,238320,2
76561198866375958,239140,3273
76561198866375958,241260,250
76561198866375958,255710,478
76561198866375958,282070,1621
76561198866375958,291550,67
76561198866375958,292030,276
76561198866375958,298240,53
76561198866375958,304240,1906
76561198866375958,304930,75
76561198866375958,307690,2077
76561198866375958,359550,16135
76561198866375958,360430,2559
76561198866375958,393380,24707
76561198866375958,403640,45
76561198866375958,424840,910
76561198866375958,477160,260
76561198866375958,518790,487
76561198866375958,530700,17
76561198866375958,552520,2979
76561198866375958,578080,487
76561198866375958,581320,4048
76561198866375958,614570,175
76561198866375958,621060,1241
76561198866375958,671860,709
76561198866375958,686810,4163
76561198866375958,736220,84
76561198866375958,736590,1374
76561198866375958,755790,171
76561198866375958,845070,56
76561198866375958,860510,735
76561198866375958,863550,115
76561198866375958,939400,119
76561198866375958,1030830,1086
76561198866375958,1030840,638
76561198866375958,1085660,260
76561198866375958,1086940,1185
76561198866375958,1091500,6567
76561198866375958,1106850,38
76561198866375958,1144200,3957
76561198866375958,1172380,244
76561198866375958,1172470,3400
76561198866375958,1222670,10150
76561198866375958,1222700,136
76561198866375958,1238810,2971
76561198866375958,1238840,2007
76561198866375958,1238860,8583
76561198866375958,1259420,190
76561198866375958,1259970,8150
76561198866375958,1265920,754
76561198866375958,1265930,433
76561198866375958,1301720,59
76561198866375958,1328670,8903
76561198866375958,1359090,493
76561198866375958,1426210,834
76561198866375958,1449690,1
76561198866375958,1451190,268
76561198866375958,1509960,565
76561198866375958,1548850,1114
76561198866375958,1584090,92
76561198866375958,1593500,3449
76561198866375958,1665460,3576
76561198866375958,1782210,9
76561198866375958,1874880,25792
76561198866375958,1890860,126
76561198866375958,1913370,102
76561198866375958,1938090,8690
76561198866375958,2000950,754
76561198866375958,2001120,214
76561198866375958,2073850,69
76561198866375958,2322010,5293
76561198866375958,2479810,2119
76561198866375958,2507950,538
76561198866375958,2668510,2454
76561198866375958,3180070,221
76561198866375958,4465480,64
76561198994072114,400,195
76561198994072114,550,197
76561198994072114,620,940
76561198994072114,730,11321
76561198994072114,4000,271
76561198994072114,10180,333
76561198994072114,10190,28
76561198994072114,12200,4604
76561198994072114,12210,2067
76561198994072114,105600,57328
76561198994072114,108600,2576
76561198994072114,204360,547
76561198994072114,218620,18054
76561198994072114,219150,480
76561198994072114,223470,250
76561198994072114,235460,1585
76561198994072114,238320,308
76561198994072114,238460,737
76561198994072114,242760,3979
76561198994072114,250900,4616
76561198994072114,264710,5085
76561198994072114,271590,1062
76561198994072114,274170,509
76561198994072114,287700,8680
76561198994072114,304930,58
76561198994072114,311340,424
76561198994072114,322330,1013
76561198994072114,322500,450
76561198994072114,335240,455
76561198994072114,341800,328
76561198994072114,359550,1968
76561198994072114,367520,9669
76561198994072114,374320,5510
76561198994072114,388090,345
76561198994072114,413150,2948
76561198994072114,414700,653
76561198994072114,425220,120
76561198994072114,431960,2078
76561198994072114,438100,1802
76561198994072114,460950,990
76561198994072114,470220,1
76561198994072114,504230,297
76561198994072114,506610,206
76561198994072114,521890,745
76561198994072114,524220,1275
76561198994072114,535520,149
76561198994072114,570940,4022
76561198994072114,595520,5663
76561198994072114,607260,7
76561198994072114,641990,1141
76561198994072114,648800,319
76561198994072114,698780,359
76561198994072114,700330,21021
76561198994072114,704850,732
76561198994072114,714010,32
76561198994072114,720250,414
76561198994072114,738060,657
76561198994072114,739630,5390
76561198994072114,751780,399
76561198994072114,761890,296
76561198994072114,774361,100
76561198994072114,787480,637
76561198994072114,814380,1363
76561198994072114,848450,196
76561198994072114,871720,1291
76561198994072114,920490,1060
76561198994072114,960090,4225
76561198994072114,963280,18
76561198994072114,977400,15
76561198994072114,993090,248
76561198994072114,1030300,1602
76561198994072114,1089090,548
76561198994072114,1172620,851
76561198994072114,1174180,4546
76561198994072114,1229380,85
76561198994072114,1233570,211
76561198994072114,1260320,1720
76561198994072114,1274570,1394
76561198994072114,1276390,1760
76561198994072114,1281930,8980
76561198994072114,1313140,578
76561198994072114,1326470,134
76561198994072114,1372110,620
76561198994072114,1482620,55
76561198994072114,1485080,48
76561198994072114,1507580,549
76561198994072114,1509960,317
76561198994072114,1568590,37
76561198994072114,1592190,1218
76561198994072114,1625450,44
76561198994072114,1677740,1221
76561198994072114,1687950,7304
76561198994072114,1712830,303
76561198994072114,1766740,161
76561198994072114,1782210,801
76561198994072114,1922560,3407
76561198994072114,2021910,21
76561198994072114,2357570,267
76561198994072114,2638370,677
76561198994072114,2923300,13
76561198994072114,3061570,98
76561198994072114,3224770,2314
76561198994072114,3419430,422
76561198994072114,4233550,35
76561198863254785,50,5
76561198863254785,70,1181
76561198863254785,220,190
76561198863254785,400,224
76561198863254785,550,74
76561198863254785,620,658
76561198863254785,730,1289
76561198863254785,4000,362
76561198863254785,6910,14
76561198863254785,8870,1066
76561198863254785,12210,76
76561198863254785,19680,54
76561198863254785,22380,63
76561198863254785,32440,30
76561198863254785,39140,39
76561198863254785,40800,157
76561198863254785,50300,90
76561198863254785,71340,66
76561198863254785,105600,15
76561198863254785,108600,17
76561198863254785,113200,441
76561198863254785,207140,388
76561198863254785,208650,2361
76561198863254785,209000,922
76561198863254785,213610,226
76561198863254785,214490,90
76561198863254785,218620,520
76561198863254785,219150,350
76561198863254785,220240,1257
76561198863254785,225540,8
76561198863254785,228300,123
76561198863254785,235460,792
76561198863254785,238320,9
76561198863254785,238960,10
76561198863254785,239140,825
76561198863254785,240720,96
76561198863254785,242700,28
76561198863254785,242760,99
76561198863254785,245170,31
76561198863254785,245390,1
76561198863254785,250900,53262
76561198863254785,254700,35
76561198863254785,268910,2404
76561198863254785,274170,569
76561198863254785,275850,56
76561198863254785,286160,1470
76561198863254785,287700,7
76561198863254785,291550,161
76561198863254785,292030,146
76561198863254785,297130,159
76561198863254785,304930,58
76561198863254785,307780,3019
76561198863254785,311340,191
76561198863254785,319630,8
76561198863254785,322170,554
76561198863254785,322330,34
76561198863254785,323850,37
76561198863254785,341800,172
76561198863254785,354240,75
76561198863254785,357190,61
76561198863254785,362890,7
76561198863254785,365670,2089
76561198863254785,367520,2512
76561198863254785,374320,2167
76561198863254785,375600,20
76561198863254785,377160,1358
76561198863254785,379720,792
76561198863254785,381210,8
76561198863254785,383980,191
76561198863254785,388090,87
76561198863254785,391540,211
76561198863254785,409710,695
76561198863254785,409720,873
76561198863254785,414340,55
76561198863254785,414700,8
76561198863254785,418370,525
76561198863254785,420530,33
76561198863254785,424840,488
76561198863254785,431960,16238
76561198863254785,454650,233
76561198863254785,460950,533
76561198863254785,471710,9
76561198863254785,477160,245
76561198863254785,488790,1856
76561198863254785,488860,149
76561198863254785,489830,47
76561198863254785,504230,540
76561198863254785,524220,383
76561198863254785,529590,14
76561198863254785,531510,19
76561198863254785,541570,485
76561198863254785,555950,1162
76561198863254785,570940,310
76561198863254785,578080,85
76561198863254785,582010,475
76561198863254785,588650,144
76561198863254785,588730,88
76561198863254785,601150,81
76561198863254785,617670,94
76561198863254785,622650,29
76561198863254785,627270,61
76561198863254785,629520,10461
76561198863254785,631510,101
76561198863254785,632360,166
76561198863254785,632470,115
76561198863254785,646570,37
76561198863254785,678950,4037
76561198863254785,683320,205
76561198863254785,686060,9989
76561198863254785,698780,30
76561198863254785,732690,375
76561198863254785,738060,61
76561198863254785,746850,23
76561198863254785,747660,78
76561198863254785,753640,30
76561198863254785,774171,81
76561198863254785,774361,71
76561198863254785,782330,8
76561198863254785,814380,2879
76561198863254785,851100,17
76561198863254785,851850,2996
76561198863254785,860510,549
76561198863254785,871720,53
76561198863254785,881100,24
76561198863254785,883710,1276
76561198863254785,892970,76
76561198863254785,913740,55
76561198863254785,945360,1096
76561198863254785,960690,26
76561198863254785,960910,171
76561198863254785,967050,216
76561198863254785,976310,10738
76561198863254785,977950,17
76561198863254785,1017180,128
76561198863254785,1049410,8
76561198863254785,1061910,39
76561198863254785,1085510,72
76561198863254785,1088150,217
76561198863254785,1091500,8572
76561198863254785,1092790,3464
76561198863254785,1097150,1592
76561198863254785,1102130,34
76561198863254785,1119980,53
76561198863254785,1145350,3396
76561198863254785,1145360,3121
76561198863254785,1147550,55
76561198863254785,1150690,39
76561198863254785,1172470,2982
76561198863254785,1172620,336
76561198863254785,1174180,694
76561198863254785,1179080,34
76561198863254785,1196590,92
76561198863254785,1222140,1365
76561198863254785,1229490,180
76561198863254785,1240440,48
76561198863254785,1245620,6699
76561198863254785,1252330,233
76561198863254785,1259970,10
76561198863254785,1289310,137
76561198863254785,1313140,2060
76561198863254785,1326470,115
76561198863254785,1368950,8
76561198863254785,1384160,36
76561198863254785,1420350,29
76561198863254785,1422450,37
76561198863254785,1426210,1030
76561198863254785,1435790,162
76561198863254785,1485080,22
76561198863254785,1537830,10
76561198863254785,1568590,149
76561198863254785,1593500,2036
76561198863254785,1607250,53
76561198863254785,1627720,340
76561198863254785,1671210,2359
76561198863254785,1671340,37
76561198863254785,1676130,31
76561198863254785,1687950,1096
76561198863254785,1703340,316
76561198863254785,1721470,45
76561198863254785,1740720,272
76561198863254785,1761390,645
76561198863254785,1763050,131
76561198863254785,1774580,2531
76561198863254785,1782210,14
76561198863254785,1790600,3477
76561198863254785,1817070,2504
76561198863254785,1817190,891
76561198863254785,1818750,2250
76561198863254785,1888930,364
76561198863254785,1942120,23
76561198863254785,1966720,175
76561198863254785,1971870,7748
76561198863254785,2050650,1472
76561198863254785,2075070,111
76561198863254785,2120900,82
76561198863254785,2124490,167
76561198863254785,2131630,47
76561198863254785,2138710,72
76561198863254785,2144740,160
76561198863254785,2160480,55
76561198863254785,2215430,217
76561198863254785,2231300,29
76561198863254785,2239140,24
76561198863254785,2357570,1487
76561198863254785,2379780,2167
76561198863254785,2381590,269
76561198863254785,2531310,2258
76561198863254785,2653790,87
76561198863254785,2767030,4613
76561198863254785,2835570,207
76561198863254785,2881650,396
76561198863254785,3107070,97
76561198863254785,3241660,93
76561198863254785,3404260,51
76561198090208789,570,7946
76561198090208789,620,2017
76561198090208789,730,15585
76561198090208789,4920,443
76561198090208789,8930,22318
76561198090208789,8980,5380
76561198090208789,11390,32
76561198090208789,24240,3815
76561198090208789,49520,8207
76561198090208789,56400,11021
76561198090208789,63380,1314
76561198090208789,65980,1426
76561198090208789,72850,14037
76561198090208789,91200,2293
76561198090208789,108600,20086
76561198090208789,113400,92475
76561198090208789,200110,28
76561198090208789,200510,2768
76561198090208789,203630,1452
76561198090208789,207230,36
76561198090208789,208580,4592
76561198090208789,211420,1891
76561198090208789,214730,10430
76561198090208789,218620,13732
76561198090208789,218740,1981
76561198090208789,222880,3450
76561198090208789,222900,216
76561198090208789,224420,725
76561198090208789,227940,235
76561198090208789,230230,3855
76561198090208789,230410,28099
76561198090208789,231430,17032
76561198090208789,236390,15692
76561198090208789,238010,2670
76561198090208789,242720,42
76561198090208789,242760,1706
76561198090208789,244070,2762
76561198090208789,244090,1052
76561198090208789,244450,10860
76561198090208789,245620,5311
76561198090208789,252490,427
76561198090208789,261640,20
76561198090208789,271590,543215
76561198090208789,282210,76
76561198090208789,286360,155
76561198090208789,287700,9717
76561198090208789,289070,27489
76561198090208789,312660,5198
76561198090208789,322330,3681
76561198090208789,346110,13182
76561198090208789,356190,4320
76561198090208789,360170,7391
76561198090208789,365590,12579
76561198090208789,367500,7125
76561198090208789,368180,1837
76561198090208789,373420,7328
76561198090208789,377160,30178
76561198090208789,378630,164
76561198090208789,381210,716
76561198090208789,400170,3736
76561198090208789,414530,1789
76561198090208789,435150,17869
76561198090208789,438100,39
76561198090208789,442070,295
76561198090208789,489830,12702
76561198090208789,491950,615
76561198090208789,495420,7766
76561198090208789,552620,4844
76561198090208789,557600,186
76561198090208789,560130,7239
76561198090208789,578080,73577
76561198090208789,582660,22997
76561198090208789,606880,1943
76561198090208789,609320,721
76561198090208789,630100,3643
76561198090208789,637650,9671
76561198090208789,638230,461
76561198090208789,640890,574
76561198090208789,704450,10486
76561198090208789,719040,3869
76561198090208789,729040,2544
76561198090208789,739630,1571
76561198090208789,760620,1176
76561198090208789,761890,4352
76561198090208789,809880,292
76561198090208789,844870,317
76561198090208789,892970,1004
76561198090208789,900040,3098
76561198090208789,921800,3887
76561198090208789,945360,2106
76561198090208789,990080,9243
76561198090208789,1063730,13668
76561198090208789,1085660,212
76561198090208789,1091500,13828
76561198090208789,1139940,3159
76561198090208789,1172380,1828
76561198090208789,1174180,68057
76561198090208789,1203220,24406
76561198090208789,1222690,8615
76561198090208789,1266030,2011
76561198090208789,1326470,3128
76561198090208789,1377150,75
76561198090208789,1418100,25742
76561198090208789,1623730,1149
76561198090208789,2054970,7362
76561198090208789,2139460,15629
76561198090208789,2183900,4402
76561198090208789,2221490,27992
76561198090208789,2231380,5964
76561198090208789,2909110,344
76561198090208789,3059070,261
76561198090208789,3448280,52
76561198090208789,3564740,107306
76561199373012529,50,9
76561199373012529,70,1426
76561199373012529,220,847
76561199373012529,400,224
76561199373012529,500,2
76561199373012529,550,313
76561199373012529,620,779
76561199373012529,730,47858
76561199373012529,4000,149
76561199373012529,10180,808
76561199373012529,10190,73
76561199373012529,12210,1385
76561199373012529,20920,27
76561199373012529,48700,3069
76561199373012529,108710,96
76561199373012529,223750,231
76561199373012529,227300,1360
76561199373012529,232770,4
76561199373012529,235900,1
76561199373012529,236390,9678
76561199373012529,239820,94
76561199373012529,242760,843
76561199373012529,246620,211
76561199373012529,253250,492
76561199373012529,261550,21541
76561199373012529,264710,2989
76561199373012529,268910,14
76561199373012529,285920,1776
76561199373012529,361280,200
76561199373012529,361420,2029
76561199373012529,362890,385
76561199373012529,367520,5693
76561199373012529,383870,26
76561199373012529,394310,55
76561199373012529,394360,42288
76561199373012529,397900,579
76561199373012529,403190,91
76561199373012529,413150,236
76561199373012529,431960,48
76561199373012529,466560,18
76561199373012529,485610,31
76561199373012529,508440,371
76561199373012529,569480,338
76561199373012529,603850,92
76561199373012529,613100,11
76561199373012529,648800,749
76561199373012529,670290,14
76561199373012529,714010,63
76561199373012529,834740,384
76561199373012529,874260,32
76561199373012529,1030300,2098
76561199373012529,1030840,20
76561199373012529,1092790,475
76561199373012529,1128810,12
76561199373012529,1158310,79
76561199373012529,1363080,577
76561199373012529,1366800,252
76561199373012529,1436990,272
76561199373012529,1449690,280
76561199373012529,1468720,22
76561199373012529,1525700,34
76561199373012529,1625450,150
76561199373012529,1659040,53
76561199373012529,1665460,42
76561199373012529,1782210,292
76561199373012529,1942280,255
76561199373012529,1943950,5
76561199373012529,1966720,1839
76561199373012529,2250040,17
76561199373012529,2317820,1
76561199373012529,2592160,1001
76561199373012529,2881650,12
76561199373012529,3405690,10932
76561199373012529,3478870,15
76561198402842854,220,273
76561198402842854,400,191
76561198402842854,500,1
76561198402842854,620,420
76561198402842854,730,30
76561198402842854,4000,3550
76561198402842854,12200,20
76561198402842854,12210,27
76561198402842854,50130,36
76561198402842854,105600,61193
76561198402842854,211820,116
76561198402842854,220240,955
76561198402842854,233270,135
76561198402842854,242760,83
76561198402842854,264710,7963
76561198402842854,265930,850
76561198402842854,271590,28373
76561198402842854,286100,18
76561198402842854,298110,2768
76561198402842854,311770,221
76561198402842854,319510,140
76561198402842854,322170,342160
76561198402842854,332800,82
76561198402842854,332950,762
76561198402842854,354140,92
76561198402842854,367500,81
76561198402842854,367520,10264
76561198402842854,371660,7576
76561198402842854,381210,406
76561198402842854,387290,818
76561198402842854,388090,63
76561198402842854,391220,1242
76561198402842854,391540,46
76561198402842854,418370,471
76561198402842854,424840,215
76561198402842854,431240,108
76561198402842854,489830,37
76561198402842854,506610,57
76561198402842854,508440,303
76561198402842854,508550,372
76561198402842854,517630,1186
76561198402842854,521890,2525
76561198402842854,552520,11343
76561198402842854,582160,3555
76561198402842854,585690,1
76561198402842854,622630,49
76561198402842854,622650,3751
76561198402842854,648800,29
76561198402842854,677620,310
76561198402842854,698780,490
76561198402842854,700330,40
76561198402842854,704850,58
76561198402842854,732690,139
76561198402842854,738060,94
76561198402842854,739630,995
76561198402842854,747660,3599
76561198402842854,812140,7120
76561198402842854,848450,445
76561198402842854,860510,357
76561198402842854,863550,1353
76561198402842854,871720,686
76561198402842854,883710,1034
76561198402842854,939960,2333
76561198402842854,945360,355
76561198402842854,962400,132
76561198402842854,999730,7
76561198402842854,1030300,3316
76561198402842854,1063660,485
76561198402842854,1085660,35
76561198402842854,1089980,435
76561198402842854,1092700,275
76561198402842854,1092710,321
76561198402842854,1092720,39
76561198402842854,1092730,172
76561198402842854,1096710,107
76561198402842854,1164850,1317
76561198402842854,1172620,82367
76561198402842854,1174180,4918
76561198402842854,1205040,48
76561198402842854,1222140,171
76561198402842854,1222670,2053
76561198402842854,1236990,27
76561198402842854,1244460,834
76561198402842854,1281930,29554
76561198402842854,1289310,149
76561198402842854,1373880,11
76561198402842854,1388880,777
76561198402842854,1426210,452
76561198402842854,1450830,825
76561198402842854,1504150,17
76561198402842854,1625450,31
76561198402842854,1659420,137
76561198402842854,1707550,155
76561198402842854,1721470,227
76561198402842854,1766740,623
76561198402842854,1782210,484
76561198402842854,1943950,402
76561198402842854,1962700,2147
76561198402842854,1966720,150
76561198402842854,2073850,12
76561198402842854,2099110,930
76561198402842854,2208920,7946
76561198402842854,2250040,149
76561198402842854,2369390,7448
76561198402842854,2881650,45
76561198402842854,3159330,2394
76561198402842854,3240220,4
76561198402842854,3241660,571
76561198402842854,3397800,30
76561198849962442,620,299
76561198849962442,730,292
76561198849962442,42690,68
76561198849962442,204360,186
76561198849962442,223470,431
76561198849962442,223710,51
76561198849962442,230410,21
76561198849962442,250900,2437
76561198849962442,322170,2431
76561198849962442,371660,126
76561198849962442,383870,52
76561198849962442,431960,261
76561198849962442,461040,110
76561198849962442,485610,422
76561198849962442,506500,38
76561198849962442,548430,577
76561198849962442,578080,50
76561198849962442,581660,160
76561198849962442,613100,110
76561198849962442,646910,1361
76561198849962442,677160,59
76561198849962442,677620,2188
76561198849962442,700330,7
76561198849962442,714010,245
76561198849962442,760160,29
76561198849962442,823130,159
76561198849962442,865360,82
76561198849962442,893520,378
76561198849962442,921060,62
76561198849962442,924970,100
76561198849962442,960910,453
76561198849962442,1070580,24
76561198849962442,1085510,84
76561198849962442,1172470,362
76561198849962442,1173370,1261
76561198849962442,1222140,1627
76561198849962442,1233410,209
76561198849962442,1292630,315
76561198849962442,1341290,1117
76561198849962442,1466640,196
76561198849962442,1557740,572
76561198849962442,1568590,85
76561198849962442,1575870,29
76561198849962442,1603180,499
76561198849962442,1665460,175
76561198849962442,1677740,103
76561198849962442,1686940,11099
76561198849962442,1782210,31
76561198849962442,1787030,56
76561198849962442,1790600,1403
76561198849962442,1888930,698
76561198849962442,2008410,1
76561198849962442,2073850,1464
76561198849962442,2239140,38
76561198849962442,2250040,636
76561198849962442,2296990,63
76561198849962442,2357570,21
76561198849962442,2381590,414
76561198849962442,2475460,63
76561198849962442,2507950,101
76561198849962442,2524890,687
76561198849962442,2551020,147
76561198849962442,2752710,5
76561198849962442,2767030,1333
76561198849962442,2807960,81
76561198849962442,2923300,25
76561198849962442,2943650,134
76561198849962442,3143710,11
76561198849962442,3199170,21
76561198849962442,3478870,89
76561198849962442,3527290,336
76561198849962442,3594780,997
76561198016136462,50,225
76561198016136462,70,672
76561198016136462,220,3381
76561198016136462,400,153
76561198016136462,550,2757
76561198016136462,620,849
76561198016136462,730,1026
76561198016136462,2280,503
76561198016136462,4000,32189
76561198016136462,6850,2
76561198016136462,6860,620
76561198016136462,6900,297
76561198016136462,12210,1464
76561198016136462,17520,634
76561198016136462,21090,57
76561198016136462,21690,2453
76561198016136462,203140,576
76561198016136462,208200,828
76561198016136462,219150,613
76561198016136462,221040,1426
76561198016136462,223470,2801
76561198016136462,223710,1524
76561198016136462,232770,163
76561198016136462,235460,159
76561198016136462,242760,1093
76561198016136462,247430,261
76561198016136462,271590,5255
76561198016136462,274520,90
76561198016136462,304240,806
76561198016136462,322330,49
76561198016136462,329050,1529
76561198016136462,346110,1096
76561198016136462,359550,695
76561198016136462,362890,2188
76561198016136462,365670,404
76561198016136462,367520,1950
76561198016136462,379720,704
76561198016136462,394360,3662
76561198016136462,401680,293
76561198016136462,418370,655
76561198016136462,434050,417
76561198016136462,444090,1178
76561198016136462,460790,661
76561198016136462,477160,416
76561198016136462,519860,294
76561198016136462,601150,2391
76561198016136462,622650,45
76561198016136462,631510,3396
76561198016136462,707030,456
76561198016136462,714070,392
76561198016136462,782330,1604
76561198016136462,883710,935
76561198016136462,945360,754
76561198016136462,952060,393
76561198016136462,976730,1644
76561198016136462,1089980,172
76561198016136462,1196590,714
76561198016136462,1229490,3233
76561198016136462,1240440,961
76561198016136462,1583720,686
76561198016136462,2050650,2274
76561198016136462,2835570,44
76561199118245984,220,273
76561199118245984,240,647
76561199118245984,620,920
76561199118245984,730,112
76561199118245984,4000,2155
76561199118245984,7670,236
76561199118245984,21690,1104
76561199118245984,223710,290
76561199118245984,230410,432
76561199118245984,291550,5274
76561199118245984,304050,558
76561199118245984,359550,672
76561199118245984,365300,50
76561199118245984,631510,206
76561199118245984,858710,36
76561199118245984,1677740,48
76561199118245984,1708150,1466
76561199118245984,1712830,119
76561199118245984,1836120,260
76561199118245984,1973530,22
76561199118245984,2134320,83
76561199118245984,2281730,1127
76561199118245984,2524890,367
76561199118245984,2835570,224
76561199118245984,3550490,44
76561199554677557,10,46
76561199554677557,70,206
76561199554677557,80,60
76561199554677557,130,1
76561199554677557,220,971
76561199554677557,240,2517
76561199554677557,320,76
76561199554677557,360,85
76561199554677557,400,248
76561199554677557,500,336
76561199554677557,550,633
76561199554677557,620,1868
76561199554677557,730,16670
76561199554677557,4000,659
76561199554677557,8190,62
76561199554677557,8980,377
76561199554677557,12210,276
76561199554677557,22300,1
76561199554677557,22380,2863
76561199554677557,49520,19821
76561199554677557,108710,848
76561199554677557,202750,17
76561199554677557,223470,228
76561199554677557,223710,16
76561199554677557,225540,13
76561199554677557,225840,7
76561199554677557,230410,500
76561199554677557,233270,182
76561199554677557,239140,89
76561199554677557,261640,845
76561199554677557,265930,198
76561199554677557,271590,7923
76561199554677557,280740,24
76561199554677557,286690,36
76561199554677557,287390,257
76561199554677557,290930,470
76561199554677557,317400,76
76561199554677557,319510,180
76561199554677557,322170,277
76561199554677557,329440,147
76561199554677557,359550,139
76561199554677557,377160,4599
76561199554677557,381210,56
76561199554677557,391540,98
76561199554677557,397540,559
76561199554677557,418670,5
76561199554677557,588430,17
76561199554677557,601360,869
76561199554677557,611500,40
76561199554677557,613100,22
76561199554677557,783770,8
76561199554677557,858710,2135
76561199554677557,945360,31
76561199554677557,1085660,86
76561199554677557,1172470,274
76561199554677557,1222670,17
76561199554677557,1229490,1403
76561199554677557,1237970,158
76561199554677557,1238860,2870
76561199554677557,1240440,35
76561199554677557,1241100,31
76561199554677557,1677740,17
76561199554677557,1690940,56
76561199554677557,1815780,212
76561199554677557,1938090,793
76561199554677557,2073850,9
76561199554677557,2195910,32
76561199554677557,2218460,20
76561199554677557,2225070,11
76561199554677557,2281730,2504
76561199554677557,3199170,357
76561199554677557,4465480,734
76561198878881287,400,144
76561198878881287,550,118
76561198878881287,620,464
76561198878881287,730,1781
76561198878881287,34270,303
76561198878881287,71250,4438
76561198878881287,213610,3167
76561198878881287,227300,1837
76561198878881287,236390,254
76561198878881287,291550,30
76561198878881287,365670,10
76561198878881287,413150,785
76561198878881287,438100,689
76561198878881287,584400,774
76561198878881287,665360,293
76561198878881287,714010,2905
76561198878881287,739630,219
76561198878881287,787480,10306
76561198878881287,1222670,37
76561198878881287,1237320,16653
76561198878881287,1259970,32468
76561198878881287,1296540,1565
76561198878881287,2134320,281
76561198878881287,2324650,181
76561198878881287,2513280,384
76561198878881287,2709570,259
76561199496950080,220,544
76561199496950080,320,119
76561199496950080,360,102
76561199496950080,400,240
76561199496950080,440,394
76561199496950080,620,470
76561199496950080,730,18700
76561199496950080,223470,489
76561199496950080,232770,89
76561199496950080,242720,29
76561199496950080,242760,122
76561199496950080,253710,20
76561199496950080,264710,782
76561199496950080,271590,7365
76561199496950080,273110,11
76561199496950080,286690,11
76561199496950080,304930,19
76561199496950080,341310,153
76561199496950080,357070,387
76561199496950080,362680,458
76561199496950080,365670,114
76561199496950080,367450,457
76561199496950080,380840,72
76561199496950080,395200,91
76561199496950080,396160,112
76561199496950080,399790,143
76561199496950080,407230,133
76561199496950080,433340,816
76561199496950080,438480,193
76561199496950080,444940,446
76561199496950080,515570,407
76561199496950080,539720,143
76561199496950080,562360,143
76561199496950080,578080,18
76561199496950080,586350,456
76561199496950080,636150,174
76561199496950080,640380,427
76561199496950080,704850,91
76561199496950080,706990,44
76561199496950080,707010,17
76561199496950080,714010,109
76561199496950080,766570,23
76561199496950080,898450,92
76561199496950080,1029980,92
76561199496950080,1127400,827
76561199496950080,1181000,92
76561199496950080,1210250,217
76561199496950080,1241100,27
76561199496950080,1280770,249
76561199496950080,1318690,168
76561199496950080,1353300,54
76561199496950080,1665460,18
76561199496950080,1782210,20
76561199496950080,1818450,79
76561199496950080,1830840,180
76561199496950080,1949740,65
76561199496950080,1961460,15
76561199496950080,2003310,47
76561199496950080,2021910,7
76561199496950080,2225070,8
76561199496950080,2551020,43
76561199496950080,2669490,28
76561199496950080,2709570,175
76561199496950080,2752710,92
76561199496950080,2796010,92
76561199496950080,2923300,77
76561199496950080,3164500,4343
76561199496950080,3240220,93
76561199496950080,3339200,10
76561199496950080,3419430,10443
76561199496950080,3438990,274
76561199496950080,3478870,43
76561198318128729,400,436
76561198318128729,620,626
76561198318128729,20900,378
76561198318128729,20920,30
76561198318128729,22000,21
76561198318128729,40800,52
76561198318128729,227940,14
76561198318128729,230410,184
76561198318128729,238320,74
76561198318128729,247080,4
76561198318128729,268910,461
76561198318128729,362890,487
76561198318128729,438100,10
76561198318128729,444090,4344
76561198318128729,504370,114
76561198318128729,648430,2474
76561198318128729,950300,24
76561198318128729,985810,803
76561198318128729,3241660,1134
76561198970240859,400,277
76561198970240859,620,726
76561198970240859,730,47152
76561198970240859,8930,9815
76561198970240859,105600,357
76561198970240859,108600,278
76561198970240859,232090,373
76561198970240859,236390,1296
76561198970240859,242760,2903
76561198970240859,251570,578
76561198970240859,291480,295
76561198970240859,304930,24
76561198970240859,322330,472
76561198970240859,323850,278
76561198970240859,341310,254
76561198970240859,357070,248
76561198970240859,394360,68
76561198970240859,396160,284
76561198970240859,399790,229
76561198970240859,407230,254
76561198970240859,438480,272
76561198970240859,444200,1734
76561198970240859,444940,248
76561198970240859,515570,248
76561198970240859,539720,303
76561198970240859,546090,254
76561198970240859,562360,303
76561198970240859,578080,366
76561198970240859,586350,248
76561198970240859,636150,273
76561198970240859,640380,246
76561198970240859,677620,67
76561198970240859,698780,9
76561198970240859,701470,254
76561198970240859,1085660,55
76561198970240859,1172470,882
76561198970240859,1281630,3
76561198970240859,1282270,35
76561198970240859,1836120,434
76561198970240859,4620930,706
76561198234335792,10,14
76561198234335792,20,1
76561198234335792,70,510
76561198234335792,220,1122
76561198234335792,300,110
76561198234335792,400,131
76561198234335792,440,3795
76561198234335792,550,351
76561198234335792,570,63
76561198234335792,620,662
76561198234335792,730,147325
76561198234335792,1250,105
76561198234335792,3910,2
76561198234335792,4000,2538
76561198234335792,8190,403
76561198234335792,8500,80
76561198234335792,12750,8
76561198234335792,22350,9
76561198234335792,39000,28
76561198234335792,43110,41
76561198234335792,44350,179
76561198234335792,48000,40
76561198234335792,49520,387
76561198234335792,50300,9
76561198234335792,70100,90
76561198234335792,102600,174
76561198234335792,105600,212
76561198234335792,108600,145
76561198234335792,201790,160
76561198234335792,204360,136
76561198234335792,206210,53
76561198234335792,207140,429
76561198234335792,207610,145
76561198234335792,209080,80
76561198234335792,209670,111
76561198234335792,209870,142
76561198234335792,211820,127
76561198234335792,212070,15
76561198234335792,218230,25
76561198234335792,218620,2285
76561198234335792,219640,145
76561198234335792,219740,213
76561198234335792,221640,582
76561198234335792,222880,51
76561198234335792,225080,61
76561198234335792,225540,200
76561198234335792,227300,7816
76561198234335792,230410,1962
76561198234335792,231430,258
76561198234335792,232090,397
76561198234335792,233130,157
76561198234335792,236110,28
76561198234335792,236150,72
76561198234335792,236390,1160
76561198234335792,238320,192
76561198234335792,238370,380
76561198234335792,238430,209
76561198234335792,238960,537
76561198234335792,239140,2033
76561198234335792,240720,121
76561198234335792,242760,320
76561198234335792,246620,434
76561198234335792,247000,221
76561198234335792,248570,376
76561198234335792,250900,1222
76561198234335792,252490,84
76561198234335792,252950,76473
76561198234335792,261110,173
76561198234335792,261430,67
76561198234335792,261640,113
76561198234335792,262410,15
76561198234335792,268420,107
76561198234335792,268910,210
76561198234335792,270550,64
76561198234335792,271290,395
76561198234335792,271590,43991
76561198234335792,273350,196
76561198234335792,275390,1
76561198234335792,275850,182
76561198234335792,278360,80
76561198234335792,286570,137
76561198234335792,291480,595
76561198234335792,291550,2699
76561198234335792,292030,7504
76561198234335792,298600,94
76561198234335792,298630,1639
76561198234335792,301520,142
76561198234335792,301970,15
76561198234335792,302830,15
76561198234335792,303390,169
76561198234335792,304050,74
76561198234335792,304390,567
76561198234335792,304930,814
76561198234335792,305050,104
76561198234335792,306410,192
76561198234335792,307780,637
76561198234335792,310560,191
76561198234335792,310700,111
76561198234335792,311730,27
76561198234335792,318600,79
76561198234335792,319630,36
76561198234335792,321040,135
76561198234335792,321400,195
76561198234335792,322170,232
76561198234335792,322330,398
76561198234335792,322500,93
76561198234335792,327690,176
76561198234335792,331360,44
76561198234335792,332070,18
76561198234335792,333930,60
76561198234335792,335240,180
76561198234335792,341800,428
76561198234335792,343360,135
76561198234335792,346010,24
76561198234335792,346900,972
76561198234335792,356670,18
76561198234335792,356890,176
76561198234335792,357930,16
76561198234335792,359550,48388
76561198234335792,360870,18
76561198234335792,363970,957
76561198234335792,370360,1
76561198234335792,378100,42
76561198234335792,381210,359
76561198234335792,382120,91
76561198234335792,386360,87
76561198234335792,389570,236
76561198234335792,389730,42
76561198234335792,391540,383
76561198234335792,391720,91
76561198234335792,394310,8
76561198234335792,394380,8
76561198234335792,395520,13
76561198234335792,397900,421
76561198234335792,398710,976
76561198234335792,400250,97
76561198234335792,402570,248
76561198234335792,407530,4
76561198234335792,411830,316
76561198234335792,413410,1920
76561198234335792,413420,1980
76561198234335792,417860,23
76561198234335792,418340,361
76561198234335792,422100,52
76561198234335792,427270,9
76561198234335792,431240,280
76561198234335792,431930,102
76561198234335792,433850,22
76561198234335792,438100,200
76561198234335792,441380,10
76561198234335792,444090,4151
76561198234335792,447850,50
76561198234335792,449220,126
76561198234335792,466240,47
76561198234335792,470220,787
76561198234335792,477290,151
76561198234335792,484950,113
76561198234335792,489940,558
76561198234335792,499440,126
76561198234335792,502800,104
76561198234335792,509220,63
76561198234335792,513780,50
76561198234335792,523120,7481
76561198234335792,527230,1883
76561198234335792,534380,2650
76561198234335792,548430,296
76561198234335792,550900,9
76561198234335792,554620,652
76561198234335792,555000,9
76561198234335792,555160,129
76561198234335792,562220,106
76561198234335792,578080,286
76561198234335792,582010,3096
76561198234335792,582500,216
76561198234335792,582660,4612
76561198234335792,585550,91
76561198234335792,587430,434
76561198234335792,588430,97
76561198234335792,588650,3494
76561198234335792,599140,2757
76561198234335792,601150,1909
76561198234335792,607260,150
76561198234335792,608800,1
76561198234335792,611120,51
76561198234335792,611500,89
76561198234335792,619910,25
76561198234335792,620980,2807
76561198234335792,623990,62
76561198234335792,630100,78
76561198234335792,632360,2763
76561198234335792,632470,80
76561198234335792,633230,102
76561198234335792,645480,11
76561198234335792,646910,1664
76561198234335792,648800,40
76561198234335792,652980,48
76561198234335792,657200,209
76561198234335792,677160,273
76561198234335792,677620,161
76561198234335792,690040,13
76561198234335792,698780,300
76561198234335792,700330,192
76561198234335792,714010,239
76561198234335792,755790,15
76561198234335792,761890,11
76561198234335792,774171,349
76561198234335792,813820,255
76561198234335792,814380,7445
76561198234335792,823130,1
76561198234335792,835520,15
76561198234335792,844870,16
76561198234335792,851850,1300
76561198234335792,858260,291
76561198234335792,863550,33
76561198234335792,865360,569
76561198234335792,884660,25
76561198234335792,892970,9702
76561198234335792,918570,43
76561198234335792,943380,31
76561198234335792,945360,898
76561198234335792,954610,4
76561198234335792,960090,1557
76561198234335792,973760,129
76561198234335792,1029730,147
76561198234335792,1049590,605
76561198234335792,1085660,3057
76561198234335792,1086940,1349
76561198234335792,1091500,4769
76561198234335792,1139900,798
76561198234335792,1172470,848
76561198234335792,1174180,1438
76561198234335792,1183940,69
76561198234335792,1184160,19
76561198234335792,1203220,121
76561198234335792,1229490,341
76561198234335792,1237970,490
76561198234335792,1239690,4
76561198234335792,1245620,1211
76561198234335792,1249200,101
76561198234335792,1270930,7
76561198234335792,1284410,1553
76561198234335792,1289310,67
76561198234335792,1326470,1492
76561198234335792,1341290,387
76561198234335792,1399780,84
76561198234335792,1422450,1143
76561198234335792,1465070,64
76561198234335792,1499120,240
76561198234335792,1504980,629
76561198234335792,1582170,291
76561198234335792,1599340,592
76561198234335792,1607250,23
76561198234335792,1817070,1070
76561198234335792,1818750,399
76561198234335792,1849900,93
76561198234335792,1902490,32
76561198234335792,1927780,3479
76561198234335792,1947070,179
76561198234335792,1966720,1277
76561198234335792,2073850,37
76561198234335792,2289970,55
76561198234335792,2357570,59
76561198234335792,2358720,5127
76561198234335792,2677660,607
76561198234335792,2709570,72
76561198234335792,2767030,612
76561198234335792,3097560,224
76561198234335792,3527290,410
76561198234335792,3583060,13
76561198234335792,3684610,60
76561198234335792,3892270,538
76561198321959737,10,2779
76561198321959737,50,77
76561198321959737,70,38
76561198321959737,130,38
76561198321959737,220,492
76561198321959737,320,73
76561198321959737,400,103
76561198321959737,440,100
76561198321959737,550,9574
76561198321959737,620,752
76561198321959737,730,128420
76561198321959737,3590,277
76561198321959737,4000,3527
76561198321959737,8870,911
76561198321959737,12130,33
76561198321959737,12210,379
76561198321959737,17500,106
76561198321959737,21690,17
76561198321959737,22380,703
76561198321959737,24960,421
76561198321959737,40800,190
76561198321959737,43110,40
76561198321959737,50300,93
76561198321959737,108600,848
76561198321959737,108710,66
76561198321959737,203160,312
76561198321959737,203770,234
76561198321959737,214510,1
76561198321959737,215100,27
76561198321959737,218620,7444
76561198321959737,220440,630
76561198321959737,222940,297
76561198321959737,223710,269
76561198321959737,224260,3340
76561198321959737,225260,422
76561198321959737,225840,277
76561198321959737,227940,365
76561198321959737,230410,106
76561198321959737,231060,13
76561198321959737,231430,282
76561198321959737,238320,657
76561198321959737,239140,1021
76561198321959737,242760,1019
76561198321959737,247080,65
76561198321959737,252950,33049
76561198321959737,254100,296
76561198321959737,254460,14
76561198321959737,259300,3
76561198321959737,259320,282
76561198321959737,263980,22
76561198321959737,268910,1345
76561198321959737,271590,13412
76561198321959737,273110,41
76561198321959737,274170,871
76561198321959737,279640,275
76561198321959737,280640,50
76561198321959737,282660,88
76561198321959737,285900,37
76561198321959737,291170,80
76561198321959737,291550,526
76561198321959737,292030,511
76561198321959737,293180,57
76561198321959737,294860,187
76561198321959737,303390,81
76561198321959737,304240,26
76561198321959737,304930,37
76561198321959737,306130,378
76561198321959737,307230,34
76561198321959737,307690,147
76561198321959737,307780,304
76561198321959737,311210,7563
76561198321959737,311690,12
76561198321959737,312530,55
76561198321959737,319630,104
76561198321959737,333930,35
76561198321959737,335210,86
76561198321959737,335240,9
76561198321959737,338840,96
76561198321959737,341310,22
76561198321959737,343360,86
76561198321959737,343930,75
76561198321959737,346670,79
76561198321959737,349040,387
76561198321959737,349500,33
76561198321959737,355920,105
76561198321959737,356880,255
76561198321959737,357290,54
76561198321959737,359550,800
76561198321959737,360430,337
76561198321959737,365400,99
76561198321959737,373770,288
76561198321959737,374320,4909
76561198321959737,376730,53
76561198321959737,377160,2018
76561198321959737,379720,371
76561198321959737,381210,11659
76561198321959737,381870,27
76561198321959737,383630,44
76561198321959737,384740,22
76561198321959737,386110,79
76561198321959737,391120,256
76561198321959737,391260,22
76561198321959737,391720,136
76561198321959737,396160,22
76561198321959737,397500,21
76561198321959737,397900,19
76561198321959737,399420,98
76561198321959737,399790,67
76561198321959737,402980,106
76561198321959737,407230,22
76561198321959737,408110,64
76561198321959737,409710,395
76561198321959737,409720,269
76561198321959737,412880,133
76561198321959737,413150,861
76561198321959737,416290,115
76561198321959737,418000,88
76561198321959737,420210,239
76561198321959737,420740,37
76561198321959737,424000,203
76561198321959737,424840,98
76561198321959737,431710,23
76561198321959737,431750,112
76561198321959737,431810,95
76561198321959737,431960,5220
76561198321959737,432410,23
76561198321959737,433850,51
76561198321959737,438100,1530
76561198321959737,438480,86
76561198321959737,439250,23
76561198321959737,444090,593
76561198321959737,444410,52
76561198321959737,446640,23
76561198321959737,447850,34
76561198321959737,448070,65
76561198321959737,448780,92
76561198321959737,449680,84
76561198321959737,454100,101
76561198321959737,454650,197
76561198321959737,454970,62
76561198321959737,458600,47
76561198321959737,461380,75
76561198321959737,461520,32
76561198321959737,462960,45
76561198321959737,463210,32
76561198321959737,469890,32
76561198321959737,473520,43
76561198321959737,474050,62
76561198321959737,474830,251
76561198321959737,481870,27
76561198321959737,482330,74
76561198321959737,485440,44
76561198321959737,485450,91
76561198321959737,485500,33
76561198321959737,485830,28
76561198321959737,485950,22
76561198321959737,486020,95
76561198321959737,490870,55
76561198321959737,496640,133
76561198321959737,498620,82
76561198321959737,498660,54
76561198321959737,500440,61
76561198321959737,502550,126
76561198321959737,503680,73
76561198321959737,503830,103
76561198321959737,504490,99
76561198321959737,508900,104
76561198321959737,509390,79
76561198321959737,512160,82
76561198321959737,512550,55
76561198321959737,513780,52
76561198321959737,514360,91
76561198321959737,521430,165
76561198321959737,521590,32
76561198321959737,521980,20
76561198321959737,523150,105
76561198321959737,523160,85
76561198321959737,524030,69
76561198321959737,525190,88
76561198321959737,525300,88
76561198321959737,525460,61
76561198321959737,527710,29
76561198321959737,529240,40
76561198321959737,529420,33
76561198321959737,530620,54
76561198321959737,531920,116
76561198321959737,533300,52
76561198321959737,536750,55
76561198321959737,538590,32
76561198321959737,540190,230
76561198321959737,542880,102
76561198321959737,543170,78
76561198321959737,545470,26
76561198321959737,546200,134
76561198321959737,548720,92
76561198321959737,549100,39
76561198321959737,550810,77
76561198321959737,551110,23
76561198321959737,551500,88
76561198321959737,554770,116
76561198321959737,557970,99
76561198321959737,561770,22
76561198321959737,562220,57
76561198321959737,562430,114
76561198321959737,562600,45
76561198321959737,562730,85
76561198321959737,566160,62
76561198321959737,566560,91
76561198321959737,567160,105
76561198321959737,569970,25
76561198321959737,570890,80
76561198321959737,570940,1736
76561198321959737,573210,44
76561198321959737,575640,52
76561198321959737,575750,34
76561198321959737,575760,84
76561198321959737,575770,115
76561198321959737,575780,76
76561198321959737,575900,27
76561198321959737,575920,55
76561198321959737,576410,32
76561198321959737,576480,73
76561198321959737,577460,22
76561198321959737,577740,54
76561198321959737,577760,55
76561198321959737,578080,274
76561198321959737,582920,52
76561198321959737,585550,26
76561198321959737,585690,106
76561198321959737,585950,35
76561198321959737,586790,27
76561198321959737,587810,67
76561198321959737,591420,68
76561198321959737,595320,77
76561198321959737,595440,58
76561198321959737,601180,105
76561198321959737,601220,104
76561198321959737,603060,42
76561198321959737,603090,66
76561198321959737,604010,63
76561198321959737,604140,26
76561198321959737,606960,94
76561198321959737,607210,116
76561198321959737,607440,91
76561198321959737,610360,41
76561198321959737,610730,91
76561198321959737,611980,88
76561198321959737,614960,73
76561198321959737,615680,73
76561198321959737,618140,37
76561198321959737,620130,77
76561198321959737,621060,96
76561198321959737,623580,85
76561198321959737,627690,68
76561198321959737,628760,261
76561198321959737,631510,1500
76561198321959737,634340,33
76561198321959737,635880,43
76561198321959737,636150,94
76561198321959737,644560,295
76561198321959737,645090,41
76561198321959737,654990,32
76561198321959737,658560,73
76561198321959737,666220,9
76561198321959737,668630,294
76561198321959737,673800,73
76561198321959737,683830,96
76561198321959737,702120,759
76561198321959737,703940,157
76561198321959737,731490,1574
76561198321959737,747610,206
76561198321959737,754120,50
76561198321959737,770810,2
76561198321959737,774171,20
76561198321959737,799070,151
76561198321959737,805940,51
76561198321959737,813540,31
76561198321959737,844870,484
76561198321959737,880940,634
76561198321959737,883710,1935
76561198321959737,914690,75
76561198321959737,948900,82
76561198321959737,952060,342
76561198321959737,962580,114
76561198321959737,967250,89
76561198321959737,993740,21
76561198321959737,1035610,21
76561198321959737,1069740,53
76561198321959737,1070580,437
76561198321959737,1086640,38
76561198321959737,1098340,63
76561198321959737,1113000,363
76561198321959737,1157340,57
76561198321959737,1168660,76
76561198321959737,1172470,41
76561198321959737,1174180,667
76561198321959737,1218900,104
76561198321959737,1274570,54
76561198321959737,1282270,35
76561198321959737,1307090,70
76561198321959737,1334000,131
76561198321959737,1392060,78
76561198321959737,1422450,109
76561198321959737,1480120,78
76561198321959737,1498570,188
76561198321959737,1549030,44
76561198321959737,1568940,10
76561198321959737,1602080,196
76561198321959737,1665460,73
76561198321959737,1677740,163
76561198321959737,1938090,86
76561198321959737,1966720,124
76561198321959737,2050650,1928
76561198321959737,2124490,530
76561198321959737,2250040,1213
76561198321959737,2305790,105
76561198321959737,2357570,658
76561198321959737,2379780,2289
76561198321959737,2507950,362
76561198321959737,2709570,166
76561198321959737,2807960,267
76561198321959737,2835570,119
76561198321959737,3240220,149
76561198321959737,3301060,457
76561198321959737,3419430,5858
76561198321959737,3527290,579
76561198321959737,3628960,256
76561198321959737,3764200,1246
76561199797501568,220,1584
76561199797501568,320,473
76561199797501568,360,76
76561199797501568,440,58522
76561199797501568,620,380
76561199797501568,4000,20603
76561199797501568,22380,1746
76561199797501568,223470,885
76561199797501568,225840,32
76561199797501568,232770,1
76561199797501568,304930,1554
76561199797501568,513000,171
76561199797501568,588430,1076
76561199797501568,1677740,76
76561199797501568,1712830,21
76561199797501568,2027330,1207
76561199825489062,400,151
76561199825489062,620,404
76561199825489062,730,334
76561199825489062,223710,69
76561199825489062,240720,126
76561199825489062,242760,376
76561199825489062,264710,679
76561199825489062,286690,263
76561199825489062,292030,1313
76561199825489062,322170,28
76561199825489062,367520,239
76561199825489062,391540,21
76561199825489062,447040,36
76561199825489062,508440,597
76561199825489062,613100,13
76561199825489062,622650,28
76561199825489062,700330,64
76561199825489062,1091500,14
76561199825489062,1238840,1
76561199825489062,1938090,903
76561199825489062,1943950,1217
76561199825489062,2709570,7
76561199825489062,2835570,37
76561199843251769,10,3
76561199843251769,70,8
76561199843251769,80,54
76561199843251769,100,21
76561199843251769,220,303
76561199843251769,240,75
76561199843251769,400,167
76561199843251769,440,10190
76561199843251769,620,471
76561199843251769,730,8525
76561199843251769,40800,35
76561199843251769,49520,41
76561199843251769,214340,728
76561199843251769,217490,260
76561199843251769,218620,82
76561199843251769,219910,45
76561199843251769,220200,280
76561199843251769,220740,1006
76561199843251769,223470,427
76561199843251769,225160,85
76561199843251769,232770,9
76561199843251769,241910,375
76561199843251769,255280,125
76561199843251769,255320,174
76561199843251769,265630,71
76561199843251769,282800,10
76561199843251769,286690,522
76561199843251769,292910,122
76561199843251769,324800,93
76561199843251769,331470,7
76561199843251769,341940,256
76561199843251769,365670,22
76561199843251769,384110,75
76561199843251769,389730,988
76561199843251769,413150,949
76561199843251769,421050,116
76561199843251769,433340,769
76561199843251769,461040,72
76561199843251769,516750,1411
76561199843251769,613100,10
76561199843251769,632470,609
76561199843251769,645630,128
76561199843251769,650700,8
76561199843251769,774171,131
76561199843251769,879510,181
76561199843251769,1002300,667
76561199843251769,1070580,16
76561199843251769,1150690,187
76561199843251769,1238860,140
76561199843251769,1325860,53
76561199843251769,1373510,167
76561199843251769,1373550,65
76561199843251769,1392820,58
76561199843251769,1604000,362
76561199843251769,1748620,1304
76561199843251769,1764390,241
76561199843251769,1850570,2580
76561199843251769,1892370,217
76561199843251769,1944430,46
76561199843251769,2134320,23
76561199843251769,2138710,722
76561199843251769,2171440,67
76561199843251769,2212110,55
76561199843251769,2379780,1426
76561199843251769,2435900,275
76561199843251769,2701720,241
76561199843251769,2707940,4019
76561199843251769,2715650,341
76561199843251769,2723520,136
76561199843251769,2835570,284
76561199843251769,3079280,133
76561199843251769,3270680,74
76561199843251769,3399950,874
76561199843251769,3419430,4054
76561199843251769,3495730,31
76561199843251769,3897800,499
76561199843251769,3932890,4058
76561199843251769,4096600,13
76561199843251769,4275420,110
76561199843251769,4449070,21
76561199843251769,4465480,466
76561198192648407,70,111
76561198192648407,220,125
76561198192648407,400,9
76561198192648407,440,26985
76561198192648407,620,195
76561198192648407,730,51
76561198192648407,3480,93
76561198192648407,3590,492
76561198192648407,4000,10103
76561198192648407,105600,118
76561198192648407,204360,2832
76561198192648407,268910,823
76561198192648407,306020,29
76561198192648407,319510,70
76561198192648407,322170,254
76561198192648407,332800,66
76561198192648407,365670,273
76561198192648407,391540,2081
76561198192648407,444640,49
76561198192648407,504230,81
76561198192648407,508440,180
76561198192648407,584400,294
76561198192648407,714010,73
76561198192648407,871720,92
76561198192648407,945360,1981
76561198192648407,960090,18808
76561198192648407,1089980,423
76561198192648407,1118200,12656
76561198192648407,1229490,3460
76561198192648407,1275350,66
76561198192648407,1276390,34
76561198192648407,1282150,73
76561198192648407,1454400,68
76561198192648407,1515950,2
76561198192648407,1671210,1170
76561198192648407,1677740,63
76561198192648407,1712830,186
76561198192648407,1938090,14
76561198192648407,2231450,19
76561198192648407,2324650,83
76561198192648407,2876550,17
76561198192648407,2881650,2
76561198192648407,3431040,35
76561199752564934,400,269
76561199752564934,620,263
76561199752564934,730,8562
76561199752564934,223750,93
76561199752564934,231120,239
76561199752564934,236390,584
76561199752564934,284160,1234
76561199752564934,431960,2224
76561199752564934,526870,64
76561199752564934,756800,565
76561199752564934,1966720,2704
76561199752564934,2141730,253
76561199752564934,2200780,1054
76561199752564934,3527290,374
76561199752564934,4704690,91
76561198681768628,620,488
76561198681768628,730,66
76561198681768628,203140,109
76561198681768628,218620,1
76561198681768628,286690,33
76561198681768628,298110,1
76561198681768628,447040,95
76561198681768628,1238080,124
76561198681768628,1238810,170
76561198681768628,4465480,55
76561198070677644,10,1190
76561198070677644,20,23
76561198070677644,30,94
76561198070677644,40,34
76561198070677644,50,414
76561198070677644,60,16
76561198070677644,70,541
76561198070677644,80,34
76561198070677644,100,35
76561198070677644,130,150
76561198070677644,220,624
76561198070677644,240,871
76561198070677644,280,58
76561198070677644,300,118
76561198070677644,320,63
76561198070677644,360,33
76561198070677644,400,125
76561198070677644,440,9235
76561198070677644,500,2110
76561198070677644,550,3158
76561198070677644,570,1430
76561198070677644,620,1019
76561198070677644,730,82075
76561198070677644,1250,1835
76561198070677644,1930,146
76561198070677644,2100,15
76561198070677644,2200,3
76561198070677644,2270,3
76561198070677644,2400,140
76561198070677644,2590,38
76561198070677644,2990,329
76561198070677644,3700,77
76561198070677644,3810,267
76561198070677644,3820,218
76561198070677644,3830,72
76561198070677644,3920,3
76561198070677644,4000,1609
76561198070677644,4500,30
76561198070677644,4570,27
76561198070677644,4700,54
76561198070677644,4720,32
76561198070677644,4760,38
76561198070677644,4920,93
76561198070677644,6020,3
76561198070677644,6850,6
76561198070677644,6860,61
76561198070677644,6920,1
76561198070677644,7000,18
76561198070677644,7520,161
76561198070677644,8000,15
76561198070677644,8140,74
76561198070677644,8870,232
76561198070677644,8930,80
76561198070677644,8980,16
76561198070677644,9010,8
76561198070677644,9050,73
76561198070677644,9070,13
76561198070677644,9200,31
76561198070677644,9480,17
76561198070677644,10110,5
76561198070677644,10180,230
76561198070677644,10190,87
76561198070677644,10220,213
76561198070677644,10500,55
76561198070677644,11280,98
76561198070677644,12100,491
76561198070677644,12110,2884
76561198070677644,12120,756
76561198070677644,12130,9
76561198070677644,12140,13
76561198070677644,12150,41
76561198070677644,12200,711
76561198070677644,12210,930
76561198070677644,12230,10
76561198070677644,12240,19
76561198070677644,12250,12
76561198070677644,12750,14
76561198070677644,13250,4
76561198070677644,13540,4
76561198070677644,13570,678
76561198070677644,15700,76
76561198070677644,15740,73
76561198070677644,16720,17
76561198070677644,17390,285
76561198070677644,17410,98
76561198070677644,17450,163
76561198070677644,17470,155
76561198070677644,17710,123
76561198070677644,19830,67
76561198070677644,19840,1
76561198070677644,20500,126
76561198070677644,20510,18
76561198070677644,20530,5
76561198070677644,20550,20
76561198070677644,20900,19
76561198070677644,20920,103
76561198070677644,21090,32
76561198070677644,21100,50
76561198070677644,21110,11
76561198070677644,21120,55
76561198070677644,21680,26
76561198070677644,21690,887
76561198070677644,22300,99
76561198070677644,22320,21
76561198070677644,22330,3
76561198070677644,22490,2020
76561198070677644,24010,156
76561198070677644,24240,1174
76561198070677644,24740,17
76561198070677644,24960,323
76561198070677644,26800,9
76561198070677644,31280,706
76561198070677644,31290,156
76561198070677644,32370,10
76561198070677644,32400,4
76561198070677644,33440,31
76561198070677644,33910,243
76561198070677644,33930,3146
76561198070677644,34270,40
76561198070677644,34920,1
76561198070677644,35000,47
76561198070677644,35130,294
76561198070677644,35140,52
76561198070677644,35450,177
76561198070677644,35720,71
76561198070677644,38400,1
76561198070677644,38410,1
76561198070677644,38600,146
76561198070677644,39000,49
76561198070677644,40300,88
76561198070677644,40390,110
76561198070677644,40800,141
76561198070677644,40990,9
76561198070677644,41700,25
76561198070677644,42960,97
76561198070677644,43110,1
76561198070677644,44350,209
76561198070677644,45760,153
76561198070677644,45770,197
76561198070677644,46500,81
76561198070677644,46510,222
76561198070677644,47780,151
76561198070677644,47790,7
76561198070677644,47810,250
76561198070677644,47890,214
76561198070677644,48000,69
76561198070677644,48720,109
76561198070677644,49520,393
76561198070677644,49600,190
76561198070677644,50300,276
76561198070677644,51100,13
76561198070677644,55110,22
76561198070677644,55150,49
76561198070677644,55230,854
76561198070677644,57690,116
76561198070677644,57900,45
76561198070677644,63380,384
76561198070677644,65700,1
76561198070677644,65720,28
76561198070677644,65730,89
76561198070677644,65780,77
76561198070677644,65790,3810
76561198070677644,65980,301
76561198070677644,67370,115
76561198070677644,70000,100
76561198070677644,70110,106
76561198070677644,71230,30
76561198070677644,71250,11
76561198070677644,71340,324
76561198070677644,72850,1770
76561198070677644,73010,1
76561198070677644,91310,747
76561198070677644,91700,72
76561198070677644,92000,28
76561198070677644,92800,53
76561198070677644,95000,223
76561198070677644,98400,14
76561198070677644,105600,2419
76561198070677644,107200,82
76561198070677644,107310,115
76561198070677644,107410,8998
76561198070677644,108600,3625
76561198070677644,108710,166
76561198070677644,109600,7
76561198070677644,110800,338
76561198070677644,113020,112
76561198070677644,113200,219
76561198070677644,200110,476
76561198070677644,200510,106
76561198070677644,200940,190
76561198070677644,202090,77
76561198070677644,202170,911
76561198070677644,202750,173
76561198070677644,203140,541
76561198070677644,203160,331
76561198070677644,203630,76
76561198070677644,203770,87
76561198070677644,204030,43
76561198070677644,204100,1443
76561198070677644,204180,26
76561198070677644,204340,62
76561198070677644,204450,254
76561198070677644,204630,121
76561198070677644,206190,113
76561198070677644,206420,77
76561198070677644,206440,55
76561198070677644,207140,175
76561198070677644,207570,4
76561198070677644,207610,1147
76561198070677644,207690,216
76561198070677644,208090,72
76561198070677644,208140,103
76561198070677644,208200,109
76561198070677644,208520,93
76561198070677644,208610,1
76561198070677644,208670,14
76561198070677644,209000,220
76561198070677644,209100,40
76561198070677644,209330,102
76561198070677644,209670,76
76561198070677644,209830,33
76561198070677644,209870,7
76561198070677644,210550,285
76561198070677644,210770,77
76561198070677644,211050,227
76561198070677644,211400,72
76561198070677644,211600,21
76561198070677644,212480,292
76561198070677644,212630,165
76561198070677644,212680,88
76561198070677644,214170,1
76561198070677644,214340,75
76561198070677644,214490,884
76561198070677644,214550,76
76561198070677644,214560,278
76561198070677644,214770,95
76561198070677644,215530,52
76561198070677644,215670,49
76561198070677644,216250,361
76561198070677644,218410,62
76561198070677644,218620,61187
76561198070677644,218640,126
76561198070677644,218680,211
76561198070677644,218820,145
76561198070677644,219150,143
76561198070677644,219640,338
76561198070677644,219740,292
76561198070677644,219780,25
76561198070677644,220240,195
76561198070677644,220440,117
76561198070677644,220740,217
76561198070677644,220860,257
76561198070677644,221040,3190
76561198070677644,221100,12261
76561198070677644,221260,77
76561198070677644,221380,128
76561198070677644,221640,227
76561198070677644,221910,120
76561198070677644,222480,635
76561198070677644,222730,73
76561198070677644,222880,364
76561198070677644,222900,18
76561198070677644,223330,133
76561198070677644,223470,2181
76561198070677644,223710,457
76561198070677644,223830,275
76561198070677644,223850,53
76561198070677644,224260,542
76561198070677644,224420,127
76561198070677644,224460,54
76561198070677644,224580,137
76561198070677644,224860,192
76561198070677644,225000,4
76561198070677644,225020,117
76561198070677644,225080,216
76561198070677644,225140,261
76561198070677644,225160,116
76561198070677644,225260,259
76561198070677644,225280,71
76561198070677644,225420,219
76561198070677644,225540,115
76561198070677644,226560,136
76561198070677644,226720,110
76561198070677644,227300,628
76561198070677644,228200,154
76561198070677644,228260,116
76561198070677644,228300,513
76561198070677644,228320,2
76561198070677644,228400,548
76561198070677644,229810,218
76561198070677644,230050,84
76561198070677644,230230,171
76561198070677644,230410,4966
76561198070677644,231430,105
76561198070677644,232090,4627
76561198070677644,232430,57
76561198070677644,232750,43
76561198070677644,232770,46
76561198070677644,232890,232
76561198070677644,233130,116
76561198070677644,233190,82
76561198070677644,233250,162
76561198070677644,233270,214
76561198070677644,233290,185
76561198070677644,233450,50
76561198070677644,233720,163
76561198070677644,233980,92
76561198070677644,234140,492
76561198070677644,234190,1
76561198070677644,234650,174
76561198070677644,234710,650
76561198070677644,234940,220
76561198070677644,235210,232
76561198070677644,235360,115
76561198070677644,235460,58
76561198070677644,235540,591
76561198070677644,235600,1619
76561198070677644,236110,48
76561198070677644,236150,269
76561198070677644,236390,427
76561198070677644,236830,8
76561198070677644,236870,405
76561198070677644,237110,461
76561198070677644,237630,114
76561198070677644,237850,139
76561198070677644,237930,103
76561198070677644,238010,962
76561198070677644,238090,98
76561198070677644,238210,140
76561198070677644,238320,60
76561198070677644,238370,120
76561198070677644,238430,457
76561198070677644,238910,218
76561198070677644,238960,23
76561198070677644,239070,61
76561198070677644,239140,310
76561198070677644,239160,132
76561198070677644,239820,770
76561198070677644,239840,154
76561198070677644,241260,54
76561198070677644,241540,702
76561198070677644,241910,67
76561198070677644,241930,142
76561198070677644,242700,141
76561198070677644,242880,76
76561198070677644,243020,2
76561198070677644,243120,218
76561198070677644,243930,261
76561198070677644,244070,121
76561198070677644,244090,71
76561198070677644,244630,7
76561198070677644,244710,60
76561198070677644,244730,137
76561198070677644,244850,157
76561198070677644,245170,440
76561198070677644,245370,54
76561198070677644,246620,133
76561198070677644,247430,3
76561198070677644,247660,434
76561198070677644,247950,154
76561198070677644,248310,77
76561198070677644,248530,164
76561198070677644,249650,81
76561198070677644,250030,60
76561198070677644,250380,88
76561198070677644,250400,224
76561198070677644,251570,311
76561198070677644,251690,285
76561198070677644,252150,99
76561198070677644,252410,85
76561198070677644,252490,300
76561198070677644,252670,69
76561198070677644,252850,233
76561198070677644,252950,114
76561198070677644,253030,55
76561198070677644,253110,213
76561198070677644,253510,96
76561198070677644,253880,59
76561198070677644,253900,45
76561198070677644,253920,61
76561198070677644,253940,60
76561198070677644,253980,79
76561198070677644,254060,38
76561198070677644,254080,43
76561198070677644,254100,32
76561198070677644,254700,333
76561198070677644,255370,93
76561198070677644,255710,385
76561198070677644,257510,96
76561198070677644,257830,131
76561198070677644,257890,77
76561198070677644,258180,128
76561198070677644,258520,77
76561198070677644,259170,35
76561198070677644,259320,27
76561198070677644,260190,16
76561198070677644,260230,44
76561198070677644,261030,1098
76561198070677644,261110,43
76561198070677644,261510,221
76561198070677644,262060,165
76561198070677644,262280,121
76561198070677644,262410,31
76561198070677644,263420,82
76561198070677644,264140,168
76561198070677644,264240,75
76561198070677644,264690,133
76561198070677644,265550,135
76561198070677644,265590,143
76561198070677644,265630,63
76561198070677644,265750,87
76561198070677644,265930,44
76561198070677644,267530,357
76561198070677644,267750,115
76561198070677644,268050,473
76561198070677644,269210,34
76561198070677644,269650,137
76561198070677644,269790,79
76561198070677644,269890,260
76561198070677644,270210,124
76561198070677644,271590,48800
76561198070677644,272470,100
76561198070677644,273110,46
76561198070677644,274170,188
76561198070677644,274190,247
76561198070677644,274290,155
76561198070677644,274310,277
76561198070677644,274900,32
76561198070677644,274940,165
76561198070677644,275060,231
76561198070677644,275100,43
76561198070677644,275390,135
76561198070677644,275670,298
76561198070677644,277890,121
76561198070677644,278100,116
76561198070677644,278360,216
76561198070677644,278460,77
76561198070677644,279260,67
76561198070677644,280140,52
76561198070677644,281200,218
76561198070677644,281220,226
76561198070677644,281690,209
76561198070677644,281940,81
76561198070677644,282210,300
76561198070677644,282440,81
76561198070677644,282800,1528
76561198070677644,283290,59
76561198070677644,284890,87
76561198070677644,285090,55
76561198070677644,285900,148
76561198070677644,286120,104
76561198070677644,286160,248
76561198070677644,286690,418
76561198070677644,287290,1084
76561198070677644,287390,505
76561198070677644,287700,197
76561198070677644,289690,49
76561198070677644,289930,75
76561198070677644,290080,171
76561198070677644,290790,156
76561198070677644,291650,374
76561198070677644,291710,55
76561198070677644,292030,256
76561198070677644,292380,189
76561198070677644,292410,233
76561198070677644,293600,47
76561198070677644,294020,169
76561198070677644,295790,87
76561198070677644,297490,48
76561198070677644,297920,78
76561198070677644,299740,131
76561198070677644,300550,149
76561198070677644,301640,67
76561198070677644,301860,227
76561198070677644,301970,77
76561198070677644,302010,203
76561198070677644,302510,134
76561198070677644,304240,77
76561198070677644,304390,35715
76561198070677644,305010,32
76561198070677644,305050,77
76561198070677644,305620,233
76561198070677644,306130,312
76561198070677644,306410,76
76561198070677644,306660,140
76561198070677644,307290,8
76561198070677644,307880,99
76561198070677644,310560,117
76561198070677644,310810,88
76561198070677644,311190,135
76561198070677644,311340,237
76561198070677644,312530,96
76561198070677644,312660,133
76561198070677644,312670,77
76561198070677644,312840,94
76561198070677644,313340,274
76561198070677644,313830,27
76561198070677644,314660,47
76561198070677644,316790,199
76561198070677644,319630,7
76561198070677644,321040,72
76561198070677644,322190,245
76561198070677644,322330,2337
76561198070677644,323060,221
76561198070677644,323320,54
76561198070677644,323580,76
76561198070677644,324610,3
76561198070677644,329380,251
76561198070677644,329430,262
76561198070677644,330180,130
76561198070677644,330830,584
76561198070677644,331870,217
76561198070677644,335430,49
76561198070677644,335670,88
76561198070677644,337000,99
76561198070677644,337630,218
76561198070677644,338140,131
76561198070677644,339200,54
76561198070677644,339230,108
76561198070677644,339340,398
76561198070677644,341940,146
76561198070677644,343360,147
76561198070677644,343710,64
76561198070677644,345180,108
76561198070677644,346110,83
76561198070677644,348550,82
76561198070677644,349500,33
76561198070677644,350640,329
76561198070677644,355180,54
76561198070677644,356040,107
76561198070677644,356190,193
76561198070677644,357070,28
76561198070677644,357190,81
76561198070677644,359550,40508
76561198070677644,359960,215
76561198070677644,360150,131
76561198070677644,360940,165
76561198070677644,361300,27
76561198070677644,361550,66
76561198070677644,362890,197
76561198070677644,362930,22
76561198070677644,364360,149
76561198070677644,364480,48
76561198070677644,365160,83
76561198070677644,367450,154
76561198070677644,368230,66
76561198070677644,368420,76
76561198070677644,368730,76
76561198070677644,368990,32
76561198070677644,369200,190
76561198070677644,369580,53
76561198070677644,373420,171
76561198070677644,375820,60
76561198070677644,377160,3882
76561198070677644,379430,1785
76561198070677644,379720,72
76561198070677644,381210,9091
76561198070677644,382080,117
76561198070677644,382490,130
76561198070677644,382560,119
76561198070677644,383330,49
76561198070677644,383870,73
76561198070677644,385560,149
76561198070677644,385710,94
76561198070677644,386900,196
76561198070677644,388880,235
76561198070677644,390100,140
76561198070677644,390340,161
76561198070677644,391720,38
76561198070677644,394310,99
76561198070677644,394360,88
76561198070677644,398710,58
76561198070677644,399430,21
76561198070677644,400430,77
76561198070677644,401680,210
76561198070677644,402390,43
76561198070677644,403900,205
76561198070677644,409100,127
76561198070677644,412020,287
76561198070677644,413150,132
76561198070677644,414340,257
76561198070677644,414740,138
76561198070677644,415420,57
76561198070677644,418070,21
76561198070677644,418180,222
76561198070677644,418340,196
76561198070677644,418460,982
76561198070677644,420970,131
76561198070677644,423230,77
76561198070677644,424840,38
76561198070677644,425340,91
76561198070677644,427190,157
76561198070677644,428430,125
76561198070677644,428550,131
76561198070677644,434050,135
76561198070677644,434730,95
76561198070677644,435150,255
76561198070677644,435790,165
76561198070677644,437220,4190
76561198070677644,438100,10
76561198070677644,439190,234
76561198070677644,440900,136
76561198070677644,444090,245
76561198070677644,444940,132
76561198070677644,455400,37
76561198070677644,462770,93
76561198070677644,463150,220
76561198070677644,464060,149
76561198070677644,466240,338
76561198070677644,474210,218
76561198070677644,474960,474
76561198070677644,475150,92
76561198070677644,483420,58
76561198070677644,489830,47
76561198070677644,491040,136
76561198070677644,491950,75
76561198070677644,492270,66
76561198070677644,495420,325
76561198070677644,495890,130
76561198070677644,499890,37
76561198070677644,501590,47
76561198070677644,501840,32
76561198070677644,504370,114
76561198070677644,509840,21
76561198070677644,513710,128
76561198070677644,513780,37
76561198070677644,514460,52
76561198070677644,516750,302
76561198070677644,522210,348
76561198070677644,526790,131
76561198070677644,526870,67
76561198070677644,526920,44
76561198070677644,530620,45
76561198070677644,530700,88
76561198070677644,531800,17
76561198070677644,535490,125
76561198070677644,544330,296
76561198070677644,544920,101
76561198070677644,548430,11018
76561198070677644,552500,243
76561198070677644,555150,132
76561198070677644,576500,98
76561198070677644,577320,96
76561198070677644,577940,8
76561198070677644,578080,68902
76561198070677644,582010,3340
76561198070677644,582500,78
76561198070677644,584210,20
76561198070677644,594550,230
76561198070677644,594650,72
76561198070677644,598700,132
76561198070677644,599750,224
76561198070677644,611500,45
76561198070677644,619390,148
76561198070677644,621060,238
76561198070677644,623990,1044
76561198070677644,635200,163
76561198070677644,667720,93
76561198070677644,698780,135
76561198070677644,704270,99
76561198070677644,704450,120
76561198070677644,707030,176
76561198070677644,713530,105
76561198070677644,714120,134
76561198070677644,726360,35
76561198070677644,731490,87
76561198070677644,739630,3672
76561198070677644,743450,307
76561198070677644,755790,166
76561198070677644,758330,333
76561198070677644,760620,2
76561198070677644,765870,162
76561198070677644,836620,156
76561198070677644,842100,134
76561198070677644,843380,32
76561198070677644,847370,156
76561198070677644,872200,31
76561198070677644,880940,37
76561198070677644,883710,1225
76561198070677644,914800,135
76561198070677644,939400,37
76561198070677644,945360,7211
76561198070677644,952060,68
76561198070677644,952070,151
76561198070677644,952440,94
76561198070677644,960910,65
76561198070677644,962580,130
76561198070677644,969990,136
76561198070677644,976730,190
76561198070677644,983970,135
76561198070677644,996580,280
76561198070677644,997070,133
76561198070677644,1008080,40
76561198070677644,1016800,134
76561198070677644,1034140,87
76561198070677644,1046930,10
76561198070677644,1061910,28
76561198070677644,1062830,83
76561198070677644,1085660,28
76561198070677644,1090630,135
76561198070677644,1101260,122
76561198070677644,1119980,32
76561198070677644,1142710,252
76561198070677644,1144200,12
76561198070677644,1147510,32
76561198070677644,1151340,129
76561198070677644,1168280,15
76561198070677644,1173410,1
76561198070677644,1184160,25
76561198070677644,1205950,72
76561198070677644,1222670,25
76561198070677644,1237970,511
76561198070677644,1240440,670
76561198070677644,1245430,73
76561198070677644,1260390,140
76561198070677644,1262060,150
76561198070677644,1266840,148
76561198070677644,1271100,78
76561198070677644,1271710,64
76561198070677644,1272080,2142
76561198070677644,1293830,405
76561198070677644,1310910,39
76561198070677644,1334590,59
76561198070677644,1349040,80
76561198070677644,1359980,58
76561198070677644,1373510,217
76561198070677644,1373550,218
76561198070677644,1422450,170
76561198070677644,1446850,66
76561198070677644,1449690,243
76561198070677644,1466640,348
76561198070677644,1532770,471
76561198070677644,1541760,14
76561198070677644,1546970,5
76561198070677644,1546990,713
76561198070677644,1547000,9
76561198070677644,1566060,37
76561198070677644,1567080,133
76561198070677644,1615100,14
76561198070677644,1659040,194
76561198070677644,1715130,56
76561198070677644,1750200,827
76561198070677644,1823930,48
76561198070677644,1830910,32
76561198070677644,1836160,69
76561198070677644,1874880,521
76561198070677644,1938090,407
76561198070677644,1942280,171
76561198070677644,1953230,133
76561198070677644,2015080,135
76561198070677644,2016590,12
76561198070677644,2067850,93
76561198070677644,2073850,2331
76561198070677644,2089060,127
76561198070677644,2139460,315
76561198070677644,2171280,817
76561198070677644,2215260,11
76561198070677644,2221840,63
76561198070677644,2239550,1806
76561198070677644,2273420,30
76561198070677644,2357570,59073
76561198070677644,2605790,908
76561198070677644,2674810,17
76561198070677644,2683150,103
76561198070677644,2723520,266
76561198070677644,2818260,216
76561198070677644,2933080,458
76561198070677644,2962300,28
76561198070677644,3240220,3358
76561198070677644,3314060,52
76561198070677644,3314070,126
76561198070677644,3757060,31
76561198070677644,4162040,84
76561198070677644,4487840,6
76561198070677644,4819000,29
76561199850854007,220,1725
76561199850854007,320,38
76561199850854007,400,202
76561199850854007,620,2580
76561199850854007,105600,7
76561199850854007,219150,76
76561199850854007,227300,14532
76561199850854007,239140,366
76561199850854007,242760,296
76561199850854007,246620,394
76561199850854007,284160,321
76561199850854007,362890,1188
76561199850854007,391540,157
76561199850854007,394360,47
76561199850854007,414700,36
76561199850854007,603850,8249
76561199850854007,629520,2906
76561199850854007,658550,17
76561199850854007,739630,18
76561199850854007,756800,2413
76561199850854007,976010,425
76561199850854007,1030300,169
76561199850854007,1222140,1832
76561199850854007,1302240,28
76561199850854007,1369630,2487
76561199850854007,1421250,240
76561199850854007,1943950,489
76561199850854007,2110820,20
76561199850854007,2141730,2118
76561199850854007,2242760,659
76561199850854007,2532430,16
76561199850854007,2551020,18
76561199850854007,2719940,187
76561199850854007,2725260,2268
76561199850854007,2835530,2302
76561199850854007,2835570,432
76561199850854007,2873080,464
76561199850854007,3017580,710
76561199850854007,3399950,15
76561199850854007,3558400,279
76561199850854007,3629290,250
76561199850854007,3942480,44
76561198688946192,620,414
76561198688946192,431960,325
76561198688946192,648800,1270
76561198688946192,1174180,106
76561198688946192,1868140,419
76561198688946192,3103840,82
76561199186263893,220,538
76561199186263893,320,2
76561199186263893,400,661
76561199186263893,440,34894
76561199186263893,620,1800
76561199186263893,730,1176
76561199186263893,4000,2662
76561199186263893,11020,345
76561199186263893,17480,15
76561199186263893,218620,417
76561199186263893,220200,143
76561199186263893,228380,1496
76561199186263893,236390,1209
76561199186263893,265930,299
76561199186263893,272860,12
76561199186263893,284160,13508
76561199186263893,292030,397
76561199186263893,319510,38
76561199186263893,367520,243
76561199186263893,431710,4
76561199186263893,714010,9
76561199186263893,837470,238
76561199186263893,945360,159
76561199186263893,960090,177
76561199186263893,993090,1
76561199186263893,1012560,296
76561199186263893,1080110,2806
76561199186263893,1222140,1488
76561199186263893,1222670,8
76561199186263893,1222700,173
76561199186263893,1240440,618
76561199186263893,1279510,877
76561199186263893,1313140,276
76561199186263893,1332010,297
76561199186263893,1551360,4351
76561199186263893,1659040,361
76561199186263893,1703340,154
76561199186263893,1902490,103
76561199186263893,1942280,358
76561199186263893,1977530,10
76561199186263893,2051620,11
76561199186263893,2073620,14
76561199186263893,2149010,12
76561199186263893,2225070,155
76561199186263893,2229850,1
76561199186263893,2229880,342
76561199186263893,2259310,80
76561199186263893,2551020,523
76561199186263893,2767030,89
76561199186263893,3293010,1209
76561199186263893,3527290,688
76561199186263893,3897800,287
76561199186263893,4050060,335
76561199186263893,4576510,53
76561199479872927,400,134
76561199479872927,550,8182
76561199479872927,620,393
76561199479872927,35140,150
76561199479872927,47780,588
76561199479872927,208650,1672
76561199479872927,239140,4642
76561199479872927,291550,487
76561199479872927,322170,848
76561199479872927,322330,106
76561199479872927,332950,19
76561199479872927,379720,637
76561199479872927,391540,3
76561199479872927,424840,157
76561199479872927,438100,10
76561199479872927,534380,1521
76561199479872927,546560,73
76561199479872927,601360,50
76561199479872927,613100,72
76561199479872927,648800,492
76561199479872927,728880,119
76561199479872927,774171,375
76561199479872927,774361,26
76561199479872927,1057090,931
76561199479872927,1091500,1632
76561199479872927,1196590,770
76561199479872927,1290490,125
76561199479872927,1742020,10
76561199479872927,1902490,30
76561199479872927,2149010,111
76561199479872927,2524890,8317
76561199479872927,2719150,14
76561199479872927,3224770,16559
76561199479872927,3404260,1421
76561199479872927,3513350,157
76561199479872927,4162040,79
76561197993572531,10,11294
76561197993572531,40,11
76561197993572531,60,4
76561197993572531,70,46
76561197993572531,80,103
76561197993572531,100,9
76561197993572531,130,32
76561197993572531,220,236
76561197993572531,300,1358
76561197993572531,400,386
76561197993572531,440,1328
76561197993572531,550,1409
76561197993572531,570,198512
76561197993572531,620,713
76561197993572531,730,3158
76561197993572531,1250,586
76561197993572531,1700,53
76561197993572531,2280,243
76561197993572531,2400,346
76561197993572531,2420,8
76561197993572531,2500,709
76561197993572531,2620,349
76561197993572531,2630,4
76561197993572531,2700,9
76561197993572531,2990,701
76561197993572531,3830,1412
76561197993572531,4000,1272
76561197993572531,4500,772
76561197993572531,4920,857
76561197993572531,6020,514
76561197993572531,6030,801
76561197993572531,6860,106
76561197993572531,6980,179
76561197993572531,7800,270
76561197993572531,8870,802
76561197993572531,8930,206
76561197993572531,10180,287
76561197993572531,12100,535
76561197993572531,12140,12
76561197993572531,13540,436
76561197993572531,15100,600
76561197993572531,15700,224
76561197993572531,15740,190
76561197993572531,16700,1
76561197993572531,17390,529
76561197993572531,17460,932
76561197993572531,18700,26
76561197993572531,20500,278
76561197993572531,20510,412
76561197993572531,21130,848
76561197993572531,21170,252
76561197993572531,21690,548
76561197993572531,22000,243
76561197993572531,22230,231
76561197993572531,22320,158
76561197993572531,22330,79
76561197993572531,23460,44
76561197993572531,24740,466
76561197993572531,26500,16
76561197993572531,26800,242
76561197993572531,26900,106
76561197993572531,29180,55
76561197993572531,29800,46
76561197993572531,32370,361
76561197993572531,32380,781
76561197993572531,32400,633
76561197993572531,33230,62
76561197993572531,33570,10
76561197993572531,34010,321
76561197993572531,34270,248
76561197993572531,34870,1
76561197993572531,35140,245
76561197993572531,35450,921
76561197993572531,35700,290
76561197993572531,35720,203
76561197993572531,38700,9
76561197993572531,39500,2563
76561197993572531,39510,2995
76561197993572531,39670,49
76561197993572531,39690,32
76561197993572531,40100,196
76561197993572531,40420,2
76561197993572531,40700,296
76561197993572531,40800,356
76561197993572531,40950,3
76561197993572531,41070,147
76561197993572531,41100,4
76561197993572531,41700,312
76561197993572531,42680,537
76561197993572531,42690,9
76561197993572531,42700,315
76561197993572531,42910,1105
76561197993572531,44320,228
76561197993572531,46270,421
76561197993572531,46500,219
76561197993572531,46510,249
76561197993572531,47890,196
76561197993572531,48700,253
76561197993572531,49520,176
76561197993572531,55040,32
76561197993572531,57620,49
76561197993572531,57690,570
76561197993572531,57730,112
76561197993572531,58570,6
76561197993572531,63380,627
76561197993572531,65540,3023
76561197993572531,65600,1
76561197993572531,65610,1
76561197993572531,65980,539
76561197993572531,70120,8
76561197993572531,70300,944
76561197993572531,70400,9250
76561197993572531,70420,23
76561197993572531,72200,500
76561197993572531,72850,3498
76561197993572531,91310,691
76561197993572531,91700,275
76561197993572531,92800,198
76561197993572531,93200,1066
76561197993572531,94000,25
76561197993572531,94400,511
76561197993572531,95500,7
76561197993572531,96000,197
76561197993572531,96100,80
76561197993572531,96200,256
76561197993572531,98200,421
76561197993572531,98800,188
76561197993572531,99910,88
76561197993572531,102500,5
76561197993572531,104200,52
76561197993572531,105450,137
76561197993572531,105600,7941
76561197993572531,107100,355
76561197993572531,107310,228
76561197993572531,107410,2273
76561197993572531,108600,1120
76561197993572531,108710,864
76561197993572531,113020,308
76561197993572531,113200,5026
76561197993572531,115800,522
76561197993572531,200110,176
76561197993572531,200260,259
76561197993572531,200510,410
76561197993572531,200710,250
76561197993572531,200910,782
76561197993572531,201280,22
76561197993572531,202090,303
76561197993572531,202200,3
76561197993572531,202710,4
76561197993572531,202970,363
76561197993572531,202990,727
76561197993572531,203140,1462
76561197993572531,203160,111
76561197993572531,203350,140
76561197993572531,203510,1
76561197993572531,203630,106
76561197993572531,203770,156
76561197993572531,203830,376
76561197993572531,204120,1
76561197993572531,204240,93
76561197993572531,204300,270
76561197993572531,204360,55
76561197993572531,204530,463
76561197993572531,205610,103
76561197993572531,206190,544
76561197993572531,206210,581
76561197993572531,206420,1509
76561197993572531,206440,235
76561197993572531,207080,95
76561197993572531,207140,79
76561197993572531,207170,362
76561197993572531,207350,268
76561197993572531,207610,558
76561197993572531,208090,324
76561197993572531,208140,178
76561197993572531,208580,224
76561197993572531,208650,1232
76561197993572531,209000,409
76561197993572531,210970,861
76561197993572531,211400,76
76561197993572531,211420,1935
76561197993572531,211600,49
76561197993572531,211740,22
76561197993572531,211820,14259
76561197993572531,212070,159
76561197993572531,212630,1034
76561197993572531,212680,540
76561197993572531,212910,972
76561197993572531,214340,910
76561197993572531,214490,39
76561197993572531,214560,745
76561197993572531,214730,3964
76561197993572531,214950,955
76561197993572531,214970,169
76561197993572531,215160,1
76561197993572531,215510,207
76561197993572531,215530,526
76561197993572531,217490,1249
76561197993572531,218620,407
76561197993572531,218640,306
76561197993572531,218680,2306
76561197993572531,219150,195
76561197993572531,219640,1107
76561197993572531,219740,353
76561197993572531,219830,480
76561197993572531,219890,524
76561197993572531,219910,368
76561197993572531,219990,1930
76561197993572531,220200,1857
76561197993572531,220240,1006
76561197993572531,220460,158
76561197993572531,220700,86
76561197993572531,220740,1999
76561197993572531,221020,81
76561197993572531,221100,243
76561197993572531,221380,134
76561197993572531,221810,451
76561197993572531,221910,75
76561197993572531,222730,190
76561197993572531,222750,391
76561197993572531,222880,385
76561197993572531,222900,235
76561197993572531,222940,212
76561197993572531,223100,670
76561197993572531,223850,102
76561197993572531,224220,207
76561197993572531,224440,536
76561197993572531,224460,209
76561197993572531,224480,86
76561197993572531,224500,28720
76561197993572531,224540,349
76561197993572531,224740,901
76561197993572531,224760,116
76561197993572531,225080,175
76561197993572531,225260,1087
76561197993572531,225540,519
76561197993572531,225840,62
76561197993572531,226100,270
76561197993572531,227000,76
76561197993572531,227020,622
76561197993572531,227300,1519
76561197993572531,227380,4
76561197993572531,227700,192
76561197993572531,227860,871
76561197993572531,228200,1132
76561197993572531,228300,448
76561197993572531,228360,399
76561197993572531,228960,234
76561197993572531,230070,1176
76561197993572531,230170,57
76561197993572531,230190,355
76561197993572531,230230,1721
76561197993572531,230410,3749
76561197993572531,230820,1025
76561197993572531,231040,343
76561197993572531,231160,71
76561197993572531,231200,613
76561197993572531,231430,125
76561197993572531,231740,205
76561197993572531,232430,205
76561197993572531,232770,189
76561197993572531,232790,1274
76561197993572531,232890,140
76561197993572531,233150,117
76561197993572531,233250,843
76561197993572531,233270,75
76561197993572531,233450,1337
76561197993572531,233720,450
76561197993572531,233860,231
76561197993572531,233980,218
76561197993572531,234140,629
76561197993572531,234190,27
76561197993572531,234530,421
76561197993572531,234650,249
76561197993572531,234920,125
76561197993572531,235360,1004
76561197993572531,235460,477
76561197993572531,235540,656
76561197993572531,235620,80
76561197993572531,235820,69
76561197993572531,235980,191
76561197993572531,236870,1467
76561197993572531,237570,254
76561197993572531,237850,337
76561197993572531,237870,851
76561197993572531,237930,279
76561197993572531,237990,219
76561197993572531,238010,497
76561197993572531,238090,756
76561197993572531,238210,163
76561197993572531,238430,836
76561197993572531,238460,347
76561197993572531,238910,98
76561197993572531,238960,1313
76561197993572531,239030,509
76561197993572531,239070,71
76561197993572531,239140,1555
76561197993572531,239160,393
76561197993572531,239200,1
76561197993572531,239350,117
76561197993572531,239820,1101
76561197993572531,240320,433
76561197993572531,240720,46
76561197993572531,240760,760
76561197993572531,241240,191
76561197993572531,241560,625
76561197993572531,241600,220
76561197993572531,241910,1115
76561197993572531,241930,1422
76561197993572531,242050,1239
76561197993572531,242570,417
76561197993572531,242680,546
76561197993572531,242760,565
76561197993572531,242840,203
76561197993572531,242880,813
76561197993572531,242920,202
76561197993572531,243120,173
76561197993572531,243200,114
76561197993572531,243470,932
76561197993572531,243970,247
76561197993572531,244030,955
76561197993572531,244770,339
76561197993572531,244850,1386
76561197993572531,244870,182
76561197993572531,245470,72
76561197993572531,246070,387
76561197993572531,246090,12141
76561197993572531,246110,264
76561197993572531,246620,1531
76561197993572531,246900,433
76561197993572531,247000,470
76561197993572531,247020,234
76561197993572531,247080,336
76561197993572531,247370,596
76561197993572531,248390,289
76561197993572531,248410,243
76561197993572531,248610,1520
76561197993572531,248820,55
76561197993572531,248860,2459
76561197993572531,249050,586
76561197993572531,249230,742
76561197993572531,249590,96
76561197993572531,249870,524
76561197993572531,249990,80
76561197993572531,250050,145
76561197993572531,250260,543
76561197993572531,250320,638
76561197993572531,250400,223
76561197993572531,250560,278
76561197993572531,250760,1518
76561197993572531,250900,471
76561197993572531,251130,239
76561197993572531,251310,356
76561197993572531,251570,6438
76561197993572531,251730,165
76561197993572531,251830,237
76561197993572531,251990,1346
76561197993572531,252090,132
76561197993572531,252150,123
76561197993572531,252410,82
76561197993572531,252470,1325
76561197993572531,252490,4849
76561197993572531,252570,501
76561197993572531,252630,1392
76561197993572531,252950,228
76561197993572531,253030,177
76561197993572531,253230,264
76561197993572531,253250,11025
76561197993572531,253840,359
76561197993572531,253960,39
76561197993572531,254000,1
76561197993572531,254040,7
76561197993572531,255280,889
76561197993572531,255300,35
76561197993572531,255320,460
76561197993572531,255710,481
76561197993572531,257120,115
76561197993572531,257510,659
76561197993572531,257750,55
76561197993572531,257850,479
76561197993572531,258180,83
76561197993572531,258520,76
76561197993572531,258970,253
76561197993572531,259600,339
76561197993572531,259780,105
76561197993572531,260230,944
76561197993572531,260530,226
76561197993572531,260750,2
76561197993572531,261510,619
76561197993572531,261550,3119
76561197993572531,261570,339
76561197993572531,261640,193
76561197993572531,262060,2091
76561197993572531,262390,265
76561197993572531,262790,513
76561197993572531,262940,951
76561197993572531,263280,585
76561197993572531,263440,324
76561197993572531,263740,90
76561197993572531,263980,217
76561197993572531,264060,114
76561197993572531,264140,370
76561197993572531,264200,5
76561197993572531,264560,117
76561197993572531,264690,103
76561197993572531,264710,3050
76561197993572531,264730,205
76561197993572531,265300,523
76561197993572531,265550,1090
76561197993572531,265930,571
76561197993572531,266130,932
76561197993572531,266390,999
76561197993572531,266510,1550
76561197993572531,267490,259
76561197993572531,268130,268
76561197993572531,268320,60
76561197993572531,268500,752
76561197993572531,268540,987
76561197993572531,268670,1
76561197993572531,268870,335
76561197993572531,268910,1803
76561197993572531,269210,175
76561197993572531,269310,225
76561197993572531,269770,7
76561197993572531,269850,163
76561197993572531,270090,205
76561197993572531,270270,49
76561197993572531,271290,169
76561197993572531,271590,203
76561197993572531,271640,202
76561197993572531,271820,235
76561197993572531,273110,516
76561197993572531,274170,89
76561197993572531,274270,1154
76561197993572531,274290,389
76561197993572531,274350,43
76561197993572531,274500,829
76561197993572531,274940,126
76561197993572531,275850,18331
76561197993572531,277700,1193
76561197993572531,280160,431
76561197993572531,280720,249
76561197993572531,281370,36
76561197993572531,281640,277
76561197993572531,281990,205
76561197993572531,282070,63
76561197993572531,282140,339
76561197993572531,282900,155
76561197993572531,283230,1205
76561197993572531,283640,275
76561197993572531,284240,3
76561197993572531,284390,973
76561197993572531,284410,115
76561197993572531,285230,21
76561197993572531,285250,11
76561197993572531,285270,9
76561197993572531,285290,111
76561197993572531,285800,75
76561197993572531,285900,18
76561197993572531,285920,485
76561197993572531,286160,6024
76561197993572531,286690,65
76561197993572531,287290,208
76561197993572531,287630,849
76561197993572531,287700,531
76561197993572531,287980,142
76561197993572531,288160,112
76561197993572531,288470,679
76561197993572531,289090,60
76561197993572531,289400,189
76561197993572531,289930,338
76561197993572531,289950,570
76561197993572531,290080,1037
76561197993572531,290530,279
76561197993572531,290650,107
76561197993572531,290770,119
76561197993572531,290890,341
76561197993572531,291650,5044
76561197993572531,291860,1389
76561197993572531,292000,563
76561197993572531,292030,3128
76561197993572531,292630,205
76561197993572531,293260,347
76561197993572531,293880,204
76561197993572531,294020,281
76561197993572531,294100,2983
76561197993572531,294140,55
76561197993572531,294860,202
76561197993572531,295110,1140
76561197993572531,295790,142
76561197993572531,296470,95
76561197993572531,296830,1577
76561197993572531,296930,218
76561197993572531,296970,606
76561197993572531,297060,85
76561197993572531,297120,833
76561197993572531,297130,260
76561197993572531,297920,205
76561197993572531,298050,676
76561197993572531,298610,296
76561197993572531,298630,258
76561197993572531,298900,1348
76561197993572531,299360,467
76561197993572531,299440,189
76561197993572531,300300,461
76561197993572531,300380,1119
76561197993572531,300550,236
76561197993572531,300570,1830
76561197993572531,301190,77
76561197993572531,301200,56
76561197993572531,301640,504
76561197993572531,301750,114
76561197993572531,301840,1281
76561197993572531,301970,1525
76561197993572531,303210,81
76561197993572531,303510,59
76561197993572531,303610,221
76561197993572531,303790,165
76561197993572531,304430,232
76561197993572531,304650,230
76561197993572531,305050,279
76561197993572531,305620,370
76561197993572531,306130,1584
76561197993572531,307090,220
76561197993572531,307110,155
76561197993572531,307580,185
76561197993572531,307670,536
76561197993572531,308420,1638
76561197993572531,310060,190
76561197993572531,310080,178
76561197993572531,310530,10
76561197993572531,310560,369
76561197993572531,310890,865
76561197993572531,311120,486
76561197993572531,311240,165
76561197993572531,311290,230
76561197993572531,311690,467
76561197993572531,311870,776
76561197993572531,312010,13
76561197993572531,312660,1363
76561197993572531,312670,209
76561197993572531,312750,215
76561197993572531,312840,1404
76561197993572531,313080,996
76561197993572531,313120,1
76561197993572531,313160,581
76561197993572531,313340,1093
76561197993572531,313590,60
76561197993572531,313630,218
76561197993572531,313740,1377
76561197993572531,314240,77
76561197993572531,314410,266
76561197993572531,314450,202
76561197993572531,314660,280
76561197993572531,314790,1372
76561197993572531,315430,165
76561197993572531,315460,219
76561197993572531,316790,965
76561197993572531,316890,150
76561197993572531,317030,66
76561197993572531,317100,77
76561197993572531,317820,349
76561197993572531,317950,57
76561197993572531,318130,351
76561197993572531,318230,82
76561197993572531,318430,83
76561197993572531,318530,218
76561197993572531,318600,232
76561197993572531,318970,1311
76561197993572531,319560,6
76561197993572531,319630,240
76561197993572531,319740,613
76561197993572531,320040,233
76561197993572531,320240,1253
76561197993572531,320300,40
76561197993572531,320340,742
76561197993572531,321040,56
76561197993572531,321260,115
76561197993572531,321960,262
76561197993572531,321980,870
76561197993572531,322210,287
76561197993572531,322330,395
76561197993572531,322500,365
76561197993572531,322970,219
76561197993572531,323190,477
76561197993572531,323220,275
76561197993572531,323580,302
76561197993572531,323850,743
76561197993572531,324260,228
76561197993572531,324360,1
76561197993572531,324420,235
76561197993572531,324680,79
76561197993572531,324800,190
76561197993572531,325210,99
76561197993572531,325520,192
76561197993572531,326150,183
76561197993572531,326410,218
76561197993572531,326460,1641
76561197993572531,327220,506
76561197993572531,327510,1131
76561197993572531,327860,1381
76561197993572531,327890,101
76561197993572531,328080,1364
76561197993572531,328270,215
76561197993572531,329110,36
76561197993572531,329130,175
76561197993572531,329380,245
76561197993572531,329970,131
76561197993572531,330270,72
76561197993572531,330460,169
76561197993572531,330830,614
76561197993572531,331470,232
76561197993572531,331690,1631
76561197993572531,331720,1292
76561197993572531,332500,2230
76561197993572531,333300,320
76561197993572531,333420,279
76561197993572531,334120,215
76561197993572531,334420,390
76561197993572531,335000,402
76561197993572531,335300,190
76561197993572531,335670,1022
76561197993572531,336760,77
76561197993572531,336770,60
76561197993572531,336780,137
76561197993572531,337000,2990
76561197993572531,337320,96
76561197993572531,337480,491
76561197993572531,337850,2
76561197993572531,338320,417
76561197993572531,338390,1000
76561197993572531,338890,74
76561197993572531,339200,3
76561197993572531,339400,122
76561197993572531,339440,89
76561197993572531,339800,142
76561197993572531,340000,139
76561197993572531,340150,336
76561197993572531,340170,210
76561197993572531,340490,339
76561197993572531,341000,646
76561197993572531,341020,109
76561197993572531,341510,167
76561197993572531,341800,260
76561197993572531,342380,1318
76561197993572531,342490,157
76561197993572531,342560,8
76561197993572531,342640,6
76561197993572531,343440,753
76561197993572531,343560,284
76561197993572531,343840,119
76561197993572531,343860,216
76561197993572531,344410,496
76561197993572531,344760,1035
76561197993572531,344850,407
76561197993572531,345180,1205
76561197993572531,345200,360
76561197993572531,345390,948
76561197993572531,345750,716
76561197993572531,346010,5
76561197993572531,346110,1003
76561197993572531,346270,3
76561197993572531,346420,606
76561197993572531,346830,215
76561197993572531,346940,1
76561197993572531,347220,11
76561197993572531,347430,304
76561197993572531,348360,235
76561197993572531,349790,1312
76561197993572531,350640,1350
76561197993572531,351100,1186
76561197993572531,351290,322
76561197993572531,351910,201
76561197993572531,351920,1427
76561197993572531,352460,37
76561197993572531,352520,232
76561197993572531,352720,1201
76561197993572531,352890,353
76561197993572531,353560,14
76561197993572531,353700,418
76561197993572531,353990,876
76561197993572531,354240,293
76561197993572531,355790,1376
76561197993572531,356040,6929
76561197993572531,356190,1615
76561197993572531,356450,1779
76561197993572531,356570,590
76561197993572531,357310,1434
76561197993572531,357670,106
76561197993572531,357780,117
76561197993572531,359050,180
76561197993572531,359100,158
76561197993572531,359230,354
76561197993572531,359310,259
76561197993572531,359840,388
76561197993572531,359870,323
76561197993572531,359960,491
76561197993572531,360150,284
76561197993572531,360170,318
76561197993572531,360480,2
76561197993572531,361300,140
76561197993572531,361420,1222
76561197993572531,361800,1726
76561197993572531,362620,17
76561197993572531,362680,872
76561197993572531,362960,1334
76561197993572531,363360,241
76561197993572531,363440,517
76561197993572531,363460,69
76561197993572531,363600,672
76561197993572531,363930,1373
76561197993572531,363970,4160
76561197993572531,364270,95
76561197993572531,364300,269
76561197993572531,364390,153
76561197993572531,365160,38
76561197993572531,365360,416
76561197993572531,366090,824
76561197993572531,366180,218
76561197993572531,366640,206
76561197993572531,366910,946
76561197993572531,367450,665
76561197993572531,367500,362
76561197993572531,367520,990
76561197993572531,367600,244
76561197993572531,368230,374
76561197993572531,368360,242
76561197993572531,368650,37
76561197993572531,368730,105
76561197993572531,368790,1067
76561197993572531,369990,318
76561197993572531,370360,86
76561197993572531,371200,202
76561197993572531,371520,585
76561197993572531,371970,259
76561197993572531,372210,47
76561197993572531,373180,194
76561197993572531,373420,234
76561197993572531,374040,1133
76561197993572531,374320,3392
76561197993572531,375200,1339
76561197993572531,375400,249
76561197993572531,375460,702
76561197993572531,375820,166
76561197993572531,376210,130
76561197993572531,377160,36330
76561197993572531,377680,1411
76561197993572531,377840,254
76561197993572531,377900,349
76561197993572531,378080,235
76561197993572531,378690,115
76561197993572531,378720,481
76561197993572531,379430,3328
76561197993572531,379530,353
76561197993572531,379720,473
76561197993572531,379980,663
76561197993572531,380020,981
76561197993572531,380580,181
76561197993572531,380860,2
76561197993572531,381120,639
76561197993572531,381210,786
76561197993572531,381260,163
76561197993572531,381780,4
76561197993572531,382140,363
76561197993572531,383120,792
76561197993572531,383230,403
76561197993572531,383790,321
76561197993572531,383840,1170
76561197993572531,383870,252
76561197993572531,383980,789
76561197993572531,384000,303
76561197993572531,384110,1250
76561197993572531,384310,1262
76561197993572531,384490,465
76561197993572531,384550,213
76561197993572531,386620,384
76561197993572531,386880,227
76561197993572531,387370,195
76561197993572531,387990,1814
76561197993572531,388210,284
76561197993572531,388410,1168
76561197993572531,388880,213
76561197993572531,388960,299
76561197993572531,389040,252
76561197993572531,390220,207
76561197993572531,390290,103
76561197993572531,391220,1128
76561197993572531,391540,958
76561197993572531,391720,246
76561197993572531,391730,404
76561197993572531,393080,179
76561197993572531,393380,409
76561197993572531,393520,102
76561197993572531,394230,629
76561197993572531,394310,1040
76561197993572531,394870,148
76561197993572531,395200,129
76561197993572531,395250,216
76561197993572531,396710,1464
76561197993572531,396750,450
76561197993572531,397060,250
76561197993572531,397340,148
76561197993572531,397950,391
76561197993572531,399820,567
76561197993572531,400080,251
76561197993572531,400430,223
76561197993572531,400630,971
76561197993572531,401690,126
76561197993572531,402180,1373
76561197993572531,402710,450
76561197993572531,403190,1634
76561197993572531,403640,305
76561197993572531,403940,367
76561197993572531,403970,107
76561197993572531,404540,944
76561197993572531,404680,541
76561197993572531,404700,152
76561197993572531,404730,1791
76561197993572531,405640,153
76561197993572531,405710,175
76561197993572531,405900,401
76561197993572531,406130,130
76561197993572531,406850,1568
76561197993572531,406970,220
76561197993572531,407130,303
76561197993572531,407330,938
76561197993572531,407560,287
76561197993572531,407810,593
76561197993572531,407980,1380
76561197993572531,408650,259
76561197993572531,408990,126
76561197993572531,409450,783
76561197993572531,409710,218
76561197993572531,409720,152
76561197993572531,410670,205
76561197993572531,410710,214
76561197993572531,410900,1157
76561197993572531,411300,949
76561197993572531,413150,4236
76561197993572531,413410,310
76561197993572531,414080,288
76561197993572531,416210,24
76561197993572531,416680,347
76561197993572531,416790,980
76561197993572531,417200,116
76561197993572531,420110,549
76561197993572531,420740,147
76561197993572531,420850,183
76561197993572531,421050,1017
76561197993572531,421700,1460
76561197993572531,421740,386
76561197993572531,422970,9
76561197993572531,423230,490
76561197993572531,423580,601
76561197993572531,424250,1119
76561197993572531,424840,1074
76561197993572531,425240,1660
76561197993572531,425410,38
76561197993572531,425580,145
76561197993572531,426000,479
76561197993572531,427410,3974
76561197993572531,427520,1514
76561197993572531,427730,142
76561197993572531,427810,256
76561197993572531,427820,495
76561197993572531,428220,218
76561197993572531,428550,307
76561197993572531,428660,275
76561197993572531,428690,641
76561197993572531,429620,387
76561197993572531,431240,138
76561197993572531,432890,1
76561197993572531,433340,411
76561197993572531,434170,865
76561197993572531,434260,953
76561197993572531,434730,126
76561197993572531,435150,698
76561197993572531,435400,785
76561197993572531,435480,227
76561197993572531,435530,304
76561197993572531,436780,135
76561197993572531,437570,773
76561197993572531,437630,1473
76561197993572531,437920,103
76561197993572531,438420,387
76561197993572531,438640,13
76561197993572531,438680,222
76561197993572531,439190,305
76561197993572531,439340,526
76561197993572531,440420,954
76561197993572531,440550,1200
76561197993572531,440650,1330
76561197993572531,440880,253
76561197993572531,440900,739
76561197993572531,441010,115
76561197993572531,442780,289
76561197993572531,443810,601
76561197993572531,446020,1103
76561197993572531,446790,302
76561197993572531,446800,68
76561197993572531,447120,1093
76561197993572531,447290,1342
76561197993572531,447530,253
76561197993572531,448510,1264
76561197993572531,449530,303
76561197993572531,449540,342
76561197993572531,449960,637
76561197993572531,450700,327
76561197993572531,451020,285
76561197993572531,451340,340
76561197993572531,453310,111
76561197993572531,455820,392
76561197993572531,455980,1178
76561197993572531,456670,1290
76561197993572531,456750,217
76561197993572531,457140,2824
76561197993572531,457210,147
76561197993572531,460790,916
76561197993572531,460810,714
76561197993572531,460920,423
76561197993572531,460950,586
76561197993572531,461910,22
76561197993572531,461950,470
76561197993572531,462680,14
76561197993572531,462770,1233
76561197993572531,462780,278
76561197993572531,463270,188
76561197993572531,464060,1074
76561197993572531,464150,1275
76561197993572531,464170,3
76561197993572531,464340,501
76561197993572531,466500,190
76561197993572531,466560,210
76561197993572531,466630,41
76561197993572531,466980,48
76561197993572531,467960,403
76561197993572531,468310,188
76561197993572531,469730,187
76561197993572531,473450,1437
76561197993572531,473690,179
76561197993572531,473950,251
76561197993572531,474750,137
76561197993572531,474960,533
76561197993572531,474980,809
76561197993572531,475150,222
76561197993572531,475550,482
76561197993572531,477160,283
76561197993572531,480490,1078
76561197993572531,480900,3
76561197993572531,481510,1313
76561197993572531,484900,509
76561197993572531,485030,227
76561197993572531,485450,1158
76561197993572531,485510,441
76561197993572531,485900,10
76561197993572531,487040,1351
76561197993572531,488280,217
76561197993572531,488550,287
76561197993572531,489140,607
76561197993572531,489370,44
76561197993572531,489460,174
76561197993572531,489520,19
76561197993572531,489830,5953
76561197993572531,490450,87
76561197993572531,491130,35
76561197993572531,491950,328
76561197993572531,492180,103
76561197993572531,492220,229
76561197993572531,492720,592
76561197993572531,493200,313
76561197993572531,493340,546
76561197993572531,493900,401
76561197993572531,494230,253
76561197993572531,495280,797
76561197993572531,495560,482
76561197993572531,496300,309
76561197993572531,496460,168
76561197993572531,497700,207
76561197993572531,498240,486
76561197993572531,498500,1353
76561197993572531,499520,968
76561197993572531,500260,176
76561197993572531,501300,126
76561197993572531,501590,448
76561197993572531,502940,846
76561197993572531,503560,414
76561197993572531,503940,1243
76561197993572531,504130,194
76561197993572531,504230,524
76561197993572531,504370,11
76561197993572531,504920,1383
76561197993572531,505230,1347
76561197993572531,505460,206
76561197993572531,505630,1199
76561197993572531,505730,231
76561197993572531,506090,1165
76561197993572531,506140,2918
76561197993572531,507010,336
76561197993572531,508440,50
76561197993572531,509220,1311
76561197993572531,511350,916
76561197993572531,511470,476
76561197993572531,511740,865
76561197993572531,512060,378
76561197993572531,512250,1220
76561197993572531,512900,1709
76561197993572531,513290,513
76561197993572531,513330,145
76561197993572531,513710,449
76561197993572531,514310,79
76561197993572531,516750,1181
76561197993572531,517000,1290
76561197993572531,517720,1321
76561197993572531,518670,526
76561197993572531,518920,10
76561197993572531,519190,902
76561197993572531,520600,7
76561197993572531,521150,246
76561197993572531,521500,1279
76561197993572531,521580,1358
76561197993572531,521620,41
76561197993572531,522210,1117
76561197993572531,522470,365
76561197993572531,524220,609
76561197993572531,524250,19
76561197993572531,524640,398
76561197993572531,524660,65859
76561197993572531,524910,167
76561197993572531,526160,567
76561197993572531,527230,379
76561197993572531,527270,56
76561197993572531,527450,1356
76561197993572531,528230,1293
76561197993572531,529590,240
76561197993572531,530890,121
76561197993572531,531180,71
76561197993572531,532750,182
76561197993572531,532790,1218
76561197993572531,533300,921
76561197993572531,533950,267
76561197993572531,534380,1738
76561197993572531,535160,150
76561197993572531,535230,277
76561197993572531,535480,1338
76561197993572531,535490,1223
76561197993572531,535930,509
76561197993572531,536430,986
76561197993572531,537110,849
76561197993572531,537340,420
76561197993572531,537800,1352
76561197993572531,538100,234
76561197993572531,539470,404
76561197993572531,539670,1520
76561197993572531,540840,496
76561197993572531,541300,421
76561197993572531,542260,119
76561197993572531,544220,2
76561197993572531,544550,418
76561197993572531,545330,4
76561197993572531,545830,1252
76561197993572531,546430,219
76561197993572531,546560,790
76561197993572531,547680,174
76561197993572531,548430,133
76561197993572531,548570,58
76561197993572531,549390,142
76561197993572531,550010,213
76561197993572531,551170,24
76561197993572531,551730,847
76561197993572531,551770,378
76561197993572531,552500,2080
76561197993572531,552520,406
76561197993572531,552620,936
76561197993572531,552700,1850
76561197993572531,552970,267
76561197993572531,553850,1025
76561197993572531,555150,1005
76561197993572531,555220,172
76561197993572531,557340,262
76561197993572531,557600,1324
76561197993572531,558990,185
76561197993572531,559100,1763
76561197993572531,559650,1076
76561197993572531,559910,137
76561197993572531,559960,224
76561197993572531,560130,2460
76561197993572531,563840,1063
76561197993572531,564710,136
76561197993572531,565860,1074
76561197993572531,567750,677
76561197993572531,568220,106
76561197993572531,568570,337
76561197993572531,569480,214
76561197993572531,569860,358
76561197993572531,572430,175
76561197993572531,573090,61
76561197993572531,573120,425
76561197993572531,574090,768
76561197993572531,574310,940
76561197993572531,574560,116
76561197993572531,574720,551
76561197993572531,575330,1153
76561197993572531,575510,109
76561197993572531,575570,1324
76561197993572531,576130,1320
76561197993572531,577670,220
76561197993572531,578080,2735
76561197993572531,579950,1293
76561197993572531,580170,1567
76561197993572531,580200,1077
76561197993572531,581270,1593
76561197993572531,581520,1338
76561197993572531,582010,5889
76561197993572531,582160,1807
76561197993572531,582270,1105
76561197993572531,582500,165
76561197993572531,582550,429
76561197993572531,584370,758
76561197993572531,584890,837
76561197993572531,585420,964
76561197993572531,585550,1269
76561197993572531,585900,197
76561197993572531,587420,78
76561197993572531,587430,200
76561197993572531,588430,4111
76561197993572531,588650,1605
76561197993572531,588690,257
76561197993572531,588970,276
76561197993572531,589360,1309
76561197993572531,589420,429
76561197993572531,589590,129
76561197993572531,589780,322
76561197993572531,591370,1307
76561197993572531,591380,70
76561197993572531,591460,525
76561197993572531,593280,127
76561197993572531,594350,193
76561197993572531,594650,474
76561197993572531,595090,1295
76561197993572531,595140,1503
76561197993572531,597170,579
76561197993572531,597220,992
76561197993572531,597820,1545
76561197993572531,598060,309
76561197993572531,598330,1035
76561197993572531,598940,282
76561197993572531,599140,4460
76561197993572531,599460,220
76561197993572531,599750,1311
76561197993572531,599960,11
76561197993572531,600370,269
76561197993572531,600480,48
76561197993572531,601150,307
76561197993572531,602960,788
76561197993572531,603350,1306
76561197993572531,603940,152
76561197993572531,605740,138
76561197993572531,605990,561
76561197993572531,606000,1405
76561197993572531,606150,648
76561197993572531,606800,1411
76561197993572531,606880,600
76561197993572531,607080,1739
76561197993572531,609320,415
76561197993572531,609490,116
76561197993572531,610080,18
76561197993572531,610180,655
76561197993572531,610610,1294
76561197993572531,611500,343
76561197993572531,611980,224
76561197993572531,612570,238
76561197993572531,612740,107
76561197993572531,613100,1360
76561197993572531,613730,863
76561197993572531,618950,912
76561197993572531,619150,183
76561197993572531,619540,572
76561197993572531,619700,1361
76561197993572531,620650,534
76561197993572531,620980,14
76561197993572531,621060,924
76561197993572531,622680,50
76561197993572531,625230,1
76561197993572531,625340,1156
76561197993572531,625730,51
76561197993572531,625960,781
76561197993572531,628670,269
76561197993572531,629160,49
76561197993572531,629820,291
76561197993572531,632300,481
76561197993572531,632360,361
76561197993572531,633060,271
76561197993572531,635200,215
76561197993572531,635320,214
76561197993572531,637090,915
76561197993572531,638000,182
76561197993572531,638070,667
76561197993572531,639790,886
76561197993572531,641080,607
76561197993572531,641320,1670
76561197993572531,641990,549
76561197993572531,644560,1393
76561197993572531,644930,265
76561197993572531,646270,296
76561197993572531,646570,616
76561197993572531,648350,1183
76561197993572531,648800,1754
76561197993572531,649790,530
76561197993572531,651660,922
76561197993572531,653530,399
76561197993572531,654880,738
76561197993572531,655780,93
76561197993572531,655790,49
76561197993572531,656200,106
76561197993572531,656350,685
76561197993572531,656510,154
76561197993572531,657200,361
76561197993572531,658850,253
76561197993572531,660290,4
76561197993572531,661940,1115
76561197993572531,664320,1053
76561197993572531,665090,995
76561197993572531,666020,78
76561197993572531,666140,718
76561197993572531,667720,1538
76561197993572531,670820,18
76561197993572531,671440,1926
76561197993572531,671510,585
76561197993572531,671900,47
76561197993572531,671970,111
76561197993572531,672630,812
76561197993572531,673610,99
76561197993572531,674370,47
76561197993572531,674750,951
76561197993572531,674930,207
76561197993572531,674940,18
76561197993572531,675010,535
76561197993572531,675260,573
76561197993572531,677160,308
76561197993572531,677450,9
76561197993572531,678960,309
76561197993572531,680480,162
76561197993572531,681280,374
76561197993572531,682990,304
76561197993572531,684410,675
76561197993572531,684580,207
76561197993572531,686060,86
76561197993572531,688130,400
76561197993572531,688690,5
76561197993572531,689900,1354
76561197993572531,690040,190
76561197993572531,690150,20
76561197993572531,690830,542
76561197993572531,691690,1195
76561197993572531,692890,535
76561197993572531,695100,272
76561197993572531,695920,286
76561197993572531,696530,316
76561197993572531,698640,281
76561197993572531,698780,646
76561197993572531,699920,1591
76561197993572531,700600,31
76561197993572531,702670,109
76561197993572531,703080,259
76561197993572531,703120,1
76561197993572531,703400,283
76561197993572531,703840,347
76561197993572531,704850,138
76561197993572531,705120,219
76561197993572531,706020,235
76561197993572531,709190,1
76561197993572531,711540,247
76561197993572531,711660,110
76561197993572531,717640,102
76561197993572531,718670,322
76561197993572531,720250,55
76561197993572531,721180,691
76561197993572531,723890,40
76561197993572531,725080,4
76561197993572531,727130,67
76561197993572531,727640,57
76561197993572531,728880,577
76561197993572531,730820,163
76561197993572531,733460,550
76561197993572531,733990,38
76561197993572531,734570,29
76561197993572531,736190,819
76561197993572531,736260,433
76561197993572531,737890,7
76561197993572531,738520,1666
76561197993572531,738920,5
76561197993572531,739630,887
76561197993572531,740600,26
76561197993572531,743130,1
76561197993572531,743450,191
76561197993572531,745010,2
76561197993572531,747910,177
76561197993572531,748300,182
76561197993572531,750210,14
76561197993572531,750920,548
76561197993572531,751780,554
76561197993572531,752590,494
76561197993572531,753640,1340
76561197993572531,755540,904
76561197993572531,756800,452
76561197993572531,756880,8
76561197993572531,758330,1376
76561197993572531,758870,1200
76561197993572531,759570,140
76561197993572531,760650,196
76561197993572531,761620,217
76561197993572531,761830,224
76561197993572531,762830,239
76561197993572531,764590,107
76561197993572531,764790,573
76561197993572531,765810,260
76561197993572531,766010,1058
76561197993572531,766730,2
76561197993572531,769590,3
76561197993572531,770370,43
76561197993572531,770810,130
76561197993572531,771810,31
76561197993572531,773670,200
76561197993572531,773951,240
76561197993572531,774171,167
76561197993572531,774181,128
76561197993572531,774361,1589
76561197993572531,774461,502
76561197993572531,776580,21
76561197993572531,778870,4
76561197993572531,780310,513
76561197993572531,782330,470
76561197993572531,784150,190
76561197993572531,785740,292
76561197993572531,785850,124
76561197993572531,787860,807
76561197993572531,788100,398
76561197993572531,788770,42
76561197993572531,790740,154
76561197993572531,791590,3
76561197993572531,792100,201
76561197993572531,793460,1486
76561197993572531,793600,19
76561197993572531,794260,686
76561197993572531,794490,39
76561197993572531,796620,9
76561197993572531,798490,96
76561197993572531,802730,524
76561197993572531,803600,301
76561197993572531,805940,1091
76561197993572531,807120,213
76561197993572531,809140,1
76561197993572531,809720,217
76561197993572531,810040,167
76561197993572531,810670,824
76561197993572531,812140,2513
76561197993572531,813630,623
76561197993572531,814380,3073
76561197993572531,814530,107
76561197993572531,815370,727
76561197993572531,816090,1280
76561197993572531,816430,264
76561197993572531,817770,31
76561197993572531,817840,354
76561197993572531,820880,55
76561197993572531,821250,199
76561197993572531,821880,165
76561197993572531,823500,38
76561197993572531,824000,214
76561197993572531,826600,64
76561197993572531,827610,122
76561197993572531,833750,7
76561197993572531,834910,787
76561197993572531,837470,155
76561197993572531,838630,218
76561197993572531,842180,209
76561197993572531,844260,127
76561197993572531,845070,62
76561197993572531,846770,498
76561197993572531,848450,587
76561197993572531,851820,60
76561197993572531,851930,1579
76561197993572531,852220,57
76561197993572531,853210,7
76561197993572531,855740,131
76561197993572531,856320,31
76561197993572531,856990,1382
76561197993572531,857980,89
76561197993572531,858820,145
76561197993572531,860890,210
76561197993572531,860950,897
76561197993572531,861350,38
76561197993572531,861540,1637
76561197993572531,862740,3
76561197993572531,863550,496
76561197993572531,863570,201
76561197993572531,864680,215
76561197993572531,865360,325
76561197993572531,867130,4
76561197993572531,867290,198
76561197993572531,868360,241
76561197993572531,869760,7
76561197993572531,870780,521
76561197993572531,871530,1242
76561197993572531,873190,3
76561197993572531,877080,116
76561197993572531,881100,60
76561197993572531,883860,9
76561197993572531,886900,150
76561197993572531,887820,3
76561197993572531,888630,1510
76561197993572531,892970,561
76561197993572531,893720,117
76561197993572531,893950,11
76561197993572531,894940,871
76561197993572531,897450,183
76561197993572531,898720,527
76561197993572531,899770,2
76561197993572531,900010,28
76561197993572531,900270,1298
76561197993572531,904380,846
76561197993572531,905340,444
76561197993572531,909080,194
76561197993572531,911430,1103
76561197993572531,914010,594
76561197993572531,914690,444
76561197993572531,914750,23
76561197993572531,916440,532
76561197993572531,917150,216
76561197993572531,917720,159
76561197993572531,919410,720
76561197993572531,920680,23
76561197993572531,924140,55
76561197993572531,926140,328
76561197993572531,928050,64
76561197993572531,929010,567
76561197993572531,933820,409
76561197993572531,935400,54
76561197993572531,935580,946
76561197993572531,935880,1221
76561197993572531,937170,46
76561197993572531,938380,357
76561197993572531,939510,18
76561197993572531,944250,210
76561197993572531,945360,393
76561197993572531,946050,477
76561197993572531,948900,100
76561197993572531,949290,1350
76561197993572531,950700,213
76561197993572531,951000,1021
76561197993572531,951430,166
76561197993572531,951440,949
76561197993572531,955740,68
76561197993572531,955900,762
76561197993572531,957960,85
76561197993572531,959520,691
76561197993572531,960090,42
76561197993572531,960690,245
76561197993572531,962130,1197
76561197993572531,962580,1513
76561197993572531,964020,108
76561197993572531,967250,1567
76561197993572531,968550,49
76561197993572531,972660,290
76561197993572531,975370,416
76561197993572531,976010,118
76561197993572531,976730,295
76561197993572531,977230,1081
76561197993572531,978520,878
76561197993572531,979110,158
76561197993572531,979120,134
76561197993572531,979690,149
76561197993572531,983970,202
76561197993572531,984560,919
76561197993572531,984800,322
76561197993572531,990360,162
76561197993572531,991170,642
76561197993572531,994220,85
76561197993572531,996770,117
76561197993572531,1000010,471
76561197993572531,1000030,100
76561197993572531,1003090,94
76561197993572531,1004330,27
76561197993572531,1004490,1632
76561197993572531,1005300,1094
76561197993572531,1005930,209
76561197993572531,1008510,39
76561197993572531,1009560,267
76561197993572531,1012560,6
76561197993572531,1012880,1692
76561197993572531,1013540,30
76561197993572531,1016920,1095
76561197993572531,1018800,158
76561197993572531,1019450,120
76561197993572531,1022980,145
76561197993572531,1024460,8
76561197993572531,1024650,1098
76561197993572531,1029780,770
76561197993572531,1031120,27
76561197993572531,1031920,3
76561197993572531,1035560,1914
76561197993572531,1037560,5
76561197993572531,1040200,676
76561197993572531,1042780,218
76561197993572531,1043260,179
76561197993572531,1044720,332
76561197993572531,1046030,674
76561197993572531,1046300,95
76561197993572531,1054690,114
76561197993572531,1055090,355
76561197993572531,1057180,14
76561197993572531,1058330,26
76561197993572531,1059900,174
76561197993572531,1061090,1756
76561197993572531,1062000,190
76561197993572531,1062090,247
76561197993572531,1062160,280
76561197993572531,1062520,579
76561197993572531,1062830,61
76561197993572531,1063730,426
76561197993572531,1070330,1857
76561197993572531,1073320,249
76561197993572531,1082430,1
76561197993572531,1084600,485
76561197993572531,1085660,651
76561197993572531,1086940,25
76561197993572531,1091500,7980
76561197993572531,1092790,861
76561197993572531,1097150,214
76561197993572531,1097200,230
76561197993572531,1101120,111
76561197993572531,1102930,83
76561197993572531,1104330,979
76561197993572531,1105040,177
76561197993572531,1105670,28
76561197993572531,1106840,207
76561197993572531,1108370,150
76561197993572531,1108590,306
76561197993572531,1112790,27
76561197993572531,1113120,60
76561197993572531,1114220,102
76561197993572531,1115690,418
76561197993572531,1115780,5
76561197993572531,1117310,851
76561197993572531,1119600,314
76561197993572531,1119730,42
76561197993572531,1120320,243
76561197993572531,1121640,344
76561197993572531,1122340,256
76561197993572531,1122720,69
76561197993572531,1123770,164
76561197993572531,1127500,87
76561197993572531,1129580,1259
76561197993572531,1132760,64
76561197993572531,1136160,406
76561197993572531,1137350,196
76561197993572531,1137460,1313
76561197993572531,1137750,8
76561197993572531,1138660,231
76561197993572531,1138850,283
76561197993572531,1139900,411
76561197993572531,1139980,1037
76561197993572531,1140440,1157
76561197993572531,1141650,36
76561197993572531,1143810,214
76561197993572531,1144200,397
76561197993572531,1145360,278
76561197993572531,1145960,1137
76561197993572531,1147550,678
76561197993572531,1147860,53
76561197993572531,1148480,21
76561197993572531,1149620,340
76561197993572531,1150090,54
76561197993572531,1151340,650
76561197993572531,1153640,156
76561197993572531,1158470,1121
76561197993572531,1159420,162
76561197993572531,1159560,110
76561197993572531,1159690,1525
76561197993572531,1160490,181
76561197993572531,1161580,805
76561197993572531,1161590,701
76561197993572531,1163590,32
76561197993572531,1164050,84
76561197993572531,1164250,47
76561197993572531,1166290,211
76561197993572531,1166990,66
76561197993572531,1167140,234
76561197993572531,1167630,319
76561197993572531,1167680,20
76561197993572531,1170970,157
76561197993572531,1170980,65
76561197993572531,1176710,1220
76561197993572531,1177610,29
76561197993572531,1178830,29
76561197993572531,1179210,158
76561197993572531,1188330,381
76561197993572531,1190970,528
76561197993572531,1191120,413
76561197993572531,1191900,149
76561197993572531,1197570,173
76561197993572531,1200230,138
76561197993572531,1201230,338
76561197993572531,1201400,21
76561197993572531,1203620,1438
76561197993572531,1204410,163
76561197993572531,1205450,76
76561197993572531,1206060,109
76561197993572531,1206560,848
76561197993572531,1210320,1754
76561197993572531,1211630,440
76561197993572531,1214470,1035
76561197993572531,1217060,546
76561197993572531,1220140,105
76561197993572531,1220170,279
76561197993572531,1221540,39
76561197993572531,1222300,22
76561197993572531,1223750,220
76561197993572531,1224300,94
76561197993572531,1227280,248
76561197993572531,1229460,256
76561197993572531,1229580,364
76561197993572531,1235140,1257
76561197993572531,1237970,1230
76561197993572531,1239080,47
76561197993572531,1239190,58
76561197993572531,1239690,14
76561197993572531,1240210,243
76561197993572531,1242980,259
76561197993572531,1244630,70
76561197993572531,1244800,269
76561197993572531,1245560,524
76561197993572531,1245620,6432
76561197993572531,1247080,62
76561197993572531,1249200,19
76561197993572531,1250560,42
76561197993572531,1253710,149
76561197993572531,1253920,90
76561197993572531,1255560,276
76561197993572531,1261040,18
76561197993572531,1263620,47
76561197993572531,1266820,64
76561197993572531,1267910,5
76561197993572531,1268750,542
76561197993572531,1273640,116
76561197993572531,1274490,175
76561197993572531,1281080,69
76561197993572531,1282730,1064
76561197993572531,1283190,173
76561197993572531,1284190,1606
76561197993572531,1284240,17
76561197993572531,1285670,203
76561197993572531,1286530,41
76561197993572531,1286880,218
76561197993572531,1289310,97
76561197993572531,1289340,134
76561197993572531,1290000,4494
76561197993572531,1290220,31
76561197993572531,1291010,88
76561197993572531,1291340,2
76561197993572531,1293180,520
76561197993572531,1293230,709
76561197993572531,1296610,486
76561197993572531,1300660,136
76561197993572531,1307550,176
76561197993572531,1307890,225
76561197993572531,1309950,171
76561197993572531,1313140,1212
76561197993572531,1316390,620
76561197993572531,1316910,438
76561197993572531,1318740,28
76561197993572531,1324020,113
76561197993572531,1326470,2061
76561197993572531,1329080,183
76561197993572531,1332010,254
76561197993572531,1332720,70
76561197993572531,1335790,215
76561197993572531,1335830,966
76561197993572531,1336120,166
76561197993572531,1336490,328
76561197993572531,1337760,624
76561197993572531,1337890,51
76561197993572531,1340530,64
76561197993572531,1341290,461
76561197993572531,1358140,81
76561197993572531,1359980,59
76561197993572531,1360000,313
76561197993572531,1361320,227
76561197993572531,1361510,152
76561197993572531,1361860,43
76561197993572531,1363080,240
76561197993572531,1364740,45
76561197993572531,1364780,71
76561197993572531,1365720,16
76561197993572531,1366540,458
76561197993572531,1369340,1051
76561197993572531,1371720,183
76561197993572531,1371980,342
76561197993572531,1373960,198
76561197993572531,1377260,4
76561197993572531,1377380,2401
76561197993572531,1378020,10
76561197993572531,1382070,356
76561197993572531,1384380,40
76561197993572531,1386780,89
76561197993572531,1390190,2
76561197993572531,1390350,210
76561197993572531,1395760,40
76561197993572531,1396240,98
76561197993572531,1397390,268
76561197993572531,1415660,55
76561197993572531,1422090,222
76561197993572531,1422440,42
76561197993572531,1422450,9
76561197993572531,1423780,125
76561197993572531,1425730,286
76561197993572531,1426210,1127
76561197993572531,1431610,74
76561197993572531,1432860,2194
76561197993572531,1432910,60
76561197993572531,1435790,736
76561197993572531,1437010,126
76561197993572531,1442430,895
76561197993572531,1451940,171
76561197993572531,1454400,2228
76561197993572531,1455840,195
76561197993572531,1458140,868
76561197993572531,1466060,1325
76561197993572531,1466640,376
76561197993572531,1471910,1083
76561197993572531,1472560,442
76561197993572531,1479810,8
76561197993572531,1482870,11
76561197993572531,1485690,433
76561197993572531,1486740,29
76561197993572531,1492360,140
76561197993572531,1493760,355
76561197993572531,1494260,47
76561197993572531,1499120,209
76561197993572531,1502710,178
76561197993572531,1509650,72
76561197993572531,1522820,553
76561197993572531,1522870,342
76561197993572531,1524550,82
76561197993572531,1525700,348
76561197993572531,1527950,16
76561197993572531,1531250,142
76561197993572531,1533420,121
76561197993572531,1536980,148
76561197993572531,1544360,118
76561197993572531,1545560,163
76561197993572531,1546540,12
76561197993572531,1546790,197
76561197993572531,1546970,593
76561197993572531,1546990,768
76561197993572531,1547000,1535
76561197993572531,1547890,13
76561197993572531,1552350,221
76561197993572531,1562430,703
76561197993572531,1563180,100
76561197993572531,1568590,201
76561197993572531,1571220,12
76561197993572531,1573280,601
76561197993572531,1573630,188
76561197993572531,1574580,536
76561197993572531,1583230,617
76561197993572531,1586830,55
76561197993572531,1587540,621
76561197993572531,1589120,630
76561197993572531,1590910,1
76561197993572531,1593780,73
76561197993572531,1596730,45
76561197993572531,1599880,193
76561197993572531,1601330,432
76561197993572531,1601580,188
76561197993572531,1604030,300
76561197993572531,1607680,326
76561197993572531,1613680,456
76561197993572531,1615290,54
76561197993572531,1620290,83
76561197993572531,1621690,1982
76561197993572531,1622770,320
76561197993572531,1623730,2017
76561197993572531,1624540,224
76561197993572531,1627570,489
76561197993572531,1629690,20
76561197993572531,1641700,56
76561197993572531,1647250,41
76561197993572531,1651560,364
76561197993572531,1651960,104
76561197993572531,1654660,244
76561197993572531,1657630,432
76561197993572531,1658040,749
76561197993572531,1660080,563
76561197993572531,1663850,234
76561197993572531,1664350,25
76561197993572531,1671480,151
76561197993572531,1677110,517
76561197993572531,1677770,332
76561197993572531,1696440,877
76561197993572531,1703340,434
76561197993572531,1714900,224
76561197993572531,1716740,7934
76561197993572531,1726120,185
76561197993572531,1730260,1
76561197993572531,1731070,171
76561197993572531,1735110,22
76561197993572531,1743380,6
76561197993572531,1755350,1
76561197993572531,1766100,63
76561197993572531,1771980,231
76561197993572531,1774580,1630
76561197993572531,1777670,34
76561197993572531,1781160,50
76561197993572531,1782120,533
76561197993572531,1783560,114
76561197993572531,1794680,494
76561197993572531,1800940,83
76561197993572531,1805110,284
76561197993572531,1805320,1242
76561197993572531,1807080,681
76561197993572531,1808640,188
76561197993572531,1812090,251
76561197993572531,1817800,204
76561197993572531,1839880,45
76561197993572531,1849790,667
76561197993572531,1850160,259
76561197993572531,1857090,823
76561197993572531,1867520,209
76561197993572531,1868140,926
76561197993572531,1874490,1
76561197993572531,1875060,16
76561197993572531,1887840,1108
76561197993572531,1888160,47
76561197993572531,1894430,250
76561197993572531,1928090,47
76561197993572531,1928980,2364
76561197993572531,1934570,608
76561197993572531,1940340,269
76561197993572531,1942280,382
76561197993572531,1943950,496
76561197993572531,1948280,276
76561197993572531,1949190,118
76561197993572531,1959120,19
76561197993572531,1966720,821
76561197993572531,1966900,97
76561197993572531,1972820,132
76561197993572531,1978590,251
76561197993572531,1983710,10
76561197993572531,1985690,69
76561197993572531,1989070,118
76561197993572531,1989270,319
76561197993572531,2000960,25
76561197993572531,2004680,1356
76561197993572531,2016080,31
76561197993572531,2019810,181
76561197993572531,2021880,47
76561197993572531,2026820,292
76561197993572531,2050650,665
76561197993572531,2054970,1845
76561197993572531,2059170,510
76561197993572531,2067050,20
76561197993572531,2073850,234
76561197993572531,2074920,114
76561197993572531,2077710,108
76561197993572531,2080690,420
76561197993572531,2094910,76
76561197993572531,2095340,200
76561197993572531,2111190,180
76561197993572531,2124120,1012
76561197993572531,2129810,159
76561197993572531,2134320,80
76561197993572531,2139460,58
76561197993572531,2140020,261
76561197993572531,2144590,89
76561197993572531,2144740,119
76561197993572531,2162800,45
76561197993572531,2175570,27
76561197993572531,2183900,665
76561197993572531,2186990,320
76561197993572531,2187230,447
76561197993572531,2187290,737
76561197993572531,2201940,422
76561197993572531,2211170,395
76561197993572531,2235020,46
76561197993572531,2243110,291
76561197993572531,2244130,816
76561197993572531,2246340,1268
76561197993572531,2253100,170
76561197993572531,2272250,18
76561197993572531,2274620,192
76561197993572531,2275490,617
76561197993572531,2277320,133
76561197993572531,2290000,66
76561197993572531,2292800,197
76561197993572531,2296990,108
76561197993572531,2300320,373
76561197993572531,2304640,265
76561197993572531,2305640,56
76561197993572531,2318800,18
76561197993572531,2321470,588
76561197993572531,2322560,171
76561197993572531,2348100,365
76561197993572531,2350790,587
76561197993572531,2352620,144
76561197993572531,2356780,143
76561197993572531,2366980,120
76561197993572531,2368930,62
76561197993572531,2369210,60
76561197993572531,2370310,87
76561197993572531,2379780,351
76561197993572531,2380320,176
76561197993572531,2381060,94
76561197993572531,2381590,840
76561197993572531,2383200,38
76561197993572531,2397300,102
76561197993572531,2407270,999
76561197993572531,2416450,764
76561197993572531,2422620,67
76561197993572531,2456740,163
76561197993572531,2461850,332
76561197993572531,2478970,282
76561197993572531,2488370,691
76561197993572531,2497920,508
76561197993572531,2512840,49
76561197993572531,2517200,189
76561197993572531,2527500,243
76561197993572531,2528840,33
76561197993572531,2531370,2547
76561197993572531,2532550,33
76561197993572531,2537590,284
76561197993572531,2567870,375
76561197993572531,2582320,167
76561197993572531,2591760,15
76561197993572531,2592160,545
76561197993572531,2601940,197
76561197993572531,2614110,151
76561197993572531,2622380,2478
76561197993572531,2627260,750
76561197993572531,2628420,4
76561197993572531,2628570,59
76561197993572531,2637940,184
76561197993572531,2644360,288
76561197993572531,2649220,14
76561197993572531,2653790,54
76561197993572531,2661210,20
76561197993572531,2666510,9156
76561197993572531,2670630,778
76561197993572531,2680550,293
76561197993572531,2681030,231
76561197993572531,2683150,253
76561197993572531,2697940,771
76561197993572531,2706020,1059
76561197993572531,2707950,69
76561197993572531,2716400,678
76561197993572531,2717880,90
76561197993572531,2727650,315
76561197993572531,2736020,61
76561197993572531,2739980,51
76561197993572531,2752130,168
76561197993572531,2753900,87
76561197993572531,2756770,761
76561197993572531,2756920,159
76561197993572531,2760790,188
76561197993572531,2767030,123
76561197993572531,2784470,49
76561197993572531,2793370,275
76561197993572531,2807150,155
76561197993572531,2821800,280
76561197993572531,2827810,472
76561197993572531,2830030,106
76561197993572531,2835570,60
76561197993572531,2844700,51
76561197993572531,2845090,45
76561197993572531,2870420,37
76561197993572531,2870840,90
76561197993572531,2870920,397
76561197993572531,2878420,127
76561197993572531,2881650,214
76561197993572531,2885870,601
76561197993572531,2890830,139
76561197993572531,2891020,172
76561197993572531,2893820,262
76561197993572531,2901520,150
76561197993572531,2903560,51
76561197993572531,2923390,179
76561197993572531,2928520,164
76561197993572531,2935840,8
76561197993572531,2968420,1051
76561197993572531,2977660,499
76561197993572531,3008200,31
76561197993572531,3011440,55
76561197993572531,3021530,143
76561197993572531,3041230,1980
76561197993572531,3061810,2592
76561197993572531,3061900,27
76561197993572531,3070070,943
76561197993572531,3107800,58
76561197993572531,3115220,193
76561197993572531,3119540,101
76561197993572531,3124540,148
76561197993572531,3124550,98
76561197993572531,3125570,189
76561197993572531,3138780,241
76561197993572531,3149840,15
76561197993572531,3159330,1575
76561197993572531,3167020,392
76561197993572531,3167550,91
76561197993572531,3172440,59
76561197993572531,3175860,43
76561197993572531,3205380,17
76561197993572531,3211690,11
76561197993572531,3218880,37
76561197993572531,3219410,174
76561197993572531,3224770,9067
76561197993572531,3236710,94
76561197993572531,3244220,112
76561197993572531,3272300,80
76561197993572531,3275010,73
76561197993572531,3290710,31
76561197993572531,3311670,235
76561197993572531,3314790,238
76561197993572531,3326230,166
76561197993572531,3357650,695
76561197993572531,3357960,103
76561197993572531,3384190,115
76561197993572531,3398110,543
76561197993572531,3419520,743
76561197993572531,3461940,71
76561197993572531,3467710,198
76561197993572531,3496000,39
76561197993572531,3499150,181
76561197993572531,3503440,266
76561197993572531,3505770,304
76561197993572531,3526710,1030
76561197993572531,3527290,298
76561197993572531,3533100,82
76561197993572531,3542380,330
76561197993572531,3546440,37
76561197993572531,3557620,65
76561197993572531,3558400,103
76561197993572531,3564740,126
76561197993572531,3618390,3108
76561197993572531,3679080,96
76561197993572531,3720420,323
76561197993572531,3744430,225
76561197993572531,3768760,952
76561197993572531,3794610,2373
76561197993572531,3834090,418
76561197993572531,3845830,181
76561197993572531,3925760,36
76561197993572531,3948120,798
76561197993572531,3949040,304
76561197993572531,3959890,1400
76561197993572531,3976500,145
76561197993572531,3989510,66
76561197993572531,4012850,6
76561197993572531,4197610,1125
76561197993572531,4304930,186
76561197993572531,4704690,872
76561197993572531,4731620,422
76561199083616523,10,5
76561199083616523,220,189
76561199083616523,400,630
76561199083616523,550,366
76561199083616523,620,513
76561199083616523,730,70248
76561199083616523,223470,455
76561199083616523,224480,530
76561199083616523,227300,2025
76561199083616523,242760,855
76561199083616523,244210,53
76561199083616523,252490,680
76561199083616523,255710,479
76561199083616523,271590,34013
76561199083616523,284160,440
76561199083616523,285900,221
76561199083616523,303610,437
76561199083616523,311190,316
76561199083616523,322170,1281
76561199083616523,322330,318
76561199083616523,332310,108
76561199083616523,341310,133
76561199083616523,357070,282
76561199083616523,365450,305
76561199083616523,396160,133
76561199083616523,399790,133
76561199083616523,407230,133
76561199083616523,417860,27
76561199083616523,431960,193
76561199083616523,438480,320
76561199083616523,444940,282
76561199083616523,450860,388
76561199083616523,473520,176
76561199083616523,477160,3899
76561199083616523,499890,206
76561199083616523,503560,72
76561199083616523,503900,88
76561199083616523,507010,440
76561199083616523,515570,253
76561199083616523,518790,450
76561199083616523,525300,84
76561199083616523,526740,431
76561199083616523,539720,367
76561199083616523,546090,268
76561199083616523,552990,39
76561199083616523,562360,340
76561199083616523,569610,31
76561199083616523,578080,495
76561199083616523,582500,21
76561199083616523,584780,379
76561199083616523,586130,55
76561199083616523,586350,282
76561199083616523,602890,422
76561199083616523,604780,91
76561199083616523,613100,504
76561199083616523,629520,21377
76561199083616523,636150,309
76561199083616523,640380,283
76561199083616523,645630,4
76561199083616523,646910,52
76561199083616523,648800,1753
76561199083616523,671510,117
76561199083616523,673750,927
76561199083616523,675010,428
76561199083616523,701470,277
76561199083616523,704850,30
76561199083616523,728880,621
76561199083616523,729460,54
76561199083616523,729720,86
76561199083616523,738520,435
76561199083616523,740410,42
76561199083616523,765410,59
76561199083616523,776890,3
76561199083616523,793460,471
76561199083616523,815370,1290
76561199083616523,897330,13
76561199083616523,1037020,448
76561199083616523,1049410,1051
76561199083616523,1118200,339
76561199083616523,1179210,242
76561199083616523,1211020,4790
76561199083616523,1261040,12
76561199083616523,1280770,513
76561199083616523,1293830,3226
76561199083616523,1366800,22
76561199083616523,1454400,16413
76561199083616523,1456200,1
76561199083616523,1466640,535
76561199083616523,1486630,116
76561199083616523,1510580,1059
76561199083616523,1625450,8
76561199083616523,1677740,1284
76561199083616523,1836120,474
76561199083616523,1836160,491
76561199083616523,1949740,14
76561199083616523,1977530,87
76561199083616523,1990740,3
76561199083616523,2212110,455
76561199083616523,2250040,16
76561199083616523,2389240,185
76561199083616523,2475460,689
76561199083616523,2551020,287
76561199083616523,2555320,90
76561199083616523,2595860,49
76561199083616523,2696480,891
76561199083616523,2698420,767
76561199083616523,2709570,15
76561199083616523,2881650,6
76561199083616523,2888120,16774
76561199083616523,2923300,775
76561199083616523,3240220,2950
76561199083616523,3244220,171
76561199083616523,3263320,990
76561199083616523,3314790,5562
76561199083616523,3399950,94562
76561199083616523,3447690,409
76561199083616523,3472040,263
76561199083616523,3477950,84
76561199083616523,3478870,402
76561199083616523,3527290,397
76561199083616523,3672720,666
76561199083616523,3916260,70
76561199083616523,3949040,666
76561199083616523,4147820,23549
76561199083616523,4172560,84
76561199083616523,4233550,267
76561199083616523,4465480,161
76561199083616523,4671830,14
76561199083616523,4704690,1527
76561198271859829,70,108
76561198271859829,220,83
76561198271859829,400,660
76561198271859829,620,3852
76561198271859829,730,840
76561198271859829,4000,16489
76561198271859829,17300,413
76561198271859829,32330,39
76561198271859829,48810,10
76561198271859829,104900,53
76561198271859829,105600,24535
76561198271859829,212500,33
76561198271859829,214510,138
76561198271859829,218620,64
76561198271859829,222880,5703
76561198271859829,227940,69
76561198271859829,236110,50
76561198271859829,236390,1532
76561198271859829,238320,469
76561198271859829,238460,370
76561198271859829,239140,461
76561198271859829,240720,142
76561198271859829,244210,127
76561198271859829,244930,69
76561198271859829,246900,3047
76561198271859829,253710,56
76561198271859829,254700,1123
76561198271859829,255710,1077
76561198271859829,264120,1016
76561198271859829,264710,8657
76561198271859829,268910,3054
76561198271859829,271590,19720
76561198271859829,275850,701
76561198271859829,280790,592
76561198271859829,298630,469
76561198271859829,304050,255
76561198271859829,304930,1266
76561198271859829,311210,880
76561198271859829,311770,707
76561198271859829,313120,4742
76561198271859829,317400,60
76561198271859829,319510,400
76561198271859829,322330,2054
76561198271859829,330580,155
76561198271859829,332800,208
76561198271859829,346110,63
76561198271859829,351510,1
76561198271859829,354140,88
76561198271859829,359550,1197
76561198271859829,360940,269
76561198271859829,361420,7067
76561198271859829,362890,752
76561198271859829,365160,1064
76561198271859829,365300,112
76561198271859829,381210,69626
76561198271859829,383870,279
76561198271859829,384190,492
76561198271859829,386940,285
76561198271859829,387990,1739
76561198271859829,388090,27
76561198271859829,389570,356
76561198271859829,397100,124
76561198271859829,403180,711
76561198271859829,407530,30
76561198271859829,413150,4508
76561198271859829,418370,1112
76561198271859829,424840,46
76561198271859829,427920,1810
76561198271859829,431960,133
76561198271859829,433850,21
76561198271859829,435530,309
76561198271859829,438100,124
76561198271859829,446020,4446
76561198271859829,447820,1116
76561198271859829,449520,585
76561198271859829,450540,3545
76561198271859829,460920,1632
76561198271859829,461560,83
76561198271859829,466240,93
76561198271859829,466910,679
76561198271859829,471710,527
76561198271859829,477160,1942
76561198271859829,480430,135
76561198271859829,485610,116
76561198271859829,488310,147
76561198271859829,502550,121
76561198271859829,506540,28
76561198271859829,506610,911
76561198271859829,518580,45
76561198271859829,530620,19
76561198271859829,546560,50
76561198271859829,550650,13
76561198271859829,552990,20
76561198271859829,555160,533
76561198271859829,571740,16
76561198271859829,578080,31998
76561198271859829,581320,4682
76561198271859829,582500,253
76561198271859829,587860,27
76561198271859829,588030,8092
76561198271859829,588430,26
76561198271859829,617030,68
76561198271859829,629730,3568
76561198271859829,632360,492
76561198271859829,638110,111
76561198271859829,648800,484
76561198271859829,689580,289
76561198271859829,700330,8
76561198271859829,714010,35
76561198271859829,738060,58
76561198271859829,739630,128
76561198271859829,755790,112
76561198271859829,788770,14
76561198271859829,823130,80
76561198271859829,823500,1278
76561198271859829,861650,298
76561198271859829,871720,43
76561198271859829,883710,577
76561198271859829,884660,57
76561198271859829,886250,39
76561198271859829,892970,603
76561198271859829,915320,115
76561198271859829,945360,831
76561198271859829,1088150,66
76561198271859829,1144200,1100
76561198271859829,1161580,2016
76561198271859829,1174180,2385
76561198271859829,1196590,3010
76561198271859829,1274570,71
76561198271859829,1290000,1031
76561198271859829,1304930,1283
76561198271859829,1404210,4441
76561198271859829,1408230,53
76561198271859829,1408720,33
76561198271859829,1533390,618
76561198271859829,1625450,139
76561198271859829,1782210,62
76561198271859829,1817070,3790
76561198271859829,1817190,1717
76561198271859829,1888930,1211
76561198271859829,1943950,657
76561198271859829,1955330,32
76561198271859829,1962700,955
76561198271859829,1966720,966
76561198271859829,2050650,6263
76561198271859829,2098350,167
76561198271859829,2141730,260
76561198271859829,2296990,102
76561198271859829,2381620,51
76561198271859829,2709570,80
76561198271859829,2830030,998
76561198271859829,3164500,3562
76561198271859829,3241660,216
76561198271859829,3354750,4222
76561198271859829,3527290,343
76561198271859829,3575300,130
76561198271859829,3981100,300
76561198273281065,550,1693
76561198273281065,620,1060
76561198273281065,730,58067
76561198273281065,4000,9928
76561198273281065,20920,179
76561198273281065,22490,4828
76561198273281065,43110,889
76561198273281065,44350,48
76561198273281065,55230,2550
76561198273281065,65790,10
76561198273281065,105600,11148
76561198273281065,107410,150
76561198273281065,108600,709
76561198273281065,109600,10
76561198273281065,203770,4
76561198273281065,204450,20
76561198273281065,206420,1834
76561198273281065,208090,61
76561198273281065,217490,533
76561198273281065,218620,3287
76561198273281065,222880,141
76561198273281065,223470,1204
76561198273281065,224480,51
76561198273281065,227300,839
76561198273281065,227940,47
76561198273281065,236110,22
76561198273281065,236390,1236
76561198273281065,238320,258
76561198273281065,239140,3820
76561198273281065,242760,6238
76561198273281065,244210,531
76561198273281065,251570,168
76561198273281065,252490,445
76561198273281065,252950,597
76561198273281065,257750,31
76561198273281065,291480,28
76561198273281065,291550,85
76561198273281065,302830,61
76561198273281065,304050,1016
76561198273281065,304390,11
76561198273281065,304930,2179
76561198273281065,308600,44
76561198273281065,312530,4060
76561198273281065,312660,331
76561198273281065,317360,1624
76561198273281065,322170,128
76561198273281065,322330,1420
76561198273281065,331470,76
76561198273281065,348510,12
76561198273281065,363970,22
76561198273281065,368230,634
76561198273281065,380600,63
76561198273281065,383150,63
76561198273281065,386360,250
76561198273281065,393420,173
76561198273281065,394360,21194
76561198273281065,413150,7264
76561198273281065,433850,67
76561198273281065,438740,48
76561198273281065,444090,2426
76561198273281065,447040,372
76561198273281065,471550,121
76561198273281065,477160,197
76561198273281065,493490,3856
76561198273281065,506540,283
76561198273281065,544730,60
76561198273281065,555000,36
76561198273281065,578080,35
76561198273281065,588430,362
76561198273281065,641990,1165
76561198273281065,648120,14
76561198273281065,648800,1384
76561198273281065,700330,39
76561198273281065,701160,825
76561198273281065,706990,43
76561198273281065,744900,60
76561198273281065,787040,498
76561198273281065,815370,357
76561198273281065,893520,37
76561198273281065,945360,375
76561198273281065,960910,30
76561198273281065,1022450,373
76561198273281065,1044200,9
76561198273281065,1046930,2232
76561198273281065,1048100,694
76561198273281065,1049800,19
76561198273281065,1128810,48
76561198273281065,1172470,56
76561198273281065,1241100,716
76561198273281065,1281800,114
76561198273281065,1326470,48
76561198273281065,1336560,708
76561198273281065,1361000,260
76561198273281065,1364960,60
76561198273281065,1419170,95
76561198273281065,1556790,25
76561198273281065,1557740,48
76561198273281065,1625450,15
76561198273281065,1648610,205
76561198273281065,1782210,109
76561198273281065,1818450,97
76561198273281065,1961460,17
76561198273281065,2051620,66
76561198273281065,2073850,14
76561198273281065,2232840,17
76561198273281065,2239140,363
76561198273281065,2551020,29
76561198273281065,2709570,7
76561199063609065,400,238
76561199063609065,620,686
76561199063609065,3320,407
76561199063609065,105600,6746
76561199063609065,304410,1871
76561199063609065,322170,207259
76561199063609065,322330,811
76561199063609065,323850,345
76561199063609065,326460,2582
76561199063609065,363440,425
76561199063609065,367520,3719
76561199063609065,386940,148
76561199063609065,387290,868
76561199063609065,413150,5778
76561199063609065,431240,292
76561199063609065,470220,664
76561199063609065,504230,12411
76561199063609065,552990,480
76561199063609065,736260,753
76561199063609065,738060,117
76561199063609065,813230,1158
76561199063609065,871720,3220
76561199063609065,945360,331
76561199063609065,1030300,3372
76561199063609065,1128810,75
76561199063609065,1147690,18197
76561199063609065,1167630,116
76561199063609065,1205450,325
76561199063609065,1276390,46
76561199063609065,1382070,565
76561199063609065,1419170,79
76561199063609065,1422450,312
76561199063609065,1454400,8793
76561199063609065,1549180,682
76561199063609065,1623730,5003
76561199063609065,1714040,58
76561199063609065,1809540,850
76561199063609065,1966720,49476
76561199063609065,2231450,719
76561199063609065,2379780,2523
76561199063609065,2386720,600
76561199063609065,2602780,362
76561199063609065,2881650,309
76561199063609065,3075800,309
76561199063609065,3191030,962
76561199063609065,3241660,32013
76561199063609065,3293010,712
76561199063609065,3527290,1008
76561199063609065,4704690,382
76561199046671846,400,53
76561199046671846,620,519
76561199046671846,730,39424
76561199046671846,223470,620
76561199046671846,236390,11
76561199046671846,242760,1542
76561199046671846,322170,7832
76561199046671846,613100,593
76561199046671846,1046930,14
76561199046671846,1070580,1
76561199046671846,1088150,10
76561199046671846,1307090,367
76561199046671846,1397920,451
76561199046671846,1625450,632
76561199046671846,1677740,305
76561199046671846,1721470,53
76561199046671846,2011600,22
76561199046671846,2231300,25
76561199046671846,2475460,229
76561199046671846,2551020,26
76561199046671846,2709570,133
76561199046671846,2918150,139
76561199046671846,2923300,84
76561199046671846,2977660,7
76561199046671846,2994020,7
76561199046671846,3064370,32
76561199046671846,3419430,658
76561199046671846,3478870,67
76561199046671846,3485050,31
76561199046671846,4037180,7
76561199046671846,4465480,16
76561199046671846,4704690,739
76561199556464953,70,306
76561199556464953,320,3
76561199556464953,400,367
76561199556464953,620,735
76561199556464953,730,1621
76561199556464953,4000,1442
76561199556464953,105600,1043
76561199556464953,220200,2098
76561199556464953,227300,107
76561199556464953,230290,382
76561199556464953,246620,127
76561199556464953,264710,4489
76561199556464953,307110,706
76561199556464953,312520,26
76561199556464953,322170,591
76561199556464953,343780,454
76561199556464953,365670,2890
76561199556464953,367520,1825
76561199556464953,391540,70
76561199556464953,404790,31416
76561199556464953,431730,6400
76561199556464953,504230,394
76561199556464953,508440,218
76561199556464953,552100,1269
76561199556464953,585420,445
76561199556464953,606150,39
76561199556464953,674940,182
76561199556464953,823130,8
76561199556464953,848450,271
76561199556464953,945360,865
76561199556464953,993090,981
76561199556464953,1030300,4764
76561199556464953,1062160,762
76561199556464953,1174180,12615
76561199556464953,1238840,3077
76561199556464953,1280770,347
76561199556464953,1395560,162
76561199556464953,1415140,17
76561199556464953,1456200,11
76561199556464953,1670460,1679
76561199556464953,1672970,553
76561199556464953,1677740,16560
76561199556464953,1718870,4568
76561199556464953,1977530,30
76561199556464953,2021910,335
76561199556464953,2138710,143
76561199556464953,2239140,56
76561199556464953,2709570,39
76561199556464953,3199170,630
76561199556464953,3527290,654
76561199556464953,3664820,187
76561199556464953,4154710,10
76561198151033409,400,158
76561198151033409,620,418
76561198151033409,48700,301
76561198151033409,239030,117
76561198151033409,247080,264
76561198151033409,262060,161
76561198151033409,275850,84
76561198151033409,282070,66
76561198151033409,287980,3
76561198151033409,288160,160
76561198151033409,289070,73
76561198151033409,292030,11630
76561198151033409,294100,340
76561198151033409,304930,16
76561198151033409,322330,36
76561198151033409,322500,71
76561198151033409,323190,2706
76561198151033409,367520,23
76561198151033409,382140,80
76561198151033409,391540,19
76561198151033409,413150,25091
76561198151033409,425580,1
76561198151033409,431730,4787
76561198151033409,466560,229
76561198151033409,489830,38767
76561198151033409,493520,696
76561198151033409,552500,343
76561198151033409,553850,504
76561198151033409,578080,299
76561198151033409,582010,380
76561198151033409,671860,663
76561198151033409,774181,481
76561198151033409,924970,553
76561198151033409,960090,16
76561198151033409,990080,1513
76561198151033409,1002300,172
76561198151033409,1049410,521
76561198151033409,1097150,656
76561198151033409,1127500,281
76561198151033409,1151640,1407
76561198151033409,1222140,53
76561198151033409,1227890,13
76561198151033409,1245620,59
76561198151033409,1372810,788
76561198151033409,1562700,1823
76561198151033409,1623730,14690
76561198151033409,1769170,686
76561198151033409,1794680,719
76561198151033409,1868140,3451
76561198151033409,1929290,75
76561198151033409,1943950,308
76561198151033409,1966720,1528
76561198151033409,2127010,14
76561198151033409,2379780,1492
76561198151033409,2507950,710
76561198151033409,2623190,131
76561198151033409,2706170,8
76561198151033409,2835570,84
76561198151033409,2966850,290
76561198151033409,3097560,262
76561198151033409,3167020,1485
76561198151033409,3300800,55
76561198151033409,3314790,331
76561198151033409,3399960,11796
76561198151033409,3405340,30
76561198151033409,3419430,606
76561198151033409,3678970,13955
76561198151033409,3723680,1686
76561198151033409,4035270,249
76561199881145326,10,39
76561199881145326,80,28
76561199881145326,100,86
76561199881145326,240,102
76561199881145326,620,437
76561199881145326,730,27908
76561199881145326,4000,91
76561199881145326,218620,1226
76561199881145326,236390,17
76561199881145326,242760,1514
76561199881145326,274190,247
76561199881145326,286690,10
76561199881145326,298110,657
76561199881145326,304930,73
76561199881145326,332950,34
76561199881145326,359550,87
76561199881145326,447040,339
76561199881145326,548430,1100
76561199881145326,578080,800
76561199881145326,613100,153
76561199881145326,645630,3
76561199881145326,674940,544
76561199881145326,714010,10
76561199881145326,736590,472
76561199881145326,739630,4932
76561199881145326,1172470,16
76561199881145326,1241100,947
76561199881145326,1575870,24
76561199881145326,1677740,56
76561199881145326,1721470,41
76561199881145326,1818450,220
76561199881145326,1824220,1090
76561199881145326,1911390,14
76561199881145326,1938090,711
76561199881145326,1977530,62
76561199881145326,2073620,11
76561199881145326,2139460,89
76561199881145326,2218460,11
76561199881145326,2239140,347
76561199881145326,2289970,15
76561199881145326,2475460,451
76561199881145326,2551020,206
76561199881145326,2567870,579
76561199881145326,2709570,112
76561199881145326,2719940,26
76561199881145326,2767030,707
76561199881145326,2807960,1056
76561199881145326,2818260,25
76561199881145326,2835570,256
76561199881145326,2920270,7
76561199881145326,2923300,676
76561199881145326,3017580,4
76561199881145326,3064370,16
76561199881145326,3127280,16
76561199881145326,3174070,21
76561199881145326,3241660,1912
76561199881145326,3478870,12
76561199881145326,3527290,446
76561199881145326,3577060,286
76561199881145326,3834090,109
76561199881145326,3889960,343
76561199881145326,4050060,92
76561199881145326,4244510,434
76561199881145326,4465480,825
76561199881145326,4704690,2250
76561199387354949,620,817
76561199387354949,730,68
76561199387354949,108600,38
76561199387354949,230410,887
76561199387354949,236850,224
76561199387354949,250900,65268
76561199387354949,261550,8592
76561199387354949,282800,179
76561199387354949,294100,10536
76561199387354949,311690,149
76561199387354949,323190,115
76561199387354949,367520,434
76561199387354949,394360,132
76561199387354949,413150,4728
76561199387354949,435150,6135
76561199387354949,457140,54
76561199387354949,504230,6650
76561199387354949,582010,125
76561199387354949,601150,198
76561199387354949,646570,3126
76561199387354949,728880,255
76561199387354949,750920,465
76561199387354949,766570,127
76561199387354949,788100,214
76561199387354949,813230,255
76561199387354949,1139900,875
76561199387354949,1142710,9414
76561199387354949,1145360,825
76561199387354949,1267910,1571
76561199387354949,1296830,726
76561199387354949,1361210,424
76561199387354949,1426210,1350
76561199387354949,1517290,347
76561199387354949,1617400,5327
76561199387354949,1755830,30
76561199387354949,1903340,1255
76561199387354949,1942280,3572
76561199387354949,2215430,1720
76561199387354949,2230280,121
76561199387354949,2868840,12388
76561199387354949,3527290,1429
76561199095029886,400,18
76561199095029886,550,816
76561199095029886,620,441
76561199095029886,730,42560
76561199095029886,15100,144
76561199095029886,33230,1790
76561199095029886,34830,10
76561199095029886,227940,106
76561199095029886,236390,6373
76561199095029886,242760,149
76561199095029886,264710,716
76561199095029886,270150,334
76561199095029886,273110,8
76561199095029886,286690,1314
76561199095029886,287390,902
76561199095029886,289070,9
76561199095029886,304930,49
76561199095029886,307950,885
76561199095029886,322330,870
76561199095029886,346110,162
76561199095029886,349040,1
76561199095029886,394360,73715
76561199095029886,407530,22
76561199095029886,412020,260
76561199095029886,444200,1090
76561199095029886,484900,3
76561199095029886,503560,36
76561199095029886,508440,1664
76561199095029886,544810,8
76561199095029886,578080,1383
76561199095029886,672680,8
76561199095029886,1088790,923
76561199095029886,1144200,2125
76561199095029886,1180380,34
76561199095029886,1222140,129
76561199095029886,1238840,71
76561199095029886,1262540,18
76561199095029886,1262560,35
76561199095029886,1449560,5
76561199095029886,1482860,46
76561199095029886,1731270,7
76561199095029886,1815780,736
76561199095029886,1818450,58
76561199095029886,2507950,71
76561199095029886,3902430,90
76561199095029886,4465480,42
76561199700302930,220,259
76561199700302930,620,941
76561199700302930,730,42
76561199700302930,204360,73
76561199700302930,227300,1002
76561199700302930,236390,19
76561199700302930,286690,733
76561199700302930,365670,540
76561199700302930,442070,1
76561199700302930,701160,323
76561199700302930,945360,6
76561199700302930,953490,39
76561199700302930,1509960,367
76561199700302930,1557740,97
76561199700302930,1818450,94
76561199700302930,1977530,252
76561199700302930,2084050,15
76561199700302930,2422870,12
76561199700302930,2551020,781
76561199700302930,2709570,1220
76561199700302930,2881650,385
76561199700302930,3097560,232
76561199700302930,3241660,4606
76561199700302930,3527290,140
76561199700302930,3716600,27
76561199752899195,70,1
76561199752899195,400,264
76561199752899195,440,905
76561199752899195,620,1526
76561199752899195,247750,41
76561199752899195,391540,809
76561199752899195,607260,11
76561199752899195,698780,24
76561199752899195,960090,453
76561199752899195,1229490,22796
76561199752899195,1276390,154
76561199752899195,1289310,57
76561199752899195,1318690,9606
76561199752899195,1712830,41
76561199752899195,1930750,49
76561199752899195,1973530,810
76561199752899195,2003310,2388
76561199752899195,2336200,90
76561199752899195,2719940,48
76561199752899195,2763740,2792
76561199752899195,2788870,7
76561199752899195,2835570,314
76561199752899195,2923300,7
76561199070366974,70,1082
76561199070366974,220,569
76561199070366974,320,4
76561199070366974,400,1911
76561199070366974,440,220
76561199070366974,620,10229
76561199070366974,730,78
76561199070366974,4000,423
76561199070366974,7000,121
76561199070366974,21690,466
76561199070366974,71250,11
76561199070366974,203160,501
76561199070366974,221910,1913
76561199070366974,224480,425
76561199070366974,240720,29
76561199070366974,304240,197
76561199070366974,317400,31
76561199070366974,319510,23
76561199070366974,322170,244
76561199070366974,322500,178
76561199070366974,362890,23
76561199070366974,381210,28126
76561199070366974,391220,632
76561199070366974,413150,483
76561199070366974,417860,35
76561199070366974,438100,202
76561199070366974,450390,22
76561199070366974,471710,10857
76561199070366974,477160,46
76561199070366974,546560,463
76561199070366974,601360,30
76561199070366974,641320,319
76561199070366974,684410,33
76561199070366974,690040,28
76561199070366974,698780,27
76561199070366974,739630,204
76561199070366974,750920,573
76561199070366974,774181,35
76561199070366974,799960,45
76561199070366974,848350,282
76561199070366974,883710,169
76561199070366974,945360,207
76561199070366974,969990,296
76561199070366974,990080,967
76561199070366974,1012560,98
76561199070366974,1049410,19
76561199070366974,1059990,131
76561199070366974,1089980,32
76561199070366974,1091500,69
76561199070366974,1148590,7
76561199070366974,1174180,575
76561199070366974,1222140,1220
76561199070366974,1222670,2028
76561199070366974,1240210,99
76561199070366974,1249040,97
76561199070366974,1262540,88
76561199070366974,1291340,98
76561199070366974,1316910,16
76561199070366974,1332010,810
76561199070366974,1343400,207
76561199070366974,1358140,11
76561199070366974,1404210,4098
76561199070366974,1454400,15072
76561199070366974,1472560,109
76561199070366974,1703340,2738
76561199070366974,1712830,95
76561199070366974,1902490,60
76561199070366974,2012840,115
76561199070366974,2075070,183
76561199070366974,2166060,31
76561199070366974,2213190,23
76561199070366974,2357570,37
76561199070366974,2495100,290
76561199070366974,2592160,435
76561199070366974,2668510,989
76561199070366974,2709570,14
76561199070366974,2767030,31
76561199070366974,2881650,122
76561199070366974,3164500,3198
76561199070366974,3354750,66
76561199070366974,3476730,195
76561199070366974,3527290,1329
76561199070366974,3892270,378
76561199070366974,4753480,103
76561199495383172,440,7655
76561199495383172,550,518
76561199495383172,620,481
76561199495383172,730,2761
76561199495383172,4000,418
76561199495383172,45760,1491
76561199495383172,105600,64
76561199495383172,242760,1898
76561199495383172,304930,17
76561199495383172,365670,15
76561199495383172,413150,1827
76561199495383172,444640,7
76561199495383172,461040,151
76561199495383172,477160,1934
76561199495383172,578080,7
76561199495383172,636040,12083
76561199495383172,738060,427
76561199495383172,871720,273
76561199495383172,967050,49
76561199495383172,1089980,413
76561199495383172,1092700,15
76561199495383172,1092720,140
76561199495383172,1092730,189
76561199495383172,1096710,22
76561199495383172,1119730,909
76561199495383172,1364960,46
76561199495383172,1392060,59
76561199495383172,1568590,1984
76561199495383172,1625450,605
76561199495383172,1677740,156
76561199495383172,1712830,241
76561199495383172,1782210,370
76561199495383172,1943950,12
76561199495383172,1977530,71
76561199495383172,2239140,75
76561199495383172,2551020,215
76561199495383172,3678970,3015
76561199119074588,50,33
76561199119074588,70,99
76561199119074588,130,46
76561199119074588,220,145
76561199119074588,280,13
76561199119074588,360,5
76561199119074588,550,12679
76561199119074588,620,850
76561199119074588,730,8853
76561199119074588,4000,624
76561199119074588,17520,345
76561199119074588,105600,30227
76561199119074588,108600,19387
76561199119074588,218230,12
76561199119074588,223710,233
76561199119074588,225840,2766
76561199119074588,230410,462
76561199119074588,242760,5123
76561199119074588,271590,3341
76561199119074588,285900,90
76561199119074588,291550,3061
76561199119074588,304930,287
76561199119074588,322170,164
76561199119074588,326360,25
76561199119074588,332070,120
76561199119074588,335240,17
76561199119074588,380600,98
76561199119074588,438100,802
76561199119074588,476600,164
76561199119074588,477160,1108
76561199119074588,578080,404
76561199119074588,650700,45
76561199119074588,678800,151
76561199119074588,700330,56
76561199119074588,714010,268
76561199119074588,728880,835
76561199119074588,729720,1
76561199119074588,871720,99
76561199119074588,965200,93
76561199119074588,1016920,2827
76561199119074588,1049590,113
76561199119074588,1049800,173
76561199119074588,1131080,144
76561199119074588,1144770,4
76561199119074588,1204050,96
76561199119074588,1206610,69
76561199119074588,1237950,2590
76561199119074588,1281930,1878
76561199119074588,1286830,81
76561199119074588,1304930,915
76561199119074588,1326470,129
76561199119074588,1422450,297
76561199119074588,1568590,172
76561199119074588,1620690,275
76561199119074588,1625450,4175
76561199119074588,1677740,432
76561199119074588,1782210,122
76561199119074588,1818450,258
76561199119074588,1977530,38
76561199119074588,2073850,266
76561199119074588,2719940,178
76561199119074588,2963870,89
76561199119074588,3142050,29
76561199119074588,3354750,236
76561199119074588,3527290,3833
76561199119074588,3716600,15
76561199634781575,620,749
76561199634781575,730,4444
76561199634781575,105600,2459
76561199634781575,246620,32
76561199634781575,250900,262
76561199634781575,286690,57
76561199634781575,287390,744
76561199634781575,291550,112
76561199634781575,304930,116
76561199634781575,322170,1435
76561199634781575,322330,352
76561199634781575,431960,11
76561199634781575,629520,1114
76561199634781575,684410,91
76561199634781575,1127400,228
76561199634781575,1190000,12
76561199634781575,1326470,14
76561199634781575,1568590,4143
76561199634781575,2475460,1
76561199634781575,2709570,8
76561199634781575,3527290,4
76561199634781575,3836960,60
76561199137606321,620,60
76561199137606321,730,100
76561199137606321,43160,34
76561199137606321,204360,157
76561199137606321,211780,6
76561199137606321,218620,8233
76561199137606321,227940,558
76561199137606321,230410,330
76561199137606321,231430,124
76561199137606321,236390,14312
76561199137606321,239160,353
76561199137606321,250900,282
76561199137606321,252490,237
76561199137606321,268910,614
76561199137606321,271590,15005
76561199137606321,285900,308
76561199137606321,291550,626
76561199137606321,304390,2333
76561199137606321,304930,1148
76561199137606321,322330,72
76561199137606321,346110,6771
76561199137606321,349040,749
76561199137606321,359550,18134
76561199137606321,381210,3186
76561199137606321,393380,26599
76561199137606321,431960,1948
76561199137606321,438100,133
76561199137606321,444090,1098
76561199137606321,471710,519
76561199137606321,508440,1362
76561199137606321,578080,2247
76561199137606321,581320,135
76561199137606321,582160,3711
76561199137606321,582500,215
76561199137606321,588430,94
76561199137606321,629520,7642
76561199137606321,646910,1533
76561199137606321,736590,929
76561199137606321,812140,4896
76561199137606321,815370,52
76561199137606321,884660,36
76561199137606321,1065310,879
76561199137606321,1088150,39
76561199137606321,1144200,3925
76561199137606321,1172470,2577
76561199137606321,1172620,10035
76561199137606321,1174180,18825
76561199137606321,1238810,24326
76561199137606321,1238840,15659
76561199137606321,1238860,1158
76561199137606321,1245620,2238
76561199137606321,1259970,1204
76561199137606321,1272080,63
76561199137606321,1431300,310
76561199137606321,1466860,1253
76561199137606321,1506830,63017
76561199137606321,1517290,8245
76561199137606321,1625450,352
76561199137606321,1665460,2894
76561199137606321,1671340,66
76561199137606321,1677740,98
76561199137606321,1811260,23516
76561199137606321,1818750,240
76561199137606321,1874880,7341
76561199137606321,1938090,81175
76561199137606321,1942280,475
76561199137606321,1949740,52
76561199137606321,2051620,1702
76561199137606321,2073850,2489
76561199137606321,2084050,85
76561199137606321,2183900,163
76561199137606321,2218460,176
76561199137606321,2357570,1215
76561199137606321,2399830,5815
76561199137606321,2507950,12105
76561199137606321,2692990,328
76561199137606321,2767030,23062
76561199137606321,2807960,1543
76561199137606321,2835570,759
76561199137606321,2881650,128
76561199137606321,3240220,9
76561199137606321,3241660,247
76561199137606321,3527290,1197
76561199137606321,3564740,1693
76561199137606321,3595270,1
76561199137606321,4384550,1
76561199576303315,620,350
76561199576303315,4000,95
76561199576303315,236390,141
76561199576303315,281990,44418
76561199576303315,365670,2403
76561199576303315,394360,578617
76561199576303315,400750,431
76561199576303315,431960,521
76561199576303315,438640,894
76561199576303315,529340,135
76561199576303315,603850,1874
76561199576303315,993090,33
76561199576303315,1049410,107
76561199576303315,1611430,97
76561199576303315,3035500,280
76561198110543020,440,52731
76561198110543020,550,2808
76561198110543020,570,37400
76561198110543020,620,1044
76561198110543020,730,49284
76561198110543020,1250,559
76561198110543020,1930,164
76561198110543020,4000,2275
76561198110543020,4560,90
76561198110543020,4700,1143
76561198110543020,6060,43
76561198110543020,8190,20
76561198110543020,10500,2553
76561198110543020,11280,74
76561198110543020,13250,1
76561198110543020,24240,821
76561198110543020,31280,835
76561198110543020,33910,62
76561198110543020,33930,912
76561198110543020,34030,3503
76561198110543020,34330,2476
76561198110543020,35450,545
76561198110543020,41700,150
76561198110543020,44350,17
76561198110543020,47790,542
76561198110543020,47830,70
76561198110543020,57300,5
76561198110543020,57690,33
76561198110543020,63380,454
76561198110543020,65800,364
76561198110543020,70000,105
76561198110543020,91200,104
76561198110543020,92800,53
76561198110543020,99900,60
76561198110543020,104700,9
76561198110543020,104900,138
76561198110543020,107410,16496
76561198110543020,200510,132
76561198110543020,201570,72
76561198110543020,203160,46
76561198110543020,203630,105
76561198110543020,203770,52
76561198110543020,204450,89
76561198110543020,206210,46
76561198110543020,206690,1
76561198110543020,207140,74
76561198110543020,209160,310
76561198110543020,209170,303
76561198110543020,209870,155
76561198110543020,214950,4971
76561198110543020,218230,17
76561198110543020,218620,1886
76561198110543020,218640,1
76561198110543020,219640,5112
76561198110543020,221100,20571
76561198110543020,222880,389
76561198110543020,222900,9
76561198110543020,224220,114
76561198110543020,224420,97
76561198110543020,224580,99
76561198110543020,227300,2623
76561198110543020,227940,9777
76561198110543020,230410,41
76561198110543020,231430,41
76561198110543020,234390,52
76561198110543020,234710,57
76561198110543020,236390,160
76561198110543020,236830,12
76561198110543020,236850,11284
76561198110543020,236870,201
76561198110543020,239200,31
76561198110543020,239450,88
76561198110543020,242760,3672
76561198110543020,242860,4670
76561198110543020,244450,742
76561198110543020,244590,1
76561198110543020,247120,3
76561198110543020,251530,59
76561198110543020,251570,1291
76561198110543020,252150,72
76561198110543020,252490,3591
76561198110543020,253900,54
76561198110543020,253980,132
76561198110543020,255520,99
76561198110543020,257890,119
76561198110543020,261550,6929
76561198110543020,265630,22
76561198110543020,265930,185
76561198110543020,267980,1
76561198110543020,268240,56
76561198110543020,271590,13339
76561198110543020,271860,93
76561198110543020,275470,145
76561198110543020,277950,217
76561198110543020,283290,74
76561198110543020,284950,165
76561198110543020,285840,83
76561198110543020,286360,65
76561198110543020,287860,1
76561198110543020,291480,1246
76561198110543020,291550,33
76561198110543020,292380,84
76561198110543020,292630,84
76561198110543020,296050,124
76561198110543020,297020,101
76561198110543020,298600,1
76561198110543020,299460,41
76561198110543020,301640,65
76561198110543020,301750,82
76561198110543020,304050,94
76561198110543020,304390,1
76561198110543020,304930,2525
76561198110543020,307070,87
76561198110543020,307690,1144
76561198110543020,312990,47
76561198110543020,314250,86
76561198110543020,321040,42
76561198110543020,325610,1878
76561198110543020,326120,1
76561198110543020,327410,1
76561198110543020,333930,10
76561198110543020,334690,135
76561198110543020,335240,27
76561198110543020,338550,1
76561198110543020,341500,1
76561198110543020,342580,14
76561198110543020,344760,459
76561198110543020,351290,787
76561198110543020,357780,1
76561198110543020,359550,43
76561198110543020,365450,1
76561198110543020,375460,1
76561198110543020,377160,2843
76561198110543020,380600,35
76561198110543020,382490,47
76561198110543020,386360,1804
76561198110543020,389570,12
76561198110543020,391220,711
76561198110543020,394360,3734
76561198110543020,398710,1
76561198110543020,403740,1
76561198110543020,410110,98
76561198110543020,431960,488
76561198110543020,433850,167
76561198110543020,436150,152
76561198110543020,439190,1
76561198110543020,444090,104
76561198110543020,449220,1
76561198110543020,466240,98
76561198110543020,530700,52
76561198110543020,534500,31
76561198110543020,544810,49
76561198110543020,550900,144
76561198110543020,578080,8372
76561198110543020,588430,1390
76561198110543020,589290,1799
76561198110543020,595440,1
76561198110543020,633460,1966
76561198110543020,667870,29
76561198110543020,952440,22
76561198110543020,1238840,889
76561198110543020,1556790,337
76561198110543020,1818750,33
76561198110543020,1824220,1431
76561198110543020,3240220,1359
76561199243141822,400,598
76561199243141822,440,8281
76561199243141822,620,1049
76561199243141822,738060,82
76561199243141822,871720,157
76561199243141822,892970,68
76561199243141822,899770,1227
76561199243141822,1222670,21
76561199243141822,1332010,11483
76561199243141822,1599340,9253
76561199243141822,1623730,2531
76561199243141822,1973530,27
76561199243141822,2357570,404
76561199243141822,2694490,478
76561199243141822,2696480,1262
76561198402634405,10,1
76561198402634405,80,1
76561198402634405,100,1
76561198402634405,240,437
76561198402634405,620,1444
76561198402634405,730,91637
76561198402634405,33580,14
76561198402634405,99410,1
76561198402634405,322170,156
76561198402634405,332950,32
76561198402634405,387990,3273
76561198402634405,400040,42
76561198402634405,431960,2847
76561198402634405,578080,1731
76561198402634405,632810,1249
76561198402634405,1131720,65
76561198402634405,1249880,14
76561198402634405,1364960,45
76561198402634405,1419170,648
76561198402634405,1677740,232
76561198402634405,1712830,24
76561198402634405,1721470,945
76561198402634405,1818450,206
76561198402634405,1961460,159
76561198402634405,2003310,738
76561198402634405,2232840,23
76561198402634405,2709570,95
76561198402634405,2923300,356
76561199033784787,50,411
76561199033784787,70,2332
76561199033784787,130,219
76561199033784787,220,1525
76561199033784787,400,530
76561199033784787,500,130
76561199033784787,550,101
76561199033784787,620,2162
76561199033784787,730,104
76561199033784787,3590,4119
76561199033784787,4000,387
76561199033784787,12200,42
76561199033784787,12210,43
76561199033784787,105600,59
76561199033784787,204360,67
76561199033784787,218680,236
76561199033784787,238460,57
76561199033784787,242760,112
76561199033784787,249870,64
76561199033784787,250900,159
76561199033784787,268910,67
76561199033784787,271590,42362
76561199033784787,285900,748
76561199033784787,290930,1466
76561199033784787,312610,44
76561199033784787,322170,1320
76561199033784787,323850,501
76561199033784787,367520,642
76561199033784787,386940,60
76561199033784787,391540,43
76561199033784787,413150,18
76561199033784787,427730,182
76561199033784787,477160,129
76561199033784787,521890,375
76561199033784787,546560,23
76561199033784787,588430,187
76561199033784787,622630,11
76561199033784787,622650,407
76561199033784787,728880,54
76561199033784787,837470,43
76561199033784787,843380,8
76561199033784787,897330,64
76561199033784787,945360,379
76561199033784787,976310,47
76561199033784787,993090,815
76561199033784787,1091500,53
76561199033784787,1092710,31
76561199033784787,1092720,75
76561199033784787,1092730,129
76561199033784787,1118200,43
76561199033784787,1174180,11298
76561199033784787,1364960,15
76561199033784787,1546970,22
76561199033784787,1546990,48
76561199033784787,1547000,59
76561199033784787,1590320,60
76561199033784787,1625450,82
76561199033784787,1677740,98
76561199033784787,1712830,42
76561199033784787,1721470,13
76561199033784787,1801110,83
76561199033784787,1902490,22
76561199033784787,1922560,148
76561199033784787,2668510,1748
76561199033784787,3240220,2106
76561199033784787,3654560,7024
76561199866204492,400,169
76561199866204492,620,1008
76561199866204492,730,10
76561199866204492,105600,13488
76561199866204492,223470,93
76561199866204492,230410,215
76561199866204492,250900,219
76561199866204492,255710,26
76561199866204492,261570,588
76561199866204492,285900,157
76561199866204492,312520,20
76561199866204492,322330,693
76561199866204492,346110,574
76561199866204492,367450,8
76561199866204492,367520,1557
76561199866204492,386940,609
76561199866204492,387290,39
76561199866204492,397540,811
76561199866204492,413150,234
76561199866204492,431960,3351
76561199866204492,477160,395
76561199866204492,548430,11490
76561199866204492,582010,225
76561199866204492,601150,29
76561199866204492,658850,70
76561199866204492,674940,113
76561199866204492,703080,69
76561199866204492,1091500,6828
76561199866204492,1174180,176
76561199866204492,1222140,608
76561199866204492,1244460,538
76561199866204492,1281930,12376
76561199866204492,1291340,3
76561199866204492,1325890,133
76561199866204492,1426210,874
76561199866204492,1435670,8
76561199866204492,1761380,12
76561199866204492,1801110,318
76561199866204492,2218460,5
76561199866204492,2321470,28
76561199866204492,2379780,892
76561199866204492,2792610,3
76561199866204492,2835590,43
76561199866204492,3003460,297
76561199866204492,3241660,267
76561199866204492,3564860,34
76561199668649371,400,252
76561199668649371,620,395
76561199668649371,730,512
76561199668649371,4000,351
76561199668649371,105600,69
76561199668649371,391540,198
76561199668649371,431960,200
76561199668649371,503560,2
76561199668649371,623990,10
76561199668649371,877280,12995
76561199668649371,945360,737
76561199668649371,977950,5345
76561199668649371,1049410,319
76561199668649371,1213210,104
76561199668649371,1275890,128
76561199668649371,1568590,92
76561199668649371,1703340,1760
76561199668649371,1712830,24
76561199668649371,1721470,70
76561199668649371,1943950,1403
76561199668649371,1961460,57
76561199668649371,1977530,12
76561199668649371,2291340,809
76561199668649371,2527500,122
76561199668649371,2763740,224
76561199668649371,2781370,6
76561199668649371,2835570,756
76561199668649371,2920270,57
76561199668649371,3079280,22
76561199668649371,3314790,249
76561199668649371,3419430,592
76561199668649371,3431040,260
76561199772628178,730,85214
76561199772628178,232770,1
76561199772628178,304930,38
76561199772628178,578080,174
76561199772628178,667530,83
76561199772628178,1625450,28
76561199772628178,1977530,28
76561199772628178,2239140,27
76561199772628178,2551020,33
76561199772628178,4465480,50
76561199700704584,400,324
76561199700704584,620,1116
76561199700704584,4000,1194
76561199700704584,268910,1782
76561199700704584,367520,295
76561199700704584,438100,1320
76561199700704584,548430,446
76561199700704584,698780,475
76561199700704584,945360,455
76561199700704584,1568590,9
76561199700704584,1671210,1772
76561199700704584,1712830,10
76561199700704584,1794960,4049
76561199700704584,2835570,44
76561199700704584,3527290,244
76561198389287631,300,609
76561198389287631,440,128141
76561198389287631,500,41
76561198389287631,550,27064
76561198389287631,620,710
76561198389287631,730,1133
76561198389287631,4000,7265
76561198389287631,17500,262
76561198389287631,102700,119
76561198389287631,204360,87
76561198389287631,210770,13
76561198389287631,223710,1295
76561198389287631,224260,27
76561198389287631,227940,119
76561198389287631,236390,182
76561198389287631,238320,397
76561198389287631,242760,112
76561198389287631,265630,115
76561198389287631,291550,391
76561198389287631,298240,20
76561198389287631,304930,435
76561198389287631,322170,196
76561198389287631,338180,175
76561198389287631,342480,266
76561198389287631,355180,42
76561198389287631,359550,6253
76561198389287631,376210,599
76561198389287631,386180,172
76561198389287631,408900,1423
76561198389287631,431240,18
76561198389287631,438100,399
76561198389287631,444090,170
76561198389287631,444200,41709
76561198389287631,446150,41
76561198389287631,552990,62
76561198389287631,560260,30
76561198389287631,563560,598
76561198389287631,605610,33
76561198389287631,632360,27
76561198389287631,648800,188
76561198389287631,677620,147
76561198389287631,700330,1449
76561198389287631,714010,145
76561198389287631,747610,4099
76561198389287631,757240,47
76561198389287631,790790,52
76561198389287631,840410,7
76561198389287631,843380,27
76561198389287631,936780,456
76561198389287631,1092630,107
76561198389287631,1092710,23
76561198389287631,1128810,107
76561198389287631,1180380,82
76561198389287631,1209040,11
76561198389287631,1240440,52
76561198389287631,1241100,14
76561198389287631,1407200,28
76561198389287631,1677740,166
76561198389287631,1712830,60
76561198389287631,1818450,141
76561198389287631,1818750,20
76561198389287631,2139460,37
76561198389287631,2767030,2305
76561198389287631,2920270,57
76561198389287631,3527290,141
76561199241372813,550,1340
76561199241372813,620,907
76561199241372813,730,38
76561199241372813,418370,2896
76561199241372813,511470,99
76561199241372813,557600,283
76561199241372813,646570,167
76561199241372813,850000,14
76561199241372813,1196590,4021
76561199241372813,1256670,74
76561199241372813,2167960,774
76561199241372813,2704110,461
76561199241372813,2868840,2771
76561199241372813,3101040,3343
76561199241372813,3559510,580
76561199241372813,3562120,18
76561198448604074,70,699
76561198448604074,220,659
76561198448604074,400,1381
76561198448604074,620,1829
76561198448604074,730,936
76561198448604074,4000,107
76561198448604074,22380,61
76561198448604074,39000,8
76561198448604074,55100,13
76561198448604074,203160,55
76561198448604074,206480,93
76561198448604074,236390,200
76561198448604074,239140,314
76561198448604074,264710,1919
76561198448604074,265630,23
76561198448604074,271590,1994
76561198448604074,275850,20
76561198448604074,286160,54
76561198448604074,291550,20
76561198448604074,298610,18
76561198448604074,304930,27
76561198448604074,319510,143
76561198448604074,332800,172
76561198448604074,332950,64
76561198448604074,355180,124
76561198448604074,377160,3086
76561198448604074,381210,93
76561198448604074,387290,125
76561198448604074,417860,29
76561198448604074,431240,2181
76561198448604074,431960,182
76561198448604074,438100,29955
76561198448604074,438740,90
76561198448604074,455120,151
76561198448604074,481510,553
76561198448604074,489830,88
76561198448604074,509980,1024
76561198448604074,530890,43
76561198448604074,546560,698
76561198448604074,548430,188
76561198448604074,553420,371
76561198448604074,575640,26
76561198448604074,582010,170
76561198448604074,588430,171
76561198448604074,620980,239
76561198448604074,679110,848
76561198448604074,691540,8
76561198448604074,698670,18
76561198448604074,700330,229
76561198448604074,732690,114
76561198448604074,738060,15
76561198448604074,739630,4328
76561198448604074,740470,21
76561198448604074,747660,497
76561198448604074,753640,495
76561198448604074,755540,91
76561198448604074,778700,210
76561198448604074,868020,21
76561198448604074,883710,475
76561198448604074,892970,13615
76561198448604074,898890,354
76561198448604074,945360,2777
76561198448604074,967050,595
76561198448604074,976730,185
76561198448604074,990080,378
76561198448604074,1009850,27862
76561198448604074,1010450,73
76561198448604074,1021950,175
76561198448604074,1068820,28254
76561198448604074,1092660,282
76561198448604074,1101260,28
76561198448604074,1102930,53
76561198448604074,1121310,17
76561198448604074,1151340,107
76561198448604074,1172470,165
76561198448604074,1190460,189
76561198448604074,1222140,648
76561198448604074,1237970,148
76561198448604074,1245620,10279
76561198448604074,1260320,122
76561198448604074,1295920,71
76561198448604074,1304930,482
76561198448604074,1313140,5164
76561198448604074,1325860,75501
76561198448604074,1326470,66
76561198448604074,1334590,182
76561198448604074,1342620,164
76561198448604074,1399930,504
76561198448604074,1418630,141
76561198448604074,1419170,26
76561198448604074,1422450,134
76561198448604074,1485080,75
76561198448604074,1544020,129
76561198448604074,1556770,50
76561198448604074,1562420,2055
76561198448604074,1583230,672
76561198448604074,1621690,449
76561198448604074,1625450,1443
76561198448604074,1694960,60
76561198448604074,1721470,194
76561198448604074,1724050,572
76561198448604074,1785150,387
76561198448604074,1805110,213
76561198448604074,1813430,135
76561198448604074,1942120,35
76561198448604074,1943950,1932
76561198448604074,1953540,441
76561198448604074,1966720,1514
76561198448604074,2012840,188
76561198448604074,2130000,224
76561198448604074,2370570,15454
76561198448604074,2386870,32
76561198448604074,2484130,990
76561198448604074,2497480,75
76561198448604074,2551020,58
76561198448604074,2622380,5930
76561198448604074,2638370,228
76561198448604074,2696480,947
76561198448604074,2708280,12
76561198448604074,2719940,256
76561198448604074,2768430,3495
76561198448604074,2774380,72
76561198448604074,2827200,452
76561198448604074,2835570,112
76561198448604074,2881610,107
76561198448604074,2881650,1210
76561198448604074,2909110,1484
76561198448604074,2920570,48
76561198448604074,2958970,328
76561198448604074,2963880,276
76561198448604074,3108510,257
76561198448604074,3146520,3144
76561198448604074,3241660,4755
76561198448604074,3244220,124
76561198448604074,3301060,62
76561198448604074,3405340,494
76561198448604074,3527290,3649
76561198448604074,3550490,52
76561198448604074,3716600,168
76561198448604074,3743090,152
76561198448604074,3789400,18
76561198448604074,4069520,450
76561198448604074,4157130,70
76561198448604074,4175870,274
76561198448604074,4368350,6132
76561198448604074,4704690,1449
76561198301672671,80,69
76561198301672671,240,1
76561198301672671,400,177
76561198301672671,500,346
76561198301672671,620,619
76561198301672671,730,33913
76561198301672671,2990,94
76561198301672671,4000,202
76561198301672671,6880,82
76561198301672671,8080,311
76561198301672671,8190,2931
76561198301672671,11190,21
76561198301672671,12210,2153
76561198301672671,21690,10
76561198301672671,24240,153
76561198301672671,28000,13
76561198301672671,33110,72
76561198301672671,35130,3
76561198301672671,40700,189
76561198301672671,40990,19
76561198301672671,42680,552
76561198301672671,43110,3
76561198301672671,44350,1386
76561198301672671,48000,590
76561198301672671,50130,2441
76561198301672671,50300,645
76561198301672671,70000,48
76561198301672671,70600,102
76561198301672671,91310,1173
76561198301672671,94300,15
76561198301672671,107410,189
76561198301672671,108710,88
76561198301672671,110800,1190
76561198301672671,203140,626
76561198301672671,203160,1332
76561198301672671,204100,1159
76561198301672671,206420,1038
76561198301672671,211500,21
76561198301672671,218620,1413
76561198301672671,218640,179
76561198301672671,220820,37
76561198301672671,221910,116
76561198301672671,222900,4
76561198301672671,225000,1
76561198301672671,225540,47
76561198301672671,227300,8281
76561198301672671,227940,942
76561198301672671,232010,24
76561198301672671,236390,1303
76561198301672671,238010,10
76561198301672671,239140,2689
76561198301672671,239160,109
76561198301672671,242050,143
76561198301672671,243470,1266
76561198301672671,244210,76
76561198301672671,249650,10
76561198301672671,252490,329
76561198301672671,252950,37
76561198301672671,253710,41
76561198301672671,258180,10
76561198301672671,259080,18
76561198301672671,262410,249
76561198301672671,263280,328
76561198301672671,270880,832
76561198301672671,274940,174
76561198301672671,284160,2313
76561198301672671,285800,152
76561198301672671,287290,10
76561198301672671,288060,102
76561198301672671,289690,1
76561198301672671,289950,270
76561198301672671,291550,30
76561198301672671,292030,8408
76561198301672671,301520,50
76561198301672671,302080,31
76561198301672671,303610,200
76561198301672671,304050,2
76561198301672671,304430,433
76561198301672671,304930,22
76561198301672671,305620,691
76561198301672671,307690,1063
76561198301672671,311560,524
76561198301672671,314830,10
76561198301672671,319630,3
76561198301672671,323720,3
76561198301672671,327220,20
76561198301672671,335190,3
76561198301672671,335240,52
76561198301672671,336940,161
76561198301672671,337000,10
76561198301672671,339190,3
76561198301672671,341000,1160
76561198301672671,346110,17
76561198301672671,346900,39
76561198301672671,351290,23
76561198301672671,351860,4
76561198301672671,359320,223
76561198301672671,359550,107199
76561198301672671,359800,22
76561198301672671,360430,3077
76561198301672671,360940,68
76561198301672671,361420,3683
76561198301672671,363930,12
76561198301672671,363970,82
76561198301672671,368070,4
76561198301672671,368370,47
76561198301672671,368500,565
76561198301672671,380840,26
76561198301672671,381210,4
76561198301672671,383180,1712
76561198301672671,386180,57
76561198301672671,391460,15
76561198301672671,392110,3
76561198301672671,394760,64
76561198301672671,395200,305
76561198301672671,397900,82
76561198301672671,404170,214
76561198301672671,407130,24
76561198301672671,412880,408
76561198301672671,414340,506
76561198301672671,420290,1
76561198301672671,421020,46
76561198301672671,421740,10
76561198301672671,424840,323
76561198301672671,427820,10
76561198301672671,431930,55
76561198301672671,431960,331
76561198301672671,437160,170
76561198301672671,438740,62
76561198301672671,442070,1
76561198301672671,444770,333
76561198301672671,446020,386
76561198301672671,447020,1078
76561198301672671,447040,1927
76561198301672671,450860,224
76561198301672671,451340,80
76561198301672671,453270,364
76561198301672671,460780,132
76561198301672671,469730,108
76561198301672671,472420,3
76561198301672671,473560,134
76561198301672671,477160,608
76561198301672671,481870,26
76561198301672671,482920,384
76561198301672671,484950,106
76561198301672671,485610,11
76561198301672671,489520,2
76561198301672671,491280,274
76561198301672671,493490,31
76561198301672671,495560,48
76561198301672671,500260,3
76561198301672671,502740,73
76561198301672671,504130,200
76561198301672671,507490,10
76561198301672671,508840,132
76561198301672671,513740,124
76561198301672671,515180,39
76561198301672671,518790,33
76561198301672671,526160,48
76561198301672671,533540,171
76561198301672671,537800,11
76561198301672671,539470,338
76561198301672671,550900,12
76561198301672671,555000,3
76561198301672671,555570,339
76561198301672671,564210,101
76561198301672671,565860,139
76561198301672671,573680,48
76561198301672671,577670,240
76561198301672671,578080,9
76561198301672671,582890,1
76561198301672671,584980,227
76561198301672671,585420,133
76561198301672671,605740,45
76561198301672671,609320,242
76561198301672671,613100,760
76561198301672671,618140,72
76561198301672671,629760,3477
76561198301672671,638070,136
76561198301672671,645290,102
76561198301672671,645630,488
76561198301672671,646910,26
76561198301672671,647740,310
76561198301672671,654990,3
76561198301672671,657200,141
76561198301672671,665360,241
76561198301672671,675010,141
76561198301672671,676420,132
76561198301672671,699240,3
76561198301672671,704850,1339
76561198301672671,706990,50
76561198301672671,713650,60
76561198301672671,714010,11
76561198301672671,714210,14597
76561198301672671,727020,35
76561198301672671,742420,69
76561198301672671,744900,48
76561198301672671,747350,1
76561198301672671,750920,1030
76561198301672671,757130,18
76561198301672671,757240,12
76561198301672671,760620,1
76561198301672671,792220,9
76561198301672671,797410,3
76561198301672671,810660,59
76561198301672671,825310,75
76561198301672671,852220,41
76561198301672671,860860,26
76561198301672671,863550,150
76561198301672671,878750,101
76561198301672671,965200,164
76561198301672671,978300,1280
76561198301672671,1008710,74
76561198301672671,1035930,7
76561198301672671,1067020,2
76561198301672671,1070580,49
76561198301672671,1080020,623
76561198301672671,1119730,47
76561198301672671,1121310,20
76561198301672671,1127390,286
76561198301672671,1128810,176
76561198301672671,1140440,232
76561198301672671,1149620,113
76561198301672671,1157340,5
76561198301672671,1167630,319
76561198301672671,1193090,651
76561198301672671,1195320,13
76561198301672671,1222670,150
76561198301672671,1222680,234
76561198301672671,1222700,385
76561198301672671,1238840,259
76561198301672671,1254500,286
76561198301672671,1257430,281
76561198301672671,1258190,286
76561198301672671,1262560,823
76561198301672671,1293830,1884
76561198301672671,1359090,1
76561198301672671,1392060,358
76561198301672671,1490130,14
76561198301672671,1515950,4
76561198301672671,1551360,13990
76561198301672671,1705520,358
76561198301672671,1719460,361
76561198301672671,1763830,70
76561198301672671,1779990,638
76561198301672671,1818370,640
76561198301672671,2082060,359
76561198301672671,2089060,281
76561198301672671,2149010,226
76561198301672671,2419900,121
76561198301672671,2510130,110
76561198301672671,2625420,325
76561198301672671,2709570,506
76561198301672671,2767030,637
76561198301672671,2923300,3032
76561198301672671,3115010,39
76561198301672671,3242750,416
76561198301672671,3298170,273
76561198301672671,3399950,295
76561198301672671,3419430,3538
76561198301672671,3595230,16
76561198301672671,3678970,19399
76561198301672671,4147820,500
76561198301672671,4704690,407
76561199407033309,20,14
76561199407033309,50,472
76561199407033309,70,555
76561199407033309,130,42
76561199407033309,220,2924
76561199407033309,240,232
76561199407033309,280,147
76561199407033309,320,12
76561199407033309,400,156
76561199407033309,440,24898
76561199407033309,550,541
76561199407033309,620,1405
76561199407033309,730,2785
76561199407033309,1250,110
76561199407033309,2280,581
76561199407033309,2320,353
76561199407033309,2990,290
76561199407033309,3590,1085
76561199407033309,4000,15227
76561199407033309,6550,1218
76561199407033309,12150,21
76561199407033309,13500,10
76561199407033309,17520,493
76561199407033309,22300,5
76561199407033309,22490,1
76561199407033309,33230,436
76561199407033309,35140,762
76561199407033309,41000,1248
76561199407033309,41010,82
76561199407033309,41070,1984
76561199407033309,42700,7
76561199407033309,42710,10
76561199407033309,55150,168
76561199407033309,71250,537
76561199407033309,104600,1
76561199407033309,105600,13757
76561199407033309,201810,1198
76561199407033309,203140,193
76561199407033309,204340,363
76561199407033309,204360,227
76561199407033309,208650,510
76561199407033309,213610,575
76561199407033309,218620,546
76561199407033309,220440,677
76561199407033309,223470,797
76561199407033309,223710,9
76561199407033309,224260,284
76561199407033309,224480,86
76561199407033309,228380,451
76561199407033309,230410,339
76561199407033309,232090,174
76561199407033309,235460,5022
76561199407033309,236390,842
76561199407033309,239140,4230
76561199407033309,240720,82
76561199407033309,242760,1182
76561199407033309,244210,10
76561199407033309,257420,1365
76561199407033309,257850,89
76561199407033309,265210,2
76561199407033309,265930,11
76561199407033309,268910,254
76561199407033309,271590,18042
76561199407033309,274170,304
76561199407033309,284160,507
76561199407033309,285920,103
76561199407033309,289650,74
76561199407033309,291550,37
76561199407033309,304390,331
76561199407033309,304930,252
76561199407033309,307780,161
76561199407033309,310560,612
76561199407033309,313120,158
76561199407033309,319510,223
76561199407033309,321270,12
76561199407033309,322170,181
76561199407033309,329050,3786
76561199407033309,337320,653
76561199407033309,341940,87
76561199407033309,343360,1
76561199407033309,362890,582
76561199407033309,365670,1316
76561199407033309,367520,2684
76561199407033309,378540,153
76561199407033309,379720,655
76561199407033309,383180,171
76561199407033309,386180,197
76561199407033309,387990,1336
76561199407033309,388090,47
76561199407033309,388410,1120
76561199407033309,391540,315
76561199407033309,397540,178
76561199407033309,402130,281
76561199407033309,418370,62
76561199407033309,427730,46
76561199407033309,431960,15373
76561199407033309,434570,416
76561199407033309,437920,255
76561199407033309,448320,104
76561199407033309,475550,244
76561199407033309,489830,1163
76561199407033309,518920,91
76561199407033309,534380,3193
76561199407033309,546560,169
76561199407033309,548430,6640
76561199407033309,552100,552
76561199407033309,552500,295
76561199407033309,552520,3677
76561199407033309,564310,14
76561199407033309,567670,12
76561199407033309,582660,215
76561199407033309,584400,349
76561199407033309,588650,1989
76561199407033309,594650,119
76561199407033309,597170,2078
76561199407033309,601150,10873
76561199407033309,601360,195
76561199407033309,601810,244
76561199407033309,621830,10
76561199407033309,622650,139
76561199407033309,629520,11188
76561199407033309,631510,2848
76561199407033309,645630,290
76561199407033309,646910,57
76561199407033309,648800,1193
76561199407033309,667530,36
76561199407033309,673750,678
76561199407033309,675010,270
76561199407033309,678960,423
76561199407033309,684410,72
76561199407033309,739630,65
76561199407033309,774791,92
76561199407033309,782330,8877
76561199407033309,868020,9
76561199407033309,871720,147
76561199407033309,918570,73
76561199407033309,945360,368
76561199407033309,962400,86
76561199407033309,976310,102
76561199407033309,976730,231
76561199407033309,1017180,362
76561199407033309,1030840,345
76561199407033309,1065310,356
76561199407033309,1118200,1349
76561199407033309,1139900,177
76561199407033309,1148590,59
76561199407033309,1167630,1545
76561199407033309,1174180,3646
76561199407033309,1196590,476
76561199407033309,1220150,27
76561199407033309,1222680,968
76561199407033309,1229490,7204
76561199407033309,1237970,138
76561199407033309,1238840,69
76561199407033309,1245620,1636
76561199407033309,1252330,152
76561199407033309,1260320,58
76561199407033309,1262540,1226
76561199407033309,1279510,171
76561199407033309,1281930,1004
76561199407033309,1289310,14
76561199407033309,1293830,2429
76561199407033309,1325860,7
76561199407033309,1326470,2318
76561199407033309,1372110,104
76561199407033309,1422450,195
76561199407033309,1449560,812
76561199407033309,1456200,133
76561199407033309,1583720,767
76561199407033309,1602080,41
76561199407033309,1681430,111
76561199407033309,1683860,21
76561199407033309,1693980,63
76561199407033309,1712830,151
76561199407033309,1715130,576
76561199407033309,1721470,27
76561199407033309,1782210,65
76561199407033309,1818450,40
76561199407033309,1824220,222
76561199407033309,1846380,3987
76561199407033309,1961460,37
76561199407033309,1966720,1401
76561199407033309,2005010,474
76561199407033309,2012840,83
76561199407033309,2134320,65
76561199407033309,2138710,1349
76561199407033309,2181930,18
76561199407033309,2183900,7321
76561199407033309,2212330,445
76561199407033309,2231450,2140
76561199407033309,2273430,25
76561199407033309,2325290,23
76561199407033309,2369390,5578
76561199407033309,2406770,200
76561199407033309,2532550,38
76561199407033309,2551020,145
76561199407033309,2625420,6844
76561199407033309,2680010,314
76561199407033309,2768430,751
76561199407033309,2835570,393
76561199407033309,2881650,319
76561199407033309,2909110,13
76561199407033309,3017860,3851
76561199407033309,3097560,83
76561199407033309,3124540,898
76561199407033309,3225260,19
76561199407033309,3241660,2063
76561199407033309,3243190,282
76561199407033309,3247750,129
76561199407033309,3419430,19547
76561199407033309,3474900,495
76561199407033309,3716600,53
76561199407033309,3818000,7
76561199407033309,4465480,354
76561198419798999,20,99
76561198419798999,50,61
76561198419798999,70,1371
76561198419798999,130,295
76561198419798999,220,2611
76561198419798999,240,79
76561198419798999,280,22
76561198419798999,360,1
76561198419798999,400,2816
76561198419798999,440,13150
76561198419798999,620,2351
76561198419798999,730,395
76561198419798999,2270,55
76561198419798999,2280,142
76561198419798999,2300,38
76561198419798999,3352,8
76561198419798999,3480,186
76561198419798999,3590,39
76561198419798999,4000,10709
76561198419798999,12210,154
76561198419798999,17410,315
76561198419798999,31100,27
76561198419798999,71230,13
76561198419798999,104600,1
76561198419798999,218620,230
76561198419798999,218680,314
76561198419798999,220200,270
76561198419798999,223470,192
76561198419798999,224480,250
76561198419798999,233450,47
76561198419798999,236390,642
76561198419798999,239030,522
76561198419798999,250260,360
76561198419798999,251110,1741
76561198419798999,253230,136
76561198419798999,264710,953
76561198419798999,265930,456
76561198419798999,271590,416
76561198419798999,280740,164
76561198419798999,298110,45
76561198419798999,298630,481
76561198419798999,304050,660
76561198419798999,304930,1607
76561198419798999,317790,56
76561198419798999,319510,28
76561198419798999,322170,9
76561198419798999,332570,10206
76561198419798999,332800,9
76561198419798999,348250,161
76561198419798999,354240,94
76561198419798999,359550,10903
76561198419798999,361420,592
76561198419798999,362890,2633
76561198419798999,379720,1598
76561198419798999,382110,340
76561198419798999,382560,541
76561198419798999,383870,129
76561198419798999,387990,22
76561198419798999,391540,381
76561198419798999,393080,559
76561198419798999,397950,2
76561198419798999,400020,17
76561198419798999,413150,218
76561198419798999,428690,967
76561198419798999,431960,378
76561198419798999,433340,2242
76561198419798999,447040,98
76561198419798999,448280,600
76561198419798999,450540,1126
76561198419798999,465780,10
76561198419798999,471710,2262
76561198419798999,493340,139
76561198419798999,502940,30
76561198419798999,512300,289
76561198419798999,523660,44
76561198419798999,526870,5306
76561198419798999,529590,134
76561198419798999,546560,173
76561198419798999,552080,34
76561198419798999,552100,3349
76561198419798999,572890,258
76561198419798999,573090,231
76561198419798999,588430,100
76561198419798999,598980,511
76561198419798999,601360,710
76561198419798999,613100,1549
76561198419798999,620980,161
76561198419798999,622650,375
76561198419798999,625470,83
76561198419798999,641320,139
76561198419798999,641990,170
76561198419798999,648800,289
76561198419798999,654990,144
76561198419798999,667970,124
76561198419798999,679990,265
76561198419798999,684410,42
76561198419798999,700330,69
76561198419798999,703080,347
76561198419798999,704300,26
76561198419798999,704850,3267
76561198419798999,708820,13
76561198419798999,726830,990
76561198419798999,731490,1
76561198419798999,736260,21
76561198419798999,779590,43
76561198419798999,782330,1478
76561198419798999,787480,814
76561198419798999,802730,27
76561198419798999,823130,310
76561198419798999,825310,2
76561198419798999,842180,135
76561198419798999,853770,167
76561198419798999,877200,445
76561198419798999,897330,101
76561198419798999,925950,53
76561198419798999,945360,1192
76561198419798999,953490,299
76561198419798999,960040,38
76561198419798999,960090,85
76561198419798999,976730,153
76561198419798999,1019550,26
76561198419798999,1029690,1070
76561198419798999,1043340,534
76561198419798999,1049410,384
76561198419798999,1053680,4
76561198419798999,1086850,24
76561198419798999,1089980,193
76561198419798999,1092700,25
76561198419798999,1092710,44
76561198419798999,1092720,71
76561198419798999,1097620,287
76561198419798999,1106840,896
76561198419798999,1133990,14
76561198419798999,1144200,263
76561198419798999,1148590,54
76561198419798999,1149620,594
76561198419798999,1164940,76
76561198419798999,1167630,849
76561198419798999,1174180,268
76561198419798999,1179210,101
76561198419798999,1187510,4
76561198419798999,1194700,57
76561198419798999,1202900,107
76561198419798999,1205450,358
76561198419798999,1210320,659
76561198419798999,1211020,1815
76561198419798999,1229490,3034
76561198419798999,1232430,15
76561198419798999,1240870,14
76561198419798999,1244460,117
76561198419798999,1275350,31
76561198419798999,1275890,55
76561198419798999,1284190,1146
76561198419798999,1290000,207
76561198419798999,1337010,205
76561198419798999,1349230,14
76561198419798999,1358140,192
76561198419798999,1369320,9
76561198419798999,1435790,345
76561198419798999,1449560,156
76561198419798999,1454400,4400
76561198419798999,1491490,1155
76561198419798999,1497000,31
76561198419798999,1522870,545
76561198419798999,1551360,275
76561198419798999,1582680,114
76561198419798999,1583720,398
76561198419798999,1592280,137
76561198419798999,1629520,27
76561198419798999,1649080,8
76561198419798999,1657630,52
76561198419798999,1671210,81
76561198419798999,1703340,59
76561198419798999,1712830,24
76561198419798999,1730700,9
76561198419798999,1902490,30
76561198419798999,1935660,303
76561198419798999,1972820,37
76561198419798999,1985690,63
76561198419798999,1999360,223
76561198419798999,2021910,210
76561198419798999,2201320,156
76561198419798999,2272420,32
76561198419798999,2291760,6
76561198419798999,2324650,160
76561198419798999,2696480,2
76561198419798999,2835570,12
76561198419798999,3035120,70
76561198419798999,3097300,123
76561198419798999,3146520,623
76561198419798999,3191050,78
76561198419798999,3240220,2497
76561198419798999,3259470,35
76561198419798999,3293010,10
76561198419798999,3527290,261
76561198419798999,3880190,23
76561198419798999,3897800,13
76561198419798999,3939700,25
76561198419798999,3949040,82
76561198438689701,400,245
76561198438689701,440,1105
76561198438689701,620,697
76561198438689701,730,3482
76561198438689701,4000,175
76561198438689701,4500,230
76561198438689701,17390,1586
76561198438689701,47890,13336
76561198438689701,55230,214
76561198438689701,105600,3103
76561198438689701,115320,1518
76561198438689701,222730,73
76561198438689701,227300,696
76561198438689701,239030,541
76561198438689701,282140,619
76561198438689701,322330,1487
76561198438689701,323190,19830
76561198438689701,341940,531
76561198438689701,379720,50
76561198438689701,413150,22492
76561198438689701,427290,2
76561198438689701,433340,2383
76561198438689701,446910,131
76561198438689701,475550,2640
76561198438689701,481510,3759
76561198438689701,496300,1442
76561198438689701,541570,2004
76561198438689701,555150,91
76561198438689701,572890,310
76561198438689701,588430,9879
76561198438689701,597760,1495
76561198438689701,613100,511
76561198438689701,701160,3
76561198438689701,761620,984
76561198438689701,976730,1594
76561198438689701,1012880,285
76561198438689701,1135690,788
76561198438689701,1313140,4998
76561198438689701,1574820,53
76561198438689701,1651560,2497
76561198438689701,2325290,18
76561198438689701,2532550,176
76561198438689701,3079280,200
76561198438689701,3180070,644
76561198438689701,3254940,48
76561198438689701,3293010,726
76561198438689701,3376760,240
76561198438689701,3431040,226
76561198438689701,3496000,400
76561198438689701,3604430,795
76561199202516265,70,58
76561199202516265,220,180
76561199202516265,620,677
76561199202516265,730,18319
76561199202516265,41070,137
76561199202516265,43160,26
76561199202516265,204340,15
76561199202516265,223710,238
76561199202516265,227300,651
76561199202516265,236390,1028
76561199202516265,238320,910
76561199202516265,242760,2065
76561199202516265,268910,87
76561199202516265,291480,43
76561199202516265,291550,19
76561199202516265,304930,421
76561199202516265,322170,2969
76561199202516265,331470,7804
76561199202516265,332950,92
76561199202516265,362890,256
76561199202516265,380600,14
76561199202516265,414700,765
76561199202516265,431960,1381
76561199202516265,578080,969
76561199202516265,632810,2210
76561199202516265,674940,46
76561199202516265,698780,2042
76561199202516265,735360,7
76561199202516265,871720,22
76561199202516265,878750,24
76561199202516265,1184160,16
76561199202516265,1201240,503
76561199202516265,1236400,32
76561199202516265,1289310,22
76561199202516265,1326470,879
76561199202516265,1334590,28
76561199202516265,1349040,7
76561199202516265,1392820,11
76561199202516265,1421250,949
76561199202516265,1456200,69
76561199202516265,1505620,63
76561199202516265,1545450,27
76561199202516265,1555110,89
76561199202516265,1609160,32
76561199202516265,1625450,28
76561199202516265,1677740,107
76561199202516265,1721470,47
76561199202516265,1818450,8
76561199202516265,1966720,1401
76561199202516265,2098350,17
76561199202516265,2279510,17
76561199202516265,2380410,21
76561199202516265,2590150,21
76561199202516265,2719940,52
76561199202516265,2808930,23
76561199202516265,2835570,101
76561199202516265,2873080,5
76561199202516265,2881650,128
76561199202516265,2901520,282
76561199202516265,2923300,43
76561199202516265,3064370,44
76561199202516265,3301060,20
76561199202516265,4465480,961
76561198443835056,70,1127
76561198443835056,220,3569
76561198443835056,320,79
76561198443835056,400,179
76561198443835056,550,4161
76561198443835056,620,450
76561198443835056,730,58
76561198443835056,4000,777
76561198443835056,203160,1376
76561198443835056,282800,1359
76561198443835056,286690,519
76561198443835056,365670,74
76561198443835056,367520,4449
76561198443835056,438100,114
76561198443835056,466240,26
76561198443835056,504230,1997
76561198443835056,582660,116
76561198443835056,650700,892
76561198443835056,774171,241
76561198443835056,1229490,14069
76561198443835056,1818750,310
76561198443835056,2134320,812
76561198443835056,2743030,9
76561198443835056,2767030,778
76561198443835056,3274300,165
76561198443835056,3301060,8
76561198443835056,3678970,10981
76561198090781234,10,15
76561198090781234,70,457
76561198090781234,80,36
76561198090781234,220,519
76561198090781234,320,129
76561198090781234,440,6450
76561198090781234,550,1268
76561198090781234,620,660
76561198090781234,730,88402
76561198090781234,4000,9649
76561198090781234,8930,75
76561198090781234,17410,11
76561198090781234,72850,4531
76561198090781234,105600,5194
76561198090781234,200170,329
76561198090781234,200210,166
76561198090781234,202970,389
76561198090781234,202990,2096
76561198090781234,205100,1598
76561198090781234,210770,54
76561198090781234,211820,971
76561198090781234,212910,146
76561198090781234,218620,934
76561198090781234,222880,327
76561198090781234,224480,419
76561198090781234,230410,169
76561198090781234,231430,88
76561198090781234,238010,1804
76561198090781234,239140,2106
76561198090781234,242050,423
76561198090781234,260410,12
76561198090781234,265930,1075
76561198090781234,271590,1961
76561198090781234,282140,706
76561198090781234,291550,128
76561198090781234,292030,4607
76561198090781234,298110,5584
76561198090781234,304930,681
76561198090781234,311210,4679
76561198090781234,312660,73
76561198090781234,312990,95
76561198090781234,332200,676
76561198090781234,355790,45
76561198090781234,368500,1768
76561198090781234,379720,236
76561198090781234,388080,387
76561198090781234,397540,2360
76561198090781234,412020,1193
76561198090781234,424280,69
76561198090781234,427410,404
76561198090781234,431960,12164
76561198090781234,435150,4066
76561198090781234,438100,62
76561198090781234,464060,288
76561198090781234,480490,2384
76561198090781234,489830,4125
76561198090781234,504370,15
76561198090781234,548430,911
76561198090781234,552500,1620
76561198090781234,552520,1506
76561198090781234,578080,7056
76561198090781234,582260,53
76561198090781234,582500,128
76561198090781234,589360,4726
76561198090781234,594650,13456
76561198090781234,611500,50
76561198090781234,674940,1715
76561198090781234,677620,831
76561198090781234,700330,51
76561198090781234,755790,101
76561198090781234,798460,5300
76561198090781234,812810,26
76561198090781234,813820,207
76561198090781234,823130,87
76561198090781234,892970,2820
76561198090781234,945360,485
76561198090781234,976730,247
76561198090781234,990080,595
76561198090781234,1030210,469
76561198090781234,1085660,23025
76561198090781234,1091500,8565
76561198090781234,1172620,1053
76561198090781234,1174180,119
76561198090781234,1222140,116
76561198090781234,1222670,345
76561198090781234,1237970,944
76561198090781234,1240440,344
76561198090781234,1245620,1421
76561198090781234,1281930,482
76561198090781234,1284210,120
76561198090781234,1335790,208
76561198090781234,1343400,53
76561198090781234,1422450,149
76561198090781234,1449560,2
76561198090781234,1577120,767
76561198090781234,1771300,6106
76561198090781234,2016590,33
76561198090781234,2021910,22
76561198090781234,2073850,101
76561198090781234,2087030,1345
76561198090781234,2144740,502
76561198090781234,2828500,1
76561198090781234,2881650,294
76561198090781234,2918300,119
76561198090781234,3180070,1
76561198090781234,3527290,371
76561198090781234,4128260,267
76561199362913608,400,825
76561199362913608,620,4506
76561199362913608,4000,10489
76561199362913608,225840,17
76561199362913608,280740,103
76561199362913608,286080,18
76561199362913608,317400,169
76561199362913608,365670,98
76561199362913608,438100,62
76561199362913608,450390,101
76561199362913608,471710,914
76561199362913608,498310,142
76561199362913608,512270,9
76561199362913608,601360,9
76561199362913608,698780,51
76561199362913608,738060,61
76561199362913608,788770,108
76561199362913608,868020,53
76561199362913608,872200,40
76561199362913608,945360,988
76561199362913608,1011670,441
76561199362913608,1089980,679
76561199362913608,1118200,2131
76561199362913608,1133730,15
76561199362913608,1142500,587
76561199362913608,1222670,580
76561199362913608,1279510,79
76561199362913608,1409160,103
76561199362913608,1476970,8
76561199362913608,1661270,203
76561199362913608,1712830,7
76561199362913608,1721470,279
76561199362913608,1902490,314
76561199362913608,1961460,179
76561199362913608,1977530,304
76561199362913608,2012840,101
76561199362913608,2021910,55
76561199362913608,2075070,270
76561199362913608,2696480,7
76561199362913608,2709570,141
76561199362913608,2835570,234
76561199362913608,3763830,10
76561199437584070,10,12
76561199437584070,50,1
76561199437584070,70,169
76561199437584070,100,9
76561199437584070,130,1
76561199437584070,220,142
76561199437584070,240,36
76561199437584070,320,28
76561199437584070,400,238
76561199437584070,440,102
76561199437584070,620,343
76561199437584070,730,1668
76561199437584070,4000,6871
76561199437584070,227300,16247
76561199437584070,236390,26
76561199437584070,290930,13
76561199437584070,348250,42
76561199437584070,380600,13
76561199437584070,431960,919
76561199437584070,438100,8811
76561199437584070,447270,13
76561199437584070,450390,14
76561199437584070,457550,87
76561199437584070,471710,517
76561199437584070,611120,50
76561199437584070,613100,1
76561199437584070,635260,302
76561199437584070,645630,8
76561199437584070,953580,548
76561199437584070,963930,177
76561199437584070,1004750,66
76561199437584070,1070580,3
76561199437584070,1238820,13
76561199437584070,1238860,607
76561199437584070,1267540,32
76561199437584070,1328660,841
76561199437584070,1453490,53
76561199437584070,1456200,3
76561199437584070,1462810,169
76561199437584070,1671200,131
76561199437584070,1782210,33
76561199437584070,1815780,11
76561199437584070,1846380,3846
76561199437584070,1953520,122
76561199437584070,1961460,62
76561199437584070,1973530,165
76561199437584070,2012840,17
76561199437584070,2014780,3931
76561199437584070,2077750,106
76561199437584070,2108330,838
76561199437584070,2225070,24
76561199437584070,2709570,141
76561199437584070,2767030,100
76561199437584070,2807960,122
76561199437584070,2951690,7
76561199437584070,3058630,1398
76561199437584070,3061570,78
76561199437584070,3241660,680
76561199437584070,3354750,22
76561199437584070,3478870,53
76561199437584070,3513350,144
76561199437584070,3582450,93
76561199437584070,3595230,25
76561199437584070,4050060,23
76561199437584070,4465480,150
76561199437584070,4508340,892
76561198734942039,400,500
76561198734942039,620,944
76561198734942039,204360,1084
76561198734942039,223710,1600
76561198734942039,238460,54
76561198734942039,401680,123
76561198734942039,714120,345
76561198734942039,960090,6
76561198734942039,1721470,13
76561199379291170,10,100
76561199379291170,70,262
76561199379291170,220,8820
76561199379291170,240,565
76561199379291170,280,259
76561199379291170,320,8
76561199379291170,400,571
76561199379291170,550,9482
76561199379291170,620,3277
76561199379291170,730,4086
76561199379291170,4000,3211
76561199379291170,24240,105
76561199379291170,208650,4852
76561199379291170,218620,371
76561199379291170,286690,1259
76561199379291170,444200,2250
76561199379291170,945360,262
76561199379291170,1089980,1301
76561199379291170,1118200,2465
76561199379291170,1677740,792
76561199379291170,4465480,326
76561198067629039,400,454
76561198067629039,570,113540
76561198067629039,620,612
76561198067629039,1630,46
76561198067629039,1640,608
76561198067629039,3830,1079
76561198067629039,15700,91
76561198067629039,15740,90
76561198067629039,22000,94
76561198067629039,38400,336
76561198067629039,40800,558
76561198067629039,49520,1925
76561198067629039,65930,121
76561198067629039,71340,32
76561198067629039,97330,2641
76561198067629039,107100,1016
76561198067629039,107300,43
76561198067629039,107310,27
76561198067629039,108710,172
76561198067629039,113020,121
76561198067629039,115800,271
76561198067629039,200260,124
76561198067629039,203770,132
76561198067629039,204360,308
76561198067629039,206190,151
76561198067629039,208750,250
76561198067629039,209000,283
76561198067629039,214560,271
76561198067629039,214770,181
76561198067629039,214830,58
76561198067629039,215690,122
76561198067629039,218680,211
76561198067629039,219740,5411
76561198067629039,222730,120
76561198067629039,225260,239
76561198067629039,230270,349
76561198067629039,231160,332
76561198067629039,231430,149
76561198067629039,232050,321
76561198067629039,233130,121
76561198067629039,234650,121
76561198067629039,235210,175
76561198067629039,237930,58
76561198067629039,238320,90
76561198067629039,238960,2462
76561198067629039,239350,91
76561198067629039,240970,112
76561198067629039,241600,2287
76561198067629039,241930,610
76561198067629039,242680,1198
76561198067629039,245390,175
76561198067629039,248820,916
76561198067629039,249050,158
76561198067629039,250760,473
76561198067629039,252610,1215
76561198067629039,253230,427
76561198067629039,254700,1196
76561198067629039,257850,145
76561198067629039,258910,309
76561198067629039,261110,90
76561198067629039,261510,121
76561198067629039,261570,273
76561198067629039,262060,7036
76561198067629039,262470,144
76561198067629039,264710,2840
76561198067629039,265590,151
76561198067629039,268870,293
76561198067629039,274190,711
76561198067629039,275390,1854
76561198067629039,283640,873
76561198067629039,286000,162
76561198067629039,287980,165
76561198067629039,290790,345
76561198067629039,291410,4767
76561198067629039,292030,6819
76561198067629039,300580,660
76561198067629039,304930,68
76561198067629039,305050,90
76561198067629039,308040,125
76561198067629039,311690,2948
76561198067629039,312200,370
76561198067629039,314660,362
76561198067629039,316010,819
76561198067629039,318600,82
76561198067629039,322330,8653
76561198067629039,323580,90
76561198067629039,330020,286
76561198067629039,334210,165
76561198067629039,335670,1800
76561198067629039,340490,158
76561198067629039,343100,161
76561198067629039,360740,988
76561198067629039,364470,10087
76561198067629039,365450,181
76561198067629039,367520,4753
76561198067629039,368230,242
76561198067629039,371200,294
76561198067629039,377840,590
76561198067629039,378540,158
76561198067629039,383230,290
76561198067629039,383270,65
76561198067629039,391720,90
76561198067629039,395170,224
76561198067629039,397060,4022
76561198067629039,398850,426
76561198067629039,400630,211
76561198067629039,409710,114
76561198067629039,410110,362
76561198067629039,413150,19902
76561198067629039,422810,927
76561198067629039,423230,151
76561198067629039,427190,4217
76561198067629039,427520,8304
76561198067629039,428550,359
76561198067629039,431730,401
76561198067629039,435150,693
76561198067629039,437570,118
76561198067629039,439190,152
76561198067629039,445980,485
76561198067629039,446840,439
76561198067629039,452570,144
76561198067629039,457140,2399
76561198067629039,460790,592
76561198067629039,463700,137
76561198067629039,466560,876
76561198067629039,473530,111
76561198067629039,475150,1524
76561198067629039,485510,563
76561198067629039,490220,1629
76561198067629039,491950,107
76561198067629039,493200,121
76561198067629039,496300,2424
76561198067629039,506870,212
76561198067629039,508530,241
76561198067629039,512900,151
76561198067629039,513780,90
76561198067629039,516110,37
76561198067629039,544330,150
76561198067629039,552500,298
76561198067629039,559210,273
76561198067629039,583470,320
76561198067629039,588650,6041
76561198067629039,590380,3593
76561198067629039,597220,1015
76561198067629039,599140,583
76561198067629039,601840,4562
76561198067629039,603960,1792
76561198067629039,606150,285
76561198067629039,607050,2260
76561198067629039,609940,1207
76561198067629039,619280,19
76561198067629039,628770,608
76561198067629039,632360,451
76561198067629039,632470,3961
76561198067629039,646570,37983
76561198067629039,651660,508
76561198067629039,651670,822
76561198067629039,698640,170
76561198067629039,698780,223
76561198067629039,736260,5862
76561198067629039,743390,587
76561198067629039,757320,816
76561198067629039,774361,979
76561198067629039,804010,3055
76561198067629039,814370,801
76561198067629039,848450,1384
76561198067629039,860950,333
76561198067629039,861540,3166
76561198067629039,919220,18
76561198067629039,940680,413
76561198067629039,960690,558
76561198067629039,998740,1116
76561198067629039,1002300,1106
76561198067629039,1030300,3735
76561198067629039,1057800,1077
76561198067629039,1076200,1450
76561198067629039,1102190,5914
76561198067629039,1113000,6840
76561198067629039,1123050,1372
76561198067629039,1145350,795
76561198067629039,1145360,8367
76561198067629039,1196630,1591
76561198067629039,1199030,198
76561198067629039,1218210,3513
76561198067629039,1229240,1322
76561198067629039,1253920,7669
76561198067629039,1265820,581
76561198067629039,1284410,106
76561198067629039,1293170,202
76561198067629039,1347970,130
76561198067629039,1432050,1066
76561198067629039,1450650,331
76561198067629039,1484720,2858
76561198067629039,1578650,153
76561198067629039,1581480,232
76561198067629039,1604030,3370
76561198067629039,1621690,5892
76561198067629039,1637730,1855
76561198067629039,1709050,4345
76561198067629039,1714040,10539
76561198067629039,1734320,1682
76561198067629039,1794680,840
76561198067629039,1932210,112
76561198067629039,1940340,580
76561198067629039,1948280,316
76561198067629039,1970580,1015
76561198067629039,1989270,636
76561198067629039,2062430,1275
76561198067629039,2073250,2257
76561198067629039,2097570,1870
76561198067629039,2171440,1179
76561198067629039,2179850,2844
76561198067629039,2373630,784
76561198067629039,2379780,8519
76561198067629039,2742830,4112
76561198067629039,2868840,9847
76561198067629039,3180070,196
76561198067629039,3373660,826
76561198067629039,3526710,658
76561199404118052,400,17
76561199404118052,620,410
76561199404118052,730,25057
76561199404118052,4000,477
76561199404118052,71250,1698
76561199404118052,71340,769
76561199404118052,94400,67
76561199404118052,105600,6650
76561199404118052,212480,105
76561199404118052,213610,5244
76561199404118052,214510,279
76561199404118052,244210,40
76561199404118052,284160,5916
76561199404118052,322170,2942
76561199404118052,322330,55
76561199404118052,361420,119
76561199404118052,367520,3175
76561199404118052,379720,347
76561199404118052,391540,797
76561199404118052,434170,59
76561199404118052,584400,480
76561199404118052,641990,437
76561199404118052,787860,1460
76561199404118052,920210,228
76561199404118052,945360,3607
76561199404118052,976730,261
76561199404118052,1030300,457
76561199404118052,1172380,295
76561199404118052,1237320,356
76561199404118052,1237950,677
76561199404118052,1551360,4698
76561199404118052,1557740,25
76561199404118052,1714040,264
76561199404118052,2021910,99
76561199404118052,2022670,382
76561199404118052,2225070,386
76561199404118052,2324650,182
76561199404118052,2442020,205
76561199404118052,2483190,3816
76561199404118052,2513280,611
76561199404118052,2767030,278
76561199404118052,2881650,445
76561199404118052,3293010,355
76561199404118052,3354750,1347
76561199404118052,3472040,364
76561199404118052,3527290,2538
76561199404118052,3892270,250
76561199404118052,3949040,315
76561199404118052,4020490,175
76561199404118052,4465480,221
76561199404118052,4704690,190
76561199127966687,10,2
76561199127966687,20,46
76561199127966687,50,1
76561199127966687,70,137
76561199127966687,130,1
76561199127966687,220,13
76561199127966687,240,31
76561199127966687,280,26
76561199127966687,300,1
76561199127966687,400,283
76561199127966687,440,44382
76561199127966687,620,2723
76561199127966687,4000,31677
76561199127966687,105600,3729
76561199127966687,220200,85
76561199127966687,264710,3243
76561199127966687,270370,467
76561199127966687,284160,9430
76561199127966687,285920,1373
76561199127966687,361420,4134
76561199127966687,362890,226
76561199127966687,365670,4580
76561199127966687,387990,79751
76561199127966687,394360,780
76561199127966687,477160,1099
76561199127966687,521890,4
76561199127966687,526870,6586
76561199127966687,552100,275090
76561199127966687,573090,16692
76561199127966687,588030,5739
76561199127966687,648800,206
76561199127966687,671860,1837
76561199127966687,675010,757
76561199127966687,766570,170
76561199127966687,787930,63
76561199127966687,848450,3
76561199127966687,920690,637
76561199127966687,945360,1473
76561199127966687,1062160,21
76561199127966687,1066780,34
76561199127966687,1118200,8568
76561199127966687,1127400,2725
76561199127966687,1167630,6004
76561199127966687,1281930,423
76561199127966687,1284190,28
76561199127966687,1291340,47
76561199127966687,1674170,4558
76561199127966687,1696810,78
76561199127966687,1718870,95
76561199127966687,1764530,225
76561199127966687,1902490,29
76561199127966687,1966720,450
76561199127966687,2012840,140
76561199127966687,2199420,257
76561199127966687,2835570,403
76561199442723717,620,627
76561199442723717,40800,265
76561199442723717,108600,1769
76561199442723717,219150,244
76561199442723717,247080,9
76561199442723717,250900,1479
76561199442723717,268910,198
76561199442723717,274520,954
76561199442723717,322330,773
76561199442723717,365670,411
76561199442723717,413150,421
76561199442723717,420530,74
76561199442723717,504230,840
76561199442723717,524220,257
76561199442723717,782330,170
76561199442723717,1030840,757
76561199442723717,1113000,4449
76561199442723717,1843090,24
76561199442723717,1903340,2283
76561198902455098,70,10
76561198902455098,400,409
76561198902455098,550,362
76561198902455098,620,1453
76561198902455098,17480,16
76561198902455098,48000,160
76561198902455098,105600,2963
76561198902455098,206440,283
76561198902455098,256290,1085
76561198902455098,261570,880
76561198902455098,283640,1661
76561198902455098,288160,141
76561198902455098,289070,4147
76561198902455098,289650,3086
76561198902455098,292030,12278
76561198902455098,295790,309
76561198902455098,304430,395
76561198902455098,313340,63
76561198902455098,322330,2316
76561198902455098,324160,139
76561198902455098,331870,348
76561198902455098,335670,159
76561198902455098,356190,235
76561198902455098,359550,322
76561198902455098,367520,5153
76561198902455098,374320,4957
76561198902455098,384190,232
76561198902455098,386940,253
76561198902455098,387290,1426
76561198902455098,391540,2705
76561198902455098,413150,6120
76561198902455098,418240,2693
76561198902455098,420530,643
76561198902455098,424840,126
76561198902455098,425580,240
76561198902455098,435120,113
76561198902455098,445980,84
76561198902455098,456750,197
76561198902455098,461950,6
76561198902455098,477160,3163
76561198902455098,501300,343
76561198902455098,524220,1764
76561198902455098,532110,353
76561198902455098,553640,232
76561198902455098,568220,442
76561198902455098,572890,799
76561198902455098,601150,49
76561198902455098,621060,228
76561198902455098,632470,3046
76561198902455098,638230,570
76561198902455098,648800,2787
76561198902455098,651490,34
76561198902455098,673750,308
76561198902455098,683320,463
76561198902455098,701160,2739
76561198902455098,702670,173
76561198902455098,714010,55
76561198902455098,742250,261
76561198902455098,744190,333
76561198902455098,753640,2281
76561198902455098,769560,554
76561198902455098,814380,10825
76561198902455098,828740,380
76561198902455098,837470,692
76561198902455098,860510,24
76561198902455098,880940,693
76561198902455098,909080,203
76561198902455098,910460,17
76561198902455098,945360,688
76561198902455098,972660,9
76561198902455098,1030300,10052
76561198902455098,1057090,2246
76561198902455098,1091500,8390
76561198902455098,1145360,1419
76561198902455098,1145960,148
76561198902455098,1147560,592
76561198902455098,1172470,1452
76561198902455098,1174180,8945
76561198902455098,1206610,600
76561198902455098,1210320,201
76561198902455098,1222140,1753
76561198902455098,1237970,612
76561198902455098,1238810,149
76561198902455098,1245620,15535
76561198902455098,1281800,90
76561198902455098,1289310,360
76561198902455098,1292940,479
76561198902455098,1304930,560
76561198902455098,1307580,533
76561198902455098,1325860,832
76561198902455098,1483870,2807
76561198902455098,1504980,1691
76561198902455098,1515210,196
76561198902455098,1568590,2275
76561198902455098,1868140,3176
76561198902455098,1931770,851
76561198902455098,2198150,18
76561198902455098,2291850,145
76561198902455098,2533960,277
76561198902455098,3213850,2016
76561198902455098,3240220,60
76561198902455098,3419430,95678
76561198902455098,3527290,6034
76561198902455098,4704690,453
76561199779951007,220,168
76561199779951007,400,119
76561199779951007,550,11322
76561199779951007,620,539
76561199779951007,730,9097
76561199779951007,12210,9485
76561199779951007,105600,30129
76561199779951007,108600,258
76561199779951007,218620,23
76561199779951007,242760,716
76561199779951007,243470,411
76561199779951007,250900,11230
76561199779951007,264710,7
76561199779951007,271590,4139
76561199779951007,275850,313
76561199779951007,291550,93
76561199779951007,312520,14432
76561199779951007,312530,9
76561199779951007,322170,383
76561199779951007,341940,1127
76561199779951007,356570,26
76561199779951007,360430,83
76561199779951007,362890,281
76561199779951007,384190,30
76561199779951007,412020,18
76561199779951007,413150,7289
76561199779951007,420530,30
76561199779951007,427410,1013
76561199779951007,431960,555
76561199779951007,438100,319
76561199779951007,447040,199
76561199779951007,473950,839
76561199779951007,477160,711
76561199779951007,504230,641
76561199779951007,546560,55
76561199779951007,563560,177
76561199779951007,568220,445
76561199779951007,632360,914
76561199779951007,647960,133
76561199779951007,686060,71
76561199779951007,714010,22
76561199779951007,753640,214
76561199779951007,934700,15
76561199779951007,972660,31
76561199779951007,993090,2883
76561199779951007,1091500,1659
76561199779951007,1139900,7468
76561199779951007,1144200,729
76561199779951007,1172470,939
76561199779951007,1174180,7357
76561199779951007,1222140,1407
76561199779951007,1233570,1797
76561199779951007,1237970,2
76561199779951007,1262350,70
76561199779951007,1262560,149
76561199779951007,1281930,19196
76561199779951007,1326470,653
76561199779951007,1382070,288
76561199779951007,1449560,62
76561199779951007,1546970,9048
76561199779951007,1546990,9000
76561199779951007,1547000,8950
76561199779951007,1568590,115
76561199779951007,1659040,12916
76561199779951007,1749860,209
76561199779951007,1771300,70
76561199779951007,1850570,878
76561199779951007,1943950,1022
76561199779951007,1962700,689
76561199779951007,2012840,18
76561199779951007,2064870,121
76561199779951007,2090390,131
76561199779951007,2138710,1431
76561199779951007,2138720,1236
76561199779951007,2141730,387
76561199779951007,2144740,167
76561199779951007,2358720,7861
76561199779951007,2420660,4
76561199779951007,2445690,32
76561199779951007,2483190,305
76561199779951007,2527500,294
76561199779951007,2644470,522
76561199779951007,2747330,433
76561199779951007,2835530,400
76561199779951007,3064370,130
76561199779951007,3164500,692
76561199779951007,3240220,9800
76561199779951007,3241660,515
76561199779951007,3293010,47
76561199779951007,3314340,281
76561199779951007,3495730,72
76561199779951007,3527290,963
76561199779951007,3539440,39
76561199779951007,3548580,670
76561199779951007,3768760,1095
76561199779951007,3892270,372
76561199779951007,4122860,8
76561199779951007,4704690,447
76561199365885214,70,1037
76561199365885214,220,1543
76561199365885214,400,238
76561199365885214,440,20
76561199365885214,620,441
76561199365885214,730,15136
76561199365885214,4000,311
76561199365885214,17520,349
76561199365885214,223710,65
76561199365885214,225840,2956
76561199365885214,286690,525
76561199365885214,287390,102
76561199365885214,290930,527
76561199365885214,291550,97
76561199365885214,304930,55
76561199365885214,313240,143
76561199365885214,353220,27
76561199365885214,587650,117
76561199365885214,714070,449
76561199365885214,738060,124
76561199365885214,1029550,378
76561199365885214,1302110,84
76561199365885214,1510460,149
76561199365885214,1583720,494
76561199365885214,1607250,517
76561199365885214,1677740,1347
76561199365885214,1782210,79
76561199365885214,1938090,43
76561199365885214,2767030,192
76561199365885214,3354750,14
76561199036842812,70,481
76561199036842812,220,1464
76561199036842812,400,232
76561199036842812,440,5782
76561199036842812,620,1191
76561199036842812,730,88
76561199036842812,4000,12417
76561199036842812,22300,1
76561199036842812,22380,583
76561199036842812,39000,18
76561199036842812,211500,12
76561199036842812,219150,62
76561199036842812,220200,5962
76561199036842812,232770,27
76561199036842812,236390,187
76561199036842812,248570,109
76561199036842812,264710,4161
76561199036842812,291550,18
76561199036842812,304930,60
76561199036842812,359550,52
76561199036842812,377160,10860
76561199036842812,387990,5011
76561199036842812,410900,730
76561199036842812,433340,3935
76561199036842812,450390,31
76561199036842812,461040,20
76561199036842812,471710,259
76561199036842812,497730,266
76561199036842812,518920,44
76561199036842812,582500,85
76561199036842812,585420,411
76561199036842812,588430,284
76561199036842812,589870,232
76561199036842812,591740,11
76561199036842812,613100,7
76561199036842812,666220,29
76561199036842812,667530,29
76561199036842812,670500,84
76561199036842812,816210,31
76561199036842812,823130,263
76561199036842812,843380,65
76561199036842812,868020,18
76561199036842812,871720,99
76561199036842812,980940,81
76561199036842812,1086640,301
76561199036842812,1118200,30428
76561199036842812,1151340,1682
76561199036842812,1174180,11260
76561199036842812,1222670,58
76561199036842812,1241100,34
76561199036842812,1279510,17
76561199036842812,1280770,213
76561199036842812,1366290,85
76561199036842812,1381650,374
76561199036842812,1408720,26
76561199036842812,1409160,435
76561199036842812,1419170,236
76561199036842812,1424330,2320
76561199036842812,1485080,13
76561199036842812,1545450,243
76561199036842812,1625450,151
76561199036842812,1677740,59
76561199036842812,1708150,68
76561199036842812,1712830,806
76561199036842812,1718870,4022
76561199036842812,1721470,132
76561199036842812,1818750,117
76561199036842812,1902490,57
76561199036842812,1911390,50
76561199036842812,1938090,41
76561199036842812,1949740,14
76561199036842812,1977530,423
76561199036842812,2021910,329
76561199036842812,2022330,30
76561199036842812,2073850,76
76561199036842812,2085540,98
76561199036842812,2085560,1118
76561199036842812,2134320,84
76561199036842812,2179380,701
76561199036842812,2231450,1289
76561199036842812,2232840,10
76561199036842812,2239140,171
76561199036842812,2250040,67
76561199036842812,2353760,203
76561199036842812,2381620,72
76561199036842812,2383860,71
76561199036842812,2551020,1001
76561199036842812,2709570,39
76561199036842812,2832330,11
76561199036842812,2835570,88
76561199036842812,2878410,7
76561199036842812,2881650,942
76561199036842812,3527290,422
76561198743664500,620,517
76561198743664500,730,11479
76561198743664500,231120,26
76561198743664500,322170,920
76561198743664500,365670,147
76561198743664500,578080,112
76561198743664500,1172470,25
76561198743664500,1280770,23
76561198743664500,3527290,50
76561198743664500,4355340,21
76561198743664500,4465480,42
76561199829157304,620,1228
76561199829157304,730,1921
76561199829157304,105600,5516
76561199829157304,242760,557
76561199829157304,601360,18
76561199829157304,1184160,5
76561199829157304,1224230,40
76561199829157304,1281930,115
76561199829157304,2709570,157
76561199829157304,2835570,212
76561199829157304,3064370,20
76561199829157304,3241660,2015
76561199829157304,3564740,20
76561198079201794,10,3488
76561198079201794,70,57
76561198079201794,80,372
76561198079201794,100,31
76561198079201794,220,345
76561198079201794,240,183
76561198079201794,320,87
76561198079201794,400,220
76561198079201794,440,501
76561198079201794,620,4252
76561198079201794,730,67395
76561198079201794,3480,42
76561198079201794,3590,320
76561198079201794,4000,316
76561198079201794,8930,775
76561198079201794,21130,30
76561198079201794,32440,1373
76561198079201794,78000,5
76561198079201794,218620,378
76561198079201794,230410,47
76561198079201794,236390,1502
76561198079201794,243470,2484
76561198079201794,257510,98
76561198079201794,268910,771
76561198079201794,271590,20571
76561198079201794,274190,1726
76561198079201794,288470,69
76561198079201794,312660,872
76561198079201794,319510,164
76561198079201794,322170,180
76561198079201794,323190,851
76561198079201794,325260,275
76561198079201794,327030,790
76561198079201794,344740,7
76561198079201794,365590,662
76561198079201794,373930,597
76561198079201794,377160,1926
76561198079201794,382140,5
76561198079201794,386180,1996
76561198079201794,386940,4216
76561198079201794,389730,53
76561198079201794,391540,17
76561198079201794,397540,149
76561198079201794,427730,97
76561198079201794,431240,856
76561198079201794,431960,2495
76561198079201794,438100,189
76561198079201794,438640,183
76561198079201794,469820,165
76561198079201794,489830,324
76561198079201794,504370,32
76561198079201794,518790,191
76561198079201794,521890,150
76561198079201794,563560,539
76561198079201794,578080,472
76561198079201794,583760,2
76561198079201794,585420,5322
76561198079201794,588430,10
76561198079201794,601360,14
76561198079201794,613100,329
76561198079201794,622370,4
76561198079201794,629520,258
76561198079201794,645630,178
76561198079201794,646910,69
76561198079201794,648800,1294
76561198079201794,666220,89
76561198079201794,698780,31
76561198079201794,704270,4106
76561198079201794,704850,135
76561198079201794,714010,249
76561198079201794,731040,64
76561198079201794,739630,2257
76561198079201794,747660,1640
76561198079201794,791930,37
76561198079201794,859570,665
76561198079201794,871720,23
76561198079201794,897450,574
76561198079201794,920210,1578
76561198079201794,945360,2990
76561198079201794,960090,276
76561198079201794,969990,752
76561198079201794,979690,634
76561198079201794,1010860,22
76561198079201794,1016920,219
76561198079201794,1053680,218
76561198079201794,1055540,45
76561198079201794,1091500,1893
76561198079201794,1104450,88
76561198079201794,1119730,452
76561198079201794,1124300,936
76561198079201794,1144200,1077
76561198079201794,1172380,560
76561198079201794,1172470,4617
76561198079201794,1184160,13
76561198079201794,1211020,4460
76561198079201794,1222140,87
76561198079201794,1222670,173
76561198079201794,1222680,106
76561198079201794,1237950,1242
76561198079201794,1238820,636
76561198079201794,1238860,1374
76561198079201794,1245620,59
76561198079201794,1262240,612
76561198079201794,1272080,674
76561198079201794,1282100,518
76561198079201794,1301720,11
76561198079201794,1304930,2587
76561198079201794,1326470,989
76561198079201794,1329500,348
76561198079201794,1364390,71
76561198079201794,1392860,650
76561198079201794,1408720,18
76561198079201794,1419170,14
76561198079201794,1445790,266
76561198079201794,1485080,72
76561198079201794,1491000,55
76561198079201794,1515950,121
76561198079201794,1517290,391
76561198079201794,1593500,81
76561198079201794,1677740,417
76561198079201794,1712830,40
76561198079201794,1721470,490
76561198079201794,1796470,412
76561198079201794,1817190,544
76561198079201794,1888930,1839
76561198079201794,1902490,121
76561198079201794,1922560,366
76561198079201794,1924430,76
76561198079201794,1928870,793
76561198079201794,1938090,8021
76561198079201794,1942280,782
76561198079201794,1961460,317
76561198079201794,1977530,77
76561198079201794,1987080,278
76561198079201794,2012840,82
76561198079201794,2051620,34
76561198079201794,2073620,53
76561198079201794,2073850,3375
76561198079201794,2250040,293
76561198079201794,2531310,2288
76561198079201794,2551020,120
76561198079201794,2682580,873
76561198079201794,2709570,128
76561198079201794,2767030,130
76561198079201794,2807960,67
76561198079201794,2835570,100
76561198079201794,2881650,1088
76561198079201794,2918300,146
76561198079201794,3240220,8507
76561198079201794,3314790,181
76561198079201794,3354750,31
76561198079201794,3478870,154
76561198079201794,3527290,1428
76561198079201794,4465480,183
76561198079201794,4704690,120
76561199864592327,400,438
76561199864592327,620,589
76561199864592327,730,850
76561199864592327,6860,27
76561199864592327,203140,1126
76561199864592327,205930,12
76561199864592327,220240,136
76561199864592327,239140,234
76561199864592327,292030,158
76561199864592327,391220,122
76561199864592327,420740,129
76561199864592327,424840,2
76561199864592327,518790,3795
76561199864592327,559650,316
76561199864592327,578080,6293
76561199864592327,704850,241
76561199864592327,714210,36
76561199864592327,862740,6
76561199864592327,1030840,1688
76561199864592327,1119730,77
76561199864592327,1222140,911
76561199864592327,1568590,9
76561199864592327,1677740,94
76561199864592327,2149010,78
76561199864592327,3678970,1126
76561199761815865,70,98
76561199761815865,220,571
76561199761815865,320,63
76561199761815865,400,125
76561199761815865,550,172
76561199761815865,620,496
76561199761815865,730,4224
76561199761815865,17520,20
76561199761815865,204360,75
76561199761815865,223470,418
76561199761815865,223710,35
76561199761815865,223750,61
76561199761815865,236390,309
76561199761815865,238460,13
76561199761815865,250900,362
76561199761815865,252490,5672
76561199761815865,262410,41
76561199761815865,291550,544
76561199761815865,326360,17
76561199761815865,332950,11
76561199761815865,346900,63
76561199761815865,385770,76
76561199761815865,431240,48
76561199761815865,459820,31
76561199761815865,513000,475
76561199761815865,552390,28
76561199761815865,578080,46
76561199761815865,581660,278
76561199761815865,588430,33
76561199761815865,599140,2
76561199761815865,613100,87
76561199761815865,645260,878
76561199761815865,666220,9
76561199761815865,734750,9
76561199761815865,766570,913
76561199761815865,787790,8
76561199761815865,822240,12
76561199761815865,823130,22
76561199761815865,1046930,265
76561199761815865,1053710,1
76561199761815865,1118200,520
76561199761815865,1258080,74
76561199761815865,1280770,25
76561199761815865,1282270,958
76561199761815865,1292630,13
76561199761815865,1456200,1
76561199761815865,1568590,18
76561199761815865,1665460,189
76561199761815865,1721470,20
76561199761815865,1818450,29
76561199761815865,1942280,348
76561199761815865,1961460,88
76561199761815865,2141730,576
76561199761815865,2623090,6
76561199761815865,2918150,38
76561199761815865,2976910,138
76561199761815865,3037410,142
76561199761815865,3127280,8
76561199761815865,3144950,1
76561199761815865,3199170,117
76561199761815865,3664010,20
76561199761815865,3983810,7
76561199761815865,4465480,149
76561199790173584,400,328
76561199790173584,620,222
76561199790173584,730,553
76561199790173584,4000,360
76561199790173584,104600,3
76561199790173584,322170,150
76561199790173584,508440,36
76561199790173584,555750,6
76561199790173584,634150,1
76561199790173584,640700,86
76561199790173584,700330,70
76561199790173584,1269500,42
76561199790173584,1721470,835
76561199790173584,1818450,215
76561199790173584,2835570,2
76561199790173584,3144950,2
76561199790173584,3889960,20
76561199103668866,10,231
76561199103668866,220,1080
76561199103668866,400,347
76561199103668866,440,3978
76561199103668866,550,253
76561199103668866,620,7009
76561199103668866,730,2475
76561199103668866,4000,33905
76561199103668866,33100,2575
76561199103668866,211500,11
76561199103668866,218620,447
76561199103668866,224260,22
76561199103668866,227300,11363
76561199103668866,236390,2956
76561199103668866,256330,360
76561199103668866,270850,14
76561199103668866,270880,1107
76561199103668866,304930,175
76561199103668866,322170,7833
76561199103668866,331470,31
76561199103668866,387990,1390
76561199103668866,424840,4707
76561199103668866,444200,6646
76561199103668866,493490,695
76561199103668866,516750,15178
76561199103668866,527450,4760
76561199103668866,578080,14
76561199103668866,673660,1
76561199103668866,675010,2734
76561199103668866,739630,3375
76561199103668866,752590,956
76561199103668866,796130,2
76561199103668866,871720,43
76561199103668866,945360,8131
76561199103668866,1118200,9297
76561199103668866,1180380,4793
76561199103668866,1280770,18
76561199103668866,1364390,65
76561199103668866,1421250,5882
76561199103668866,1469280,2616
76561199103668866,1533390,2
76561199103668866,1625450,304
76561199103668866,1712830,117
76561199103668866,1721470,148
76561199103668866,1782210,115
76561199103668866,1977530,252
76561199103668866,2075070,261
76561199103668866,2709570,31
76561198208272697,400,174
76561198208272697,620,951
76561198208272697,3300,45
76561198208272697,3590,1929
76561198208272697,78000,126
76561198208272697,219150,22
76561198208272697,222440,2493
76561198208272697,222940,2126
76561198208272697,236430,19156
76561198208272697,239030,399
76561198208272697,245170,2510
76561198208272697,250900,231
76561198208272697,253750,2125
76561198208272697,262060,1728
76561198208272697,264710,6761
76561198208272697,268850,23346
76561198208272697,271590,318
76561198208272697,286690,37
76561198208272697,307780,3936
76561198208272697,310950,20510
76561198208272697,311690,112
76561198208272697,312520,5116
76561198208272697,335300,54
76561198208272697,335670,3846
76561198208272697,348550,11356
76561198208272697,357190,309
76561198208272697,365670,51
76561198208272697,367520,2554
76561198208272697,374320,7437
76561198208272697,383980,213
76561198208272697,390560,99
76561198208272697,391540,453
76561198208272697,397740,181
76561198208272697,413150,863
76561198208272697,427520,4875
76561198208272697,435150,17764
76561198208272697,447530,103
76561198208272697,453480,31565
76561198208272697,457140,5702
76561198208272697,460950,1040
76561198208272697,477160,132
76561198208272697,504230,3397
76561198208272697,519860,45
76561198208272697,524220,5825
76561198208272697,528230,54
76561198208272697,548430,688
76561198208272697,553310,38
76561198208272697,553420,1199
76561198208272697,570940,925
76561198208272697,577690,58
76561198208272697,586140,2354
76561198208272697,588730,191
76561198208272697,595500,482
76561198208272697,601510,35072
76561198208272697,611500,5043
76561198208272697,632360,4615
76561198208272697,632470,64
76561198208272697,646570,1440
76561198208272697,650700,278
76561198208272697,658850,365
76561198208272697,684200,59
76561198208272697,686060,4490
76561198208272697,698780,487
76561198208272697,702670,101
76561198208272697,719750,922
76561198208272697,774171,637
76561198208272697,774361,73
76561198208272697,782330,1000
76561198208272697,813230,528
76561198208272697,814370,9898
76561198208272697,814540,383
76561198208272697,817510,124
76561198208272697,881100,22403
76561198208272697,892970,58
76561198208272697,914710,136
76561198208272697,916730,391
76561198208272697,940680,67
76561198208272697,945360,739
76561198208272697,953490,424
76561198208272697,972660,2789
76561198208272697,975680,94
76561198208272697,976310,839
76561198208272697,977950,45
76561198208272697,985890,410
76561198208272697,1002300,2124
76561198208272697,1030300,9302
76561198208272697,1043180,78
76561198208272697,1059990,62
76561198208272697,1061090,66
76561198208272697,1079200,124
76561198208272697,1086940,43021
76561198208272697,1092790,757
76561198208272697,1097150,336
76561198208272697,1102190,997
76561198208272697,1123450,532
76561198208272697,1145360,319
76561198208272697,1150690,282
76561198208272697,1174180,12
76561198208272697,1245620,40527
76561198208272697,1250440,153
76561198208272697,1262350,115
76561198208272697,1281930,5294
76561198208272697,1282730,2711
76561198208272697,1289310,70
76561198208272697,1308380,401
76561198208272697,1313140,2274
76561198208272697,1353230,344
76561198208272697,1364780,37076
76561198208272697,1372280,1425
76561198208272697,1374970,30
76561198208272697,1384160,903
76561198208272697,1422450,34
76561198208272697,1449850,23405
76561198208272697,1454400,179
76561198208272697,1562430,467
76561198208272697,1621690,9170
76561198208272697,1637320,391
76561198208272697,1658150,1059
76561198208272697,1671210,751
76561198208272697,1703340,186
76561198208272697,1772830,279
76561198208272697,1794680,581
76561198208272697,1809540,206
76561198208272697,1818750,27
76561198208272697,1846170,95
76561198208272697,1864950,2898
76561198208272697,1895350,1384
76561198208272697,1940340,887
76561198208272697,1948280,328
76561198208272697,1964040,74
76561198208272697,1970580,3168
76561198208272697,1971870,1716
76561198208272697,1975580,232
76561198208272697,1989270,106
76561198208272697,2012840,39
76561198208272697,2134320,94
76561198208272697,2141910,680
76561198208272697,2171440,6190
76561198208272697,2217000,12241
76561198208272697,2231450,1127
76561198208272697,2252680,373
76561198208272697,2288470,1179
76561198208272697,2357570,3098
76561198208272697,2365810,119
76561198208272697,2870350,2847
76561198208272697,2925510,73
76561198208272697,2985610,280
76561198208272697,3146520,63
76561198208272697,3241660,305
76561198208272697,3243190,170
76561198208272697,3373660,4605
76561198208272697,3527290,7372
76561198208272697,3589100,46
76561198208272697,4576510,1109
76561199861637002,550,3085
76561199861637002,620,287
76561199861637002,4000,378
76561199861637002,105600,223
76561199861637002,113200,1442
76561199861637002,204360,55
76561199861637002,242760,853
76561199861637002,249130,1054
76561199861637002,250900,3104
76561199861637002,264710,2732
76561199861637002,322170,1351
76561199861637002,461040,43
76561199861637002,506610,79
76561199861637002,550010,62
76561199861637002,581660,372
76561199861637002,738060,44
76561199861637002,1281930,120
76561199861637002,1625450,2883
76561199861637002,1721470,33
76561199861637002,1782210,566
76561199861637002,1977530,105
76561199861637002,2149010,233
76561199861637002,2551020,126
76561199861637002,3981100,242
76561198698268684,620,578
76561198698268684,244210,1
76561198698268684,322330,22
76561198698268684,447040,38
76561198698268684,578080,18
76561198698268684,621830,135
76561198698268684,945360,30
76561198698268684,1267540,58
76561198698268684,1943950,146
76561198698268684,2234150,107
76561198698268684,2507950,45
76561198698268684,2709570,81
76561198698268684,2835570,321
76561198722267029,620,188
76561198722267029,730,110
76561198722267029,246620,81
76561198722267029,324810,65
76561198722267029,645630,82
76561198722267029,1127400,330
76561198722267029,1282270,10
76561198722267029,1325860,365
76561198722267029,2064650,143
76561198722267029,2073620,4424
76561198722267029,2074920,3749
76561198722267029,2756830,9
76561198722267029,2835570,33
76561198722267029,3861430,1826
76561198722267029,4147920,24
76561199508593287,220,7
76561199508593287,240,59
76561199508593287,550,712
76561199508593287,620,64
76561199508593287,730,21301
76561199508593287,105600,17633
76561199508593287,108600,36265
76561199508593287,236390,545
76561199508593287,242760,4571
76561199508593287,243470,6
76561199508593287,244210,943
76561199508593287,252490,189
76561199508593287,256330,38
76561199508593287,271590,8504
76561199508593287,280680,5587
76561199508593287,291550,349
76561199508593287,305620,15
76561199508593287,311690,46
76561199508593287,322170,184
76561199508593287,359550,5056
76561199508593287,367520,153
76561199508593287,431960,1840
76561199508593287,438100,612
76561199508593287,438640,59
76561199508593287,454650,473
76561199508593287,471710,22
76561199508593287,635260,482
76561199508593287,714010,1924
76561199508593287,739630,300
76561199508593287,824270,1164
76561199508593287,960090,4367
76561199508593287,960990,56
76561199508593287,1029550,19
76561199508593287,1064610,17
76561199508593287,1070580,33
76561199508593287,1172470,89
76561199508593287,1174180,21
76561199508593287,1208260,10
76561199508593287,1222700,377
76561199508593287,1262560,76
76561199508593287,1262580,855
76561199508593287,1281930,14862
76561199508593287,1326470,154
76561199508593287,1366800,13748
76561199508593287,1454400,31
76561199508593287,1659420,301
76561199508593287,1677740,15
76561199508593287,1782210,11
76561199508593287,1849000,63
76561199508593287,1938090,1118
76561199508593287,1966720,372
76561199508593287,1977530,246
76561199508593287,2003310,23
76561199508593287,2073850,30
76561199508593287,2250040,729
76561199508593287,2305790,39
76561199508593287,2306590,12
76561199508593287,2357570,106
76561199508593287,2378900,424
76561199508593287,2483190,779
76561199508593287,2484110,16
76561199508593287,2524890,22
76561199508593287,2551020,205
76561199508593287,2567870,116
76561199508593287,2641470,40
76561199508593287,2709570,337
76561199508593287,3240220,9510
76561199508593287,3354750,29
76561199508593287,3419430,139
76561199508593287,3472040,743
76561199508593287,3716600,6
76561199790956354,400,140
76561199790956354,620,565
76561199790956354,730,607
76561199790956354,3620,62
76561199790956354,236390,16
76561199790956354,250900,205
76561199790956354,287980,127
76561199790956354,304930,36
76561199790956354,322170,2047
76561199790956354,397950,400
76561199790956354,477160,734
76561199790956354,508440,128
76561199790956354,552100,2900
76561199790956354,613100,16
76561199790956354,641320,483
76561199790956354,684410,274
76561199790956354,687540,37
76561199790956354,977400,33
76561199790956354,1091920,359
76561199790956354,1118200,1678
76561199790956354,1127500,126
76561199790956354,1942280,383
76561199790956354,2141730,52
76561199790956354,2792610,10
76561199790956354,2923300,21
76561199790956354,3035120,403
76561199790956354,3144950,1
76561199790956354,3419430,119
76561199790956354,3618390,29
76561199790956354,3664820,73
76561199790956354,3747250,19
76561199189774256,220,428
76561199189774256,320,1
76561199189774256,400,310
76561199189774256,620,565
76561199189774256,230410,72
76561199189774256,291550,22
76561199189774256,332950,15
76561199189774256,471710,264
76561199189774256,489630,7
76561199189774256,613100,7
76561199189774256,1092730,240
76561199189774256,1096710,134
76561199189774256,1229490,8692
76561199189774256,1237970,626
76561199189774256,1343400,16
76561199189774256,1364960,48
76561199189774256,1607250,82
76561199189774256,1634080,140
76561199189774256,1672970,510
76561199189774256,1677740,55
76561199189774256,1721470,102
76561199189774256,1815780,270
76561199189774256,1961460,41
76561199189774256,2353760,235
76561199189774256,2357570,178
76561199189774256,2399830,4052
76561199189774256,2719940,70
76561199189774256,3300410,84
76561199375671370,620,412
76561199375671370,3590,5
76561199375671370,4000,559
76561199375671370,105600,2079
76561199375671370,108600,1873
76561199375671370,204360,323
76561199375671370,221100,134
76561199375671370,242760,198
76561199375671370,311210,18
76561199375671370,322170,467
76561199375671370,331670,8
76561199375671370,381210,3800
76561199375671370,386940,123
76561199375671370,397460,38
76561199375671370,424840,1
76561199375671370,431240,193
76561199375671370,431960,373
76561199375671370,434170,116
76561199375671370,438100,56
76561199375671370,610180,1
76561199375671370,648800,3272
76561199375671370,674940,35
76561199375671370,711810,43
76561199375671370,774461,8
76561199375671370,774801,942
76561199375671370,851850,2
76561199375671370,860510,167
76561199375671370,1005300,71
76561199375671370,1011610,23
76561199375671370,1017180,119
76561199375671370,1172620,345
76561199375671370,1229490,335
76561199375671370,1237950,182
76561199375671370,1245620,804
76561199375671370,1281930,66
76561199375671370,1382070,34
76561199375671370,1485080,192
76561199375671370,1533390,8
76561199375671370,1551360,104
76561199375671370,1557740,1340
76561199375671370,1625450,265
76561199375671370,1677740,35
76561199375671370,1682050,141
76561199375671370,1703340,200
76561199375671370,1790600,122
76561199375671370,1808500,1391
76561199375671370,1818750,14
76561199375671370,1933700,197
76561199375671370,1943950,26
76561199375671370,1966720,2307
76561199375671370,1999360,31
76561199375671370,2021910,88
76561199375671370,2212330,276
76561199375671370,2239140,62
76561199375671370,2318480,413
76561199375671370,2524890,140
76561199375671370,2828500,381
76561199375671370,2881650,1190
76561199375671370,3164500,340
76561199375671370,3241660,1736
76561199375671370,3364070,64
76561199375671370,3400930,163
76561199375671370,3527290,1010
76561199375671370,3716600,134
76561199375671370,4704690,528
76561199582998630,220,213
76561199582998630,400,242
76561199582998630,620,1138
76561199582998630,730,6078
76561199582998630,21000,35
76561199582998630,35140,77
76561199582998630,48000,317
76561199582998630,105600,2499
76561199582998630,203160,867
76561199582998630,210970,24
76561199582998630,218620,128
76561199582998630,220200,1857
76561199582998630,223850,202
76561199582998630,227300,12
76561199582998630,242760,33
76561199582998630,243470,183
76561199582998630,250900,1
76561199582998630,268910,340
76561199582998630,271590,3667
76561199582998630,275850,37
76561199582998630,285900,112
76561199582998630,289070,12413
76561199582998630,292030,363
76561199582998630,306130,95
76561199582998630,322330,253
76561199582998630,332950,487
76561199582998630,341800,423
76561199582998630,349040,1674
76561199582998630,357190,63
76561199582998630,359550,587
76561199582998630,377160,77
76561199582998630,383980,77
76561199582998630,386940,5207
76561199582998630,387290,52
76561199582998630,391540,131
76561199582998630,397540,137
76561199582998630,413150,4106
76561199582998630,413410,76
76561199582998630,413420,2227
76561199582998630,424840,6
76561199582998630,427730,2
76561199582998630,431960,2542
76561199582998630,448510,92
76561199582998630,461040,55
76561199582998630,473950,208
76561199582998630,477160,1012
76561199582998630,489830,130
76561199582998630,504230,2452
76561199582998630,508440,1474
76561199582998630,552520,14
76561199582998630,555950,24
76561199582998630,578080,728
76561199582998630,588430,8
76561199582998630,613100,30
76561199582998630,621060,191
76561199582998630,632470,77
76561199582998630,641990,537
76561199582998630,648800,2091
76561199582998630,670290,69
76561199582998630,674940,247
76561199582998630,704850,348
76561199582998630,728880,200
76561199582998630,774171,757
76561199582998630,812140,112
76561199582998630,870780,32
76561199582998630,877280,302
76561199582998630,905340,205
76561199582998630,911400,51
76561199582998630,945360,456
76561199582998630,952040,38
76561199582998630,976310,224
76561199582998630,977950,2762
76561199582998630,990080,842
76561199582998630,993090,2383
76561199582998630,1016920,95
76561199582998630,1030840,80
76561199582998630,1062520,2379
76561199582998630,1080020,48
76561199582998630,1089980,276
76561199582998630,1091500,1780
76561199582998630,1092790,179
76561199582998630,1096710,68
76561199582998630,1172470,17
76561199582998630,1174180,71
76561199582998630,1222140,1160
76561199582998630,1222700,225
76561199582998630,1227690,16
76561199582998630,1237970,460
76561199582998630,1238810,186
76561199582998630,1260320,145
76561199582998630,1262240,284
76561199582998630,1281930,51
76561199582998630,1291340,21
76561199582998630,1293830,1997
76561199582998630,1361320,3
76561199582998630,1371720,143
76561199582998630,1384160,219
76561199582998630,1422450,15
76561199582998630,1475810,16
76561199582998630,1483870,391
76561199582998630,1657630,404
76561199582998630,1659040,2109
76561199582998630,1721470,57
76561199582998630,1749860,16
76561199582998630,1922560,203
76561199582998630,1927720,2
76561199582998630,1943950,115
76561199582998630,2138710,1183
76561199582998630,2190220,105
76561199582998630,2290180,43
76561199582998630,2527500,30
76561199582998630,2677470,15
76561199582998630,2709570,39
76561199582998630,2721890,104
76561199582998630,2826180,2724
76561199582998630,3164500,325
76561199582998630,3213850,80
76561199582998630,3240220,3071
76561199582998630,3308560,10
76561199582998630,3527290,180
76561199582998630,3548580,35
76561199582998630,4597250,216
76561198249570110,10,11
76561198249570110,220,107
76561198249570110,400,276
76561198249570110,620,548
76561198249570110,2270,27
76561198249570110,2280,25
76561198249570110,3480,19
76561198249570110,6910,3
76561198249570110,7670,53
76561198249570110,13500,15
76561198249570110,13600,143
76561198249570110,15130,218
76561198249570110,17470,25
76561198249570110,19680,850
76561198249570110,19980,52
76561198249570110,21690,452
76561198249570110,33320,691
76561198249570110,38400,96
76561198249570110,39140,86
76561198249570110,39160,362
76561198249570110,39190,5885
76561198249570110,39200,8154
76561198249570110,48000,455
76561198249570110,107100,15
76561198249570110,203160,963
76561198249570110,207610,814
76561198249570110,208200,195
76561198249570110,210970,119
76561198249570110,213670,55
76561198249570110,214490,53
76561198249570110,221040,418
76561198249570110,221380,81
76561198249570110,222480,344
76561198249570110,227600,38
76561198249570110,234080,12
76561198249570110,238210,44
76561198249570110,239030,41
76561198249570110,254700,27
76561198249570110,288160,124
76561198249570110,304430,122
76561198249570110,319510,17
76561198249570110,322170,255
76561198249570110,329050,119
76561198249570110,391540,21
76561198249570110,394160,4
76561198249570110,403410,5
76561198249570110,431960,1299
76561198249570110,466300,43
76561198249570110,468160,15
76561198249570110,470220,7329
76561198249570110,487580,75
76561198249570110,489830,103
76561198249570110,504230,374
76561198249570110,516480,19
76561198249570110,518060,68
76561198249570110,540840,163
76561198249570110,631510,35
76561198249570110,638230,109
76561198249570110,650700,19
76561198249570110,680310,808
76561198249570110,683320,255
76561198249570110,684410,198
76561198249570110,698780,357
76561198249570110,774171,25
76561198249570110,794800,235
76561198249570110,945360,252
76561198249570110,952060,202
76561198249570110,961620,33
76561198249570110,969990,50
76561198249570110,976730,46
76561198249570110,1145360,14
76561198249570110,1449850,35
76561198249570110,1546990,1
76561198249570110,2379780,20615
76561198249570110,4249100,629
76561199247350187,550,9
76561199247350187,620,859
76561199247350187,4000,3637
76561199247350187,113200,6
76561199247350187,204360,798
76561199247350187,221680,74
76561199247350187,235900,1
76561199247350187,238460,306
76561199247350187,250900,12512
76561199247350187,268910,1832
76561199247350187,291550,57
76561199247350187,319630,41
76561199247350187,322170,2063
76561199247350187,322330,51
76561199247350187,365670,38
76561199247350187,427920,297
76561199247350187,438100,161
76561199247350187,471710,11
76561199247350187,478960,96
76561199247350187,728880,100
76561199247350187,831590,8
76561199247350187,843380,117
76561199247350187,871720,9
76561199247350187,992490,9
76561199247350187,1118200,498
76561199247350187,1276390,199
76561199247350187,1366950,72
76561199247350187,1533390,221
76561199247350187,1677740,303
76561199247350187,1818750,55
76561199247350187,1919460,201
76561199247350187,1922560,409
76561199247350187,2524890,498
76561199247350187,2834910,286
76561199528241120,70,991
76561199528241120,220,219
76561199528241120,400,1047
76561199528241120,500,28
76561199528241120,550,503
76561199528241120,620,2448
76561199528241120,4000,14
76561199528241120,6900,22
76561199528241120,12200,12
76561199528241120,19680,195
76561199528241120,21000,366
76561199528241120,21010,68
76561199528241120,21030,3
76561199528241120,29900,13
76561199528241120,49520,962
76561199528241120,105600,124
76561199528241120,108710,9
76561199528241120,204360,305
76561199528241120,207610,82
76561199528241120,209000,2126
76561199528241120,213610,2800
76561199528241120,220440,6383
76561199528241120,235460,8197
76561199528241120,238320,661
76561199528241120,242700,304
76561199528241120,242760,1525
76561199528241120,245170,281
76561199528241120,254700,359
76561199528241120,265930,226
76561199528241120,267490,30
76561199528241120,268910,6924
76561199528241120,286690,906
76561199528241120,287390,683
76561199528241120,292120,23
76561199528241120,311730,229
76561199528241120,329050,2441
76561199528241120,349040,1352
76561199528241120,356570,192
76561199528241120,357190,212
76561199528241120,367520,191
76561199528241120,391540,4759
76561199528241120,404790,138
76561199528241120,412020,133
76561199528241120,414700,875
76561199528241120,431240,970
76561199528241120,448510,218
76561199528241120,452510,1196
76561199528241120,504230,1984
76561199528241120,601150,3590
76561199528241120,601360,662
76561199528241120,631510,5216
76561199528241120,738060,13
76561199528241120,871720,109
76561199528241120,945360,1222
76561199528241120,1063660,490
76561199528241120,1168280,23
76561199528241120,1170880,9
76561199528241120,1237320,2502
76561199528241120,1352080,8
76561199528241120,1369760,20
76561199528241120,1472560,385
76561199528241120,1515950,6
76561199528241120,1580780,657
76561199528241120,1580790,3
76561199528241120,1607250,51
76561199528241120,1677740,498
76561199528241120,1690940,47
76561199528241120,1721470,26
76561199528241120,1812280,11
76561199528241120,1997680,86
76561199528241120,2371630,24
76561199528241120,2835570,33
76561199528241120,3324650,30
76561199528241120,3399950,3
76561199528241120,4025700,7
76561199190946882,10,4
76561199190946882,80,58
76561199190946882,220,386
76561199190946882,240,87
76561199190946882,300,51
76561199190946882,400,31
76561199190946882,440,25295
76561199190946882,550,66
76561199190946882,620,292
76561199190946882,730,20331
76561199190946882,4000,87307
76561199190946882,17520,26
76561199190946882,218620,239
76561199190946882,236390,398
76561199190946882,242760,421
76561199190946882,252490,894
76561199190946882,304930,756
76561199190946882,307950,10
76561199190946882,365670,18
76561199190946882,400040,27
76561199190946882,471710,275
76561199190946882,508440,4823
76561199190946882,602770,10
76561199190946882,636480,5678
76561199190946882,700330,3753
76561199190946882,767560,67
76561199190946882,871720,631
76561199190946882,945360,15235
76561199190946882,1118200,49
76561199190946882,1280770,154
76561199190946882,1456200,1
76561199190946882,1782210,11
76561199190946882,1818450,287
76561199190946882,1977530,505
76561199190946882,2085560,73
76561199190946882,2231300,838
76561199190946882,2475460,365
76561199190946882,2551020,2558
76561199190946882,2587450,190
76561199190946882,2709570,4092
76561199190946882,2719940,468
76561199190946882,2835570,319
76561199190946882,2881650,64
76561199190946882,3064370,447
76561199190946882,3070520,106
76561199190946882,3241660,773
76561199190946882,3527290,345
76561199190946882,4031500,28
76561199190946882,4465480,30
76561198807861778,10,17
76561198807861778,30,4
76561198807861778,50,54
76561198807861778,70,1087
76561198807861778,80,1478
76561198807861778,100,30
76561198807861778,130,23
76561198807861778,220,7
76561198807861778,240,5
76561198807861778,400,128
76561198807861778,500,20
76561198807861778,550,3293
76561198807861778,570,10
76561198807861778,620,5264
76561198807861778,730,28349
76561198807861778,4000,7036
76561198807861778,94400,2157
76561198807861778,107410,187
76561198807861778,203160,726
76561198807861778,227940,130
76561198807861778,233450,7228
76561198807861778,236390,299
76561198807861778,255710,4977
76561198807861778,260410,11
76561198807861778,262410,84
76561198807861778,287980,360
76561198807861778,289070,1634
76561198807861778,298240,76
76561198807861778,301520,52
76561198807861778,310370,12
76561198807861778,312530,1161
76561198807861778,317400,335
76561198807861778,359550,29458
76561198807861778,365670,208
76561198807861778,434170,3442
76561198807861778,466240,144
76561198807861778,493340,7
76561198807861778,535520,125
76561198807861778,550650,26
76561198807861778,562590,7
76561198807861778,578080,5938
76561198807861778,588430,126
76561198807861778,623990,686
76561198807861778,670500,382
76561198807861778,674940,52
76561198807861778,677620,24
76561198807861778,684410,35
76561198807861778,698780,33
76561198807861778,700330,54
76561198807861778,732730,1949
76561198807861778,765410,5
76561198807861778,774351,19
76561198807861778,855010,17
76561198807861778,863550,325
76561198807861778,1164850,16
76561198807861778,1172470,167
76561198807861778,1172620,3795
76561198807861778,1182020,93
76561198807861778,1237970,671
76561198807861778,1238840,200
76561198807861778,1286830,7
76561198807861778,1966720,885
76561198807861778,2073850,56
76561198807861778,2881650,36
76561198807861778,3527290,37
76561198348540244,550,425
76561198348540244,620,2715
76561198348540244,730,54712
76561198348540244,6060,2198
76561198348540244,227940,1048
76561198348540244,236390,75903
76561198348540244,322330,904
76561198348540244,504370,264
76561198348540244,578080,14808
76561198348540244,2767030,66
76561198416904447,220,337
76561198416904447,320,7
76561198416904447,400,5
76561198416904447,440,49867
76561198416904447,620,149
76561198416904447,730,5439
76561198416904447,2280,16
76561198416904447,2290,2
76561198416904447,2300,82
76561198416904447,4000,1944
76561198416904447,99900,107
76561198416904447,104700,15
76561198416904447,225840,42
76561198416904447,250900,351
76561198416904447,291480,607
76561198416904447,291550,33
76561198416904447,292030,61
76561198416904447,301520,479
76561198416904447,304050,1812
76561198416904447,362890,190
76561198416904447,379720,377
76561198416904447,386360,46
76561198416904447,431960,74
76561198416904447,444640,204
76561198416904447,552990,10
76561198416904447,1172470,27
76561198416904447,1237320,966
76561198416904447,1583720,276
76561198416904447,1625450,185
76561198416904447,1782210,22
76561198416904447,1818750,370
76561198416904447,2012840,50
76561198416904447,2622380,9369
76561198416904447,2767030,6625
76561198416904447,3354750,94
76561198416904447,3405340,291
76561198416904447,3892270,361
76561199051858004,10,2705
76561199051858004,550,2590
76561199051858004,620,1205
76561199051858004,730,89406
76561199051858004,34270,14
76561199051858004,218620,1
76561199051858004,236390,18
76561199051858004,239140,771
76561199051858004,242760,205
76561199051858004,250900,202
76561199051858004,251570,127
76561199051858004,252490,3193
76561199051858004,304930,507
76561199051858004,394360,205
76561199051858004,438100,111
76561199051858004,578080,14
76561199051858004,632810,1541
76561199051858004,706990,10
76561199051858004,739630,3321
76561199051858004,745740,52
76561199051858004,945360,621
76561199051858004,1313140,565
76561199051858004,1326470,565
76561199051858004,1977530,24
76561199051858004,2709570,143
76561199051858004,2923300,31
76561199051858004,2955840,12
76561199051858004,3241660,660
76561199051858004,3478870,22
76561199051858004,3527290,530
